candidate_zone_id,boundary_class,raw_parent_status,old_sections,new_sections,old_parent_codes,new_parent_codes,old_known_population,new_known_population,symmetric_difference_ratio,review_status
2807901001,unchanged,stable_raw_parent_code_only,2807901001,2807901001,0101,0101,1115,1233,0.0,geometry_metrics_checked_parent_evidence_pending
2807901002,unchanged,stable_raw_parent_code_only,2807901002,2807901002,0101,0101,888,926,0.0,geometry_metrics_checked_parent_evidence_pending
Z-f80c988065e9,materially_redrawn,stable_raw_parent_code_only,2807901003|2807901004,2807901003|2807901004,0101,0101,2860,3351,2.16617515353953e-09,geometry_metrics_checked_parent_evidence_pending
2807901006,unchanged,stable_raw_parent_code_only,2807901006,2807901006,0101,0101,1666,1777,0.0,geometry_metrics_checked_parent_evidence_pending
2807901007,unchanged,stable_raw_parent_code_only,2807901007,2807901007,0101,0101,786,864,0.0,geometry_metrics_checked_parent_evidence_pending
2807901008,unchanged,stable_raw_parent_code_only,2807901008,2807901008,0101,0101,786,789,0.0,geometry_metrics_checked_parent_evidence_pending
2807901009,unchanged,stable_raw_parent_code_only,2807901009,2807901009,0101,0101,1250,1447,0.0,geometry_metrics_checked_parent_evidence_pending
2807901011,unchanged,stable_raw_parent_code_only,2807901011,2807901011,0101,0101,1045,1128,0.0,geometry_metrics_checked_parent_evidence_pending
2807901012,unchanged,stable_raw_parent_code_only,2807901012,2807901012,0101,0101,829,787,0.0,geometry_metrics_checked_parent_evidence_pending
2807901013,unchanged,stable_raw_parent_code_only,2807901013,2807901013,0101,0101,1110,1264,0.0,geometry_metrics_checked_parent_evidence_pending
2807901014,unchanged,stable_raw_parent_code_only,2807901014,2807901014,0101,0101,1336,1408,0.0,geometry_metrics_checked_parent_evidence_pending
2807901015,unchanged,stable_raw_parent_code_only,2807901015,2807901015,0101,0101,1606,1616,0.0,geometry_metrics_checked_parent_evidence_pending
2807901016,unchanged,stable_raw_parent_code_only,2807901016,2807901016,0101,0101,1025,1154,0.0,geometry_metrics_checked_parent_evidence_pending
2807901018,unchanged,stable_raw_parent_code_only,2807901018,2807901018,0101,0101,1736,1762,0.0,geometry_metrics_checked_parent_evidence_pending
2807901019,unchanged,stable_raw_parent_code_only,2807901019,2807901019,0101,0101,1198,1335,0.0,geometry_metrics_checked_parent_evidence_pending
2807901020,unchanged,stable_raw_parent_code_only,2807901020,2807901020,0101,0101,1177,1320,0.0,geometry_metrics_checked_parent_evidence_pending
2807901021,unchanged,stable_raw_parent_code_only,2807901021,2807901021,0101,0101,1810,1932,0.0,geometry_metrics_checked_parent_evidence_pending
2807901022,unchanged,stable_raw_parent_code_only,2807901022,2807901022,0102,0102,1182,1320,0.0,geometry_metrics_checked_parent_evidence_pending
2807901023,unchanged,stable_raw_parent_code_only,2807901023,2807901023,0102,0102,1436,1534,0.0,geometry_metrics_checked_parent_evidence_pending
2807901024,unchanged,stable_raw_parent_code_only,2807901024,2807901024,0102,0102,1242,1266,0.0,geometry_metrics_checked_parent_evidence_pending
2807901025,unchanged,stable_raw_parent_code_only,2807901025,2807901025,0102,0102,907,1099,0.0,geometry_metrics_checked_parent_evidence_pending
2807901026,unchanged,stable_raw_parent_code_only,2807901026,2807901026,0102,0102,1376,1594,0.0,geometry_metrics_checked_parent_evidence_pending
2807901027,unchanged,stable_raw_parent_code_only,2807901027,2807901027,0102,0102,1137,1280,0.0,geometry_metrics_checked_parent_evidence_pending
2807901028,unchanged,stable_raw_parent_code_only,2807901028,2807901028,0102,0102,1345,1712,0.0,geometry_metrics_checked_parent_evidence_pending
2807901029,unchanged,stable_raw_parent_code_only,2807901029,2807901029,0102,0102,1302,1447,0.0,geometry_metrics_checked_parent_evidence_pending
2807901030,unchanged,stable_raw_parent_code_only,2807901030,2807901030,0102,0102,980,1106,0.0,geometry_metrics_checked_parent_evidence_pending
2807901031,unchanged,stable_raw_parent_code_only,2807901031,2807901031,0102,0102,1131,1247,0.0,geometry_metrics_checked_parent_evidence_pending
2807901032,unchanged,stable_raw_parent_code_only,2807901032,2807901032,0102,0102,1792,2316,0.0,geometry_metrics_checked_parent_evidence_pending
2807901033,unchanged,stable_raw_parent_code_only,2807901033,2807901033,0102,0102,1210,1326,0.0,geometry_metrics_checked_parent_evidence_pending
2807901034,unchanged,stable_raw_parent_code_only,2807901034,2807901034,0102,0102,1582,1780,0.0,geometry_metrics_checked_parent_evidence_pending
2807901035,unchanged,stable_raw_parent_code_only,2807901035,2807901035,0102,0102,1543,1565,0.0,geometry_metrics_checked_parent_evidence_pending
2807901036,unchanged,stable_raw_parent_code_only,2807901036,2807901036,0102,0102,1124,1235,0.0,geometry_metrics_checked_parent_evidence_pending
2807901037,unchanged,stable_raw_parent_code_only,2807901037,2807901037,0102,0102,1130,1056,0.0,geometry_metrics_checked_parent_evidence_pending
2807901038,unchanged,stable_raw_parent_code_only,2807901038,2807901038,0102,0102,1156,1713,0.0,geometry_metrics_checked_parent_evidence_pending
2807901039,unchanged,stable_raw_parent_code_only,2807901039,2807901039,0102,0102,998,1092,0.0,geometry_metrics_checked_parent_evidence_pending
2807901040,unchanged,stable_raw_parent_code_only,2807901040,2807901040,0102,0102,795,894,0.0,geometry_metrics_checked_parent_evidence_pending
2807901041,unchanged,stable_raw_parent_code_only,2807901041,2807901041,0102,0102,1030,1086,0.0,geometry_metrics_checked_parent_evidence_pending
2807901042,unchanged,stable_raw_parent_code_only,2807901042,2807901042,0102,0102,1048,1116,0.0,geometry_metrics_checked_parent_evidence_pending
2807901043,unchanged,stable_raw_parent_code_only,2807901043,2807901043,0102,0102,1159,1271,0.0,geometry_metrics_checked_parent_evidence_pending
2807901045,unchanged,stable_raw_parent_code_only,2807901045,2807901045,0102,0102,1278,1417,0.0,geometry_metrics_checked_parent_evidence_pending
2807901046,unchanged,stable_raw_parent_code_only,2807901046,2807901046,0102,0102,1486,1620,0.0,geometry_metrics_checked_parent_evidence_pending
2807901047,unchanged,stable_raw_parent_code_only,2807901047,2807901047,0102,0102,2143,2421,0.0,geometry_metrics_checked_parent_evidence_pending
2807901048,unchanged,stable_raw_parent_code_only,2807901048,2807901048,0102,0102,1252,1312,0.0,geometry_metrics_checked_parent_evidence_pending
2807901049,unchanged,stable_raw_parent_code_only,2807901049,2807901049,0102,0102,1255,1434,0.0,geometry_metrics_checked_parent_evidence_pending
2807901050,unchanged,stable_raw_parent_code_only,2807901050,2807901050,0102,0102,1399,1459,0.0,geometry_metrics_checked_parent_evidence_pending
2807901051,unchanged,stable_raw_parent_code_only,2807901051,2807901051,0102,0102,1364,1653,0.0,geometry_metrics_checked_parent_evidence_pending
2807901053,unchanged,stable_raw_parent_code_only,2807901053,2807901053,0102,0102,1305,1436,0.0,geometry_metrics_checked_parent_evidence_pending
2807901054,unchanged,stable_raw_parent_code_only,2807901054,2807901054,0102,0102,909,962,0.0,geometry_metrics_checked_parent_evidence_pending
2807901055,unchanged,stable_raw_parent_code_only,2807901055,2807901055,0102,0102,1022,1103,0.0,geometry_metrics_checked_parent_evidence_pending
2807901056,unchanged,stable_raw_parent_code_only,2807901056,2807901056,0102,0102,839,983,0.0,geometry_metrics_checked_parent_evidence_pending
2807901057,unchanged,stable_raw_parent_code_only,2807901057,2807901057,0102,0102,1451,1469,0.0,geometry_metrics_checked_parent_evidence_pending
2807901058,unchanged,stable_raw_parent_code_only,2807901058,2807901058,0102,0102,696,780,0.0,geometry_metrics_checked_parent_evidence_pending
2807901059,unchanged,stable_raw_parent_code_only,2807901059,2807901059,0102,0102,1408,1632,0.0,geometry_metrics_checked_parent_evidence_pending
2807901061,unchanged,stable_raw_parent_code_only,2807901061,2807901061,0103,0103,771,888,0.0,geometry_metrics_checked_parent_evidence_pending
2807901062,unchanged,stable_raw_parent_code_only,2807901062,2807901062,0103,0103,992,991,0.0,geometry_metrics_checked_parent_evidence_pending
2807901063,unchanged,stable_raw_parent_code_only,2807901063,2807901063,0103,0103,746,800,0.0,geometry_metrics_checked_parent_evidence_pending
2807901064,unchanged,stable_raw_parent_code_only,2807901064,2807901064,0103,0103,739,807,0.0,geometry_metrics_checked_parent_evidence_pending
2807901065,unchanged,stable_raw_parent_code_only,2807901065,2807901065,0103,0103,783,826,0.0,geometry_metrics_checked_parent_evidence_pending
2807901066,unchanged,stable_raw_parent_code_only,2807901066,2807901066,0103,0103,1473,1356,0.0,geometry_metrics_checked_parent_evidence_pending
2807901067,unchanged,stable_raw_parent_code_only,2807901067,2807901067,0103,0103,1071,1267,0.0,geometry_metrics_checked_parent_evidence_pending
2807901068,unchanged,stable_raw_parent_code_only,2807901068,2807901068,0103,0103,830,863,0.0,geometry_metrics_checked_parent_evidence_pending
2807901069,unchanged,stable_raw_parent_code_only,2807901069,2807901069,0103,0103,920,1034,0.0,geometry_metrics_checked_parent_evidence_pending
2807901071,unchanged,stable_raw_parent_code_only,2807901071,2807901071,0103,0103,715,805,0.0,geometry_metrics_checked_parent_evidence_pending
2807901072,unchanged,stable_raw_parent_code_only,2807901072,2807901072,0103,0103,1493,1567,0.0,geometry_metrics_checked_parent_evidence_pending
2807901073,unchanged,stable_raw_parent_code_only,2807901073,2807901073,0104,0104,1415,1804,0.0,geometry_metrics_checked_parent_evidence_pending
2807901074,unchanged,stable_raw_parent_code_only,2807901074,2807901074,0104,0104,1445,1760,0.0,geometry_metrics_checked_parent_evidence_pending
2807901075,unchanged,stable_raw_parent_code_only,2807901075,2807901075,0104,0104,1324,1509,0.0,geometry_metrics_checked_parent_evidence_pending
2807901076,unchanged,stable_raw_parent_code_only,2807901076,2807901076,0104,0104,1312,1488,0.0,geometry_metrics_checked_parent_evidence_pending
2807901077,unchanged,stable_raw_parent_code_only,2807901077,2807901077,0104,0104,1187,1322,0.0,geometry_metrics_checked_parent_evidence_pending
2807901079,unchanged,stable_raw_parent_code_only,2807901079,2807901079,0104,0104,1384,1605,0.0,geometry_metrics_checked_parent_evidence_pending
2807901081,unchanged,stable_raw_parent_code_only,2807901081,2807901081,0104,0104,1554,1628,0.0,geometry_metrics_checked_parent_evidence_pending
2807901082,unchanged,stable_raw_parent_code_only,2807901082,2807901082,0104,0104,1550,1877,0.0,geometry_metrics_checked_parent_evidence_pending
2807901084,unchanged,stable_raw_parent_code_only,2807901084,2807901084,0104,0104,1367,1608,0.0,geometry_metrics_checked_parent_evidence_pending
2807901087,unchanged,stable_raw_parent_code_only,2807901087,2807901087,0104,0104,1227,1477,0.0,geometry_metrics_checked_parent_evidence_pending
2807901088,unchanged,stable_raw_parent_code_only,2807901088,2807901088,0104,0104,1034,1344,0.0,geometry_metrics_checked_parent_evidence_pending
2807901089,unchanged,stable_raw_parent_code_only,2807901089,2807901089,0104,0104,1432,1565,0.0,geometry_metrics_checked_parent_evidence_pending
2807901090,unchanged,stable_raw_parent_code_only,2807901090,2807901090,0105,0105,782,916,0.0,geometry_metrics_checked_parent_evidence_pending
2807901091,unchanged,stable_raw_parent_code_only,2807901091,2807901091,0105,0105,1070,1075,0.0,geometry_metrics_checked_parent_evidence_pending
2807901092,unchanged,stable_raw_parent_code_only,2807901092,2807901092,0105,0105,709,833,0.0,geometry_metrics_checked_parent_evidence_pending
2807901093,unchanged,stable_raw_parent_code_only,2807901093,2807901093,0105,0105,1380,1614,0.0,geometry_metrics_checked_parent_evidence_pending
2807901094,unchanged,stable_raw_parent_code_only,2807901094,2807901094,0105,0105,1369,1648,0.0,geometry_metrics_checked_parent_evidence_pending
2807901095,unchanged,stable_raw_parent_code_only,2807901095,2807901095,0105,0105,1468,1536,0.0,geometry_metrics_checked_parent_evidence_pending
2807901096,unchanged,stable_raw_parent_code_only,2807901096,2807901096,0105,0105,1074,1144,0.0,geometry_metrics_checked_parent_evidence_pending
2807901097,unchanged,stable_raw_parent_code_only,2807901097,2807901097,0105,0105,1411,1474,0.0,geometry_metrics_checked_parent_evidence_pending
2807901098,unchanged,stable_raw_parent_code_only,2807901098,2807901098,0105,0105,1193,1250,0.0,geometry_metrics_checked_parent_evidence_pending
2807901099,unchanged,stable_raw_parent_code_only,2807901099,2807901099,0105,0105,1180,1402,0.0,geometry_metrics_checked_parent_evidence_pending
2807901100,unchanged,stable_raw_parent_code_only,2807901100,2807901100,0105,0105,1127,1247,0.0,geometry_metrics_checked_parent_evidence_pending
2807901101,unchanged,stable_raw_parent_code_only,2807901101,2807901101,0105,0105,1204,1334,0.0,geometry_metrics_checked_parent_evidence_pending
2807901102,unchanged,stable_raw_parent_code_only,2807901102,2807901102,0105,0105,1176,1280,0.0,geometry_metrics_checked_parent_evidence_pending
2807901103,unchanged,stable_raw_parent_code_only,2807901103,2807901103,0105,0105,1262,1440,0.0,geometry_metrics_checked_parent_evidence_pending
2807901104,unchanged,stable_raw_parent_code_only,2807901104,2807901104,0105,0105,1143,1284,0.0,geometry_metrics_checked_parent_evidence_pending
2807901105,unchanged,stable_raw_parent_code_only,2807901105,2807901105,0105,0105,1101,1337,0.0,geometry_metrics_checked_parent_evidence_pending
2807901106,unchanged,stable_raw_parent_code_only,2807901106,2807901106,0105,0105,1095,1200,0.0,geometry_metrics_checked_parent_evidence_pending
2807901107,unchanged,stable_raw_parent_code_only,2807901107,2807901107,0105,0105,1084,1236,0.0,geometry_metrics_checked_parent_evidence_pending
2807901108,unchanged,stable_raw_parent_code_only,2807901108,2807901108,0105,0105,1268,1456,0.0,geometry_metrics_checked_parent_evidence_pending
2807901109,unchanged,stable_raw_parent_code_only,2807901109,2807901109,0105,0105,890,988,0.0,geometry_metrics_checked_parent_evidence_pending
2807901110,unchanged,stable_raw_parent_code_only,2807901110,2807901110,0105,0105,888,897,0.0,geometry_metrics_checked_parent_evidence_pending
2807901111,unchanged,stable_raw_parent_code_only,2807901111,2807901111,0105,0105,912,1017,0.0,geometry_metrics_checked_parent_evidence_pending
2807901112,unchanged,stable_raw_parent_code_only,2807901112,2807901112,0105,0105,980,1238,0.0,geometry_metrics_checked_parent_evidence_pending
2807901113,unchanged,stable_raw_parent_code_only,2807901113,2807901113,0105,0105,1137,1161,0.0,geometry_metrics_checked_parent_evidence_pending
2807901114,unchanged,stable_raw_parent_code_only,2807901114,2807901114,0105,0105,1530,1720,0.0,geometry_metrics_checked_parent_evidence_pending
2807901115,unchanged,stable_raw_parent_code_only,2807901115,2807901115,0105,0105,1006,1098,0.0,geometry_metrics_checked_parent_evidence_pending
2807901116,unchanged,stable_raw_parent_code_only,2807901116,2807901116,0105,0105,1351,1557,0.0,geometry_metrics_checked_parent_evidence_pending
Z-47ca8ec0e9f3,materially_redrawn,stable_raw_parent_code_only,2807901117|2807901120|2807901123|2807901124,2807901117|2807901120|2807901123,0106,0106,3883,4328,5.155590553521556e-10,geometry_metrics_checked_parent_evidence_pending
2807901118,unchanged,stable_raw_parent_code_only,2807901118,2807901118,0106,0106,834,950,0.0,geometry_metrics_checked_parent_evidence_pending
2807901119,unchanged,stable_raw_parent_code_only,2807901119,2807901119,0106,0106,1088,1330,0.0,geometry_metrics_checked_parent_evidence_pending
2807901121,unchanged,stable_raw_parent_code_only,2807901121,2807901121,0106,0106,1573,2003,0.0,geometry_metrics_checked_parent_evidence_pending
2807902001,unchanged,stable_raw_parent_code_only,2807902001,2807902001,0201,0201,1095,1179,0.0,geometry_metrics_checked_parent_evidence_pending
2807902002,unchanged,stable_raw_parent_code_only,2807902002,2807902002,0201,0201,1437,1520,0.0,geometry_metrics_checked_parent_evidence_pending
2807902003,unchanged,stable_raw_parent_code_only,2807902003,2807902003,0201,0201,1180,1193,0.0,geometry_metrics_checked_parent_evidence_pending
2807902004,unchanged,stable_raw_parent_code_only,2807902004,2807902004,0201,0201,1003,1033,0.0,geometry_metrics_checked_parent_evidence_pending
2807902005,unchanged,stable_raw_parent_code_only,2807902005,2807902005,0201,0201,760,789,0.0,geometry_metrics_checked_parent_evidence_pending
2807902006,unchanged,stable_raw_parent_code_only,2807902006,2807902006,0201,0201,2206,2108,0.0,geometry_metrics_checked_parent_evidence_pending
2807902007,unchanged,stable_raw_parent_code_only,2807902007,2807902007,0201,0201,752,767,0.0,geometry_metrics_checked_parent_evidence_pending
2807902008,unchanged,stable_raw_parent_code_only,2807902008,2807902008,0201,0201,1669,1641,0.0,geometry_metrics_checked_parent_evidence_pending
2807902009,unchanged,stable_raw_parent_code_only,2807902009,2807902009,0201,0201,2027,1984,0.0,geometry_metrics_checked_parent_evidence_pending
2807902010,unchanged,stable_raw_parent_code_only,2807902010,2807902010,0201,0201,1042,1105,0.0,geometry_metrics_checked_parent_evidence_pending
2807902011,unchanged,stable_raw_parent_code_only,2807902011,2807902011,0201,0201,1205,1560,0.0,geometry_metrics_checked_parent_evidence_pending
2807902013,unchanged,stable_raw_parent_code_only,2807902013,2807902013,0201,0201,1199,1152,0.0,geometry_metrics_checked_parent_evidence_pending
2807902014,unchanged,stable_raw_parent_code_only,2807902014,2807902014,0201,0201,1080,1183,0.0,geometry_metrics_checked_parent_evidence_pending
2807902015,unchanged,stable_raw_parent_code_only,2807902015,2807902015,0202,0202,1614,1595,0.0,geometry_metrics_checked_parent_evidence_pending
2807902016,unchanged,stable_raw_parent_code_only,2807902016,2807902016,0202,0202,1789,2009,0.0,geometry_metrics_checked_parent_evidence_pending
2807902017,unchanged,stable_raw_parent_code_only,2807902017,2807902017,0202,0202,1829,1779,0.0,geometry_metrics_checked_parent_evidence_pending
2807902018,unchanged,stable_raw_parent_code_only,2807902018,2807902018,0202,0202,2175,2082,0.0,geometry_metrics_checked_parent_evidence_pending
2807902019,unchanged,stable_raw_parent_code_only,2807902019,2807902019,0202,0202,1520,1400,0.0,geometry_metrics_checked_parent_evidence_pending
2807902020,unchanged,stable_raw_parent_code_only,2807902020,2807902020,0202,0202,1092,1124,0.0,geometry_metrics_checked_parent_evidence_pending
2807902021,unchanged,stable_raw_parent_code_only,2807902021,2807902021,0202,0202,1136,1118,0.0,geometry_metrics_checked_parent_evidence_pending
2807902022,unchanged,stable_raw_parent_code_only,2807902022,2807902022,0202,0202,1006,1083,0.0,geometry_metrics_checked_parent_evidence_pending
2807902023,unchanged,stable_raw_parent_code_only,2807902023,2807902023,0202,0202,1231,1240,0.0,geometry_metrics_checked_parent_evidence_pending
2807902024,unchanged,stable_raw_parent_code_only,2807902024,2807902024,0202,0202,1684,1720,0.0,geometry_metrics_checked_parent_evidence_pending
2807902025,unchanged,stable_raw_parent_code_only,2807902025,2807902025,0202,0202,778,854,0.0,geometry_metrics_checked_parent_evidence_pending
2807902026,unchanged,stable_raw_parent_code_only,2807902026,2807902026,0202,0202,1300,1327,0.0,geometry_metrics_checked_parent_evidence_pending
2807902027,unchanged,stable_raw_parent_code_only,2807902027,2807902027,0202,0202,957,963,0.0,geometry_metrics_checked_parent_evidence_pending
2807902028,unchanged,stable_raw_parent_code_only,2807902028,2807902028,0202,0202,847,1000,0.0,geometry_metrics_checked_parent_evidence_pending
2807902029,unchanged,stable_raw_parent_code_only,2807902029,2807902029,0202,0202,708,786,0.0,geometry_metrics_checked_parent_evidence_pending
2807902030,unchanged,stable_raw_parent_code_only,2807902030,2807902030,0202,0202,1319,1319,0.0,geometry_metrics_checked_parent_evidence_pending
2807902031,unchanged,stable_raw_parent_code_only,2807902031,2807902031,0202,0202,1145,1101,0.0,geometry_metrics_checked_parent_evidence_pending
2807902032,unchanged,stable_raw_parent_code_only,2807902032,2807902032,0203,0203,664,650,0.0,geometry_metrics_checked_parent_evidence_pending
2807902033,unchanged,stable_raw_parent_code_only,2807902033,2807902033,0203,0203,1248,1245,0.0,geometry_metrics_checked_parent_evidence_pending
2807902034,unchanged,stable_raw_parent_code_only,2807902034,2807902034,0203,0203,860,926,0.0,geometry_metrics_checked_parent_evidence_pending
2807902035,unchanged,stable_raw_parent_code_only,2807902035,2807902035,0203,0203,984,1025,0.0,geometry_metrics_checked_parent_evidence_pending
2807902036,unchanged,stable_raw_parent_code_only,2807902036,2807902036,0203,0203,959,952,0.0,geometry_metrics_checked_parent_evidence_pending
2807902037,unchanged,stable_raw_parent_code_only,2807902037,2807902037,0203,0203,1209,1289,0.0,geometry_metrics_checked_parent_evidence_pending
2807902038,unchanged,stable_raw_parent_code_only,2807902038,2807902038,0203,0203,1028,1085,0.0,geometry_metrics_checked_parent_evidence_pending
2807902039,unchanged,stable_raw_parent_code_only,2807902039,2807902039,0203,0203,695,763,0.0,geometry_metrics_checked_parent_evidence_pending
2807902040,unchanged,stable_raw_parent_code_only,2807902040,2807902040,0203,0203,1720,1766,0.0,geometry_metrics_checked_parent_evidence_pending
2807902041,unchanged,stable_raw_parent_code_only,2807902041,2807902041,0203,0203,1947,2091,0.0,geometry_metrics_checked_parent_evidence_pending
2807902042,unchanged,stable_raw_parent_code_only,2807902042,2807902042,0203,0203,1775,1855,0.0,geometry_metrics_checked_parent_evidence_pending
2807902043,unchanged,stable_raw_parent_code_only,2807902043,2807902043,0203,0203,1032,995,0.0,geometry_metrics_checked_parent_evidence_pending
2807902044,unchanged,stable_raw_parent_code_only,2807902044,2807902044,0203,0203,1680,1857,0.0,geometry_metrics_checked_parent_evidence_pending
2807902045,unchanged,stable_raw_parent_code_only,2807902045,2807902045,0203,0203,1104,1151,0.0,geometry_metrics_checked_parent_evidence_pending
2807902046,unchanged,stable_raw_parent_code_only,2807902046,2807902046,0203,0203,1437,1359,0.0,geometry_metrics_checked_parent_evidence_pending
2807902047,unchanged,stable_raw_parent_code_only,2807902047,2807902047,0203,0203,1567,1671,0.0,geometry_metrics_checked_parent_evidence_pending
2807902048,unchanged,stable_raw_parent_code_only,2807902048,2807902048,0204,0204,1165,1252,0.0,geometry_metrics_checked_parent_evidence_pending
2807902049,unchanged,stable_raw_parent_code_only,2807902049,2807902049,0204,0204,1689,1687,3.8892239395314494e-08,geometry_metrics_checked_parent_evidence_pending
2807902050,unchanged,stable_raw_parent_code_only,2807902050,2807902050,0205,0205,1600,1674,0.0,geometry_metrics_checked_parent_evidence_pending
2807902051,unchanged,stable_raw_parent_code_only,2807902051,2807902051,0205,0205,1730,2066,6.201042540402597e-08,geometry_metrics_checked_parent_evidence_pending
2807902052,unchanged,stable_raw_parent_code_only,2807902052,2807902052,0205,0205,1461,1735,0.0,geometry_metrics_checked_parent_evidence_pending
2807902053,unchanged,stable_raw_parent_code_only,2807902053,2807902053,0205,0205,1648,1705,0.0,geometry_metrics_checked_parent_evidence_pending
2807902054,unchanged,stable_raw_parent_code_only,2807902054,2807902054,0205,0205,1170,1187,0.0,geometry_metrics_checked_parent_evidence_pending
2807902055,unchanged,stable_raw_parent_code_only,2807902055,2807902055,0205,0205,1168,1267,0.0,geometry_metrics_checked_parent_evidence_pending
2807902056,unchanged,stable_raw_parent_code_only,2807902056,2807902056,0205,0205,1047,1102,0.0,geometry_metrics_checked_parent_evidence_pending
2807902057,unchanged,stable_raw_parent_code_only,2807902057,2807902057,0205,0205,1444,1601,0.0,geometry_metrics_checked_parent_evidence_pending
2807902058,unchanged,stable_raw_parent_code_only,2807902058,2807902058,0205,0205,1555,1648,0.0,geometry_metrics_checked_parent_evidence_pending
2807902059,unchanged,stable_raw_parent_code_only,2807902059,2807902059,0205,0205,722,728,0.0,geometry_metrics_checked_parent_evidence_pending
2807902060,unchanged,stable_raw_parent_code_only,2807902060,2807902060,0205,0205,1245,1415,0.0,geometry_metrics_checked_parent_evidence_pending
2807902061,unchanged,stable_raw_parent_code_only,2807902061,2807902061,0205,0205,839,890,0.0,geometry_metrics_checked_parent_evidence_pending
2807902062,unchanged,stable_raw_parent_code_only,2807902062,2807902062,0205,0205,1035,1068,0.0,geometry_metrics_checked_parent_evidence_pending
2807902063,unchanged,stable_raw_parent_code_only,2807902063,2807902063,0205,0205,1535,1743,0.0,geometry_metrics_checked_parent_evidence_pending
2807902064,unchanged,stable_raw_parent_code_only,2807902064,2807902064,0206,0206,1673,1749,0.0,geometry_metrics_checked_parent_evidence_pending
2807902065,unchanged,stable_raw_parent_code_only,2807902065,2807902065,0206,0206,1598,1555,0.0,geometry_metrics_checked_parent_evidence_pending
2807902066,unchanged,stable_raw_parent_code_only,2807902066,2807902066,0206,0206,2562,2493,0.0,geometry_metrics_checked_parent_evidence_pending
2807902067,unchanged,stable_raw_parent_code_only,2807902067,2807902067,0206,0206,1407,1520,0.0,geometry_metrics_checked_parent_evidence_pending
2807902068,unchanged,stable_raw_parent_code_only,2807902068,2807902068,0206,0206,1259,1153,0.0,geometry_metrics_checked_parent_evidence_pending
2807902069,unchanged,stable_raw_parent_code_only,2807902069,2807902069,0206,0206,843,917,0.0,geometry_metrics_checked_parent_evidence_pending
2807902070,unchanged,stable_raw_parent_code_only,2807902070,2807902070,0206,0206,1365,1380,0.0,geometry_metrics_checked_parent_evidence_pending
2807902071,unchanged,stable_raw_parent_code_only,2807902071,2807902071,0206,0206,1421,1429,0.0,geometry_metrics_checked_parent_evidence_pending
2807902072,unchanged,stable_raw_parent_code_only,2807902072,2807902072,0206,0206,1556,1658,0.0,geometry_metrics_checked_parent_evidence_pending
2807902073,unchanged,stable_raw_parent_code_only,2807902073,2807902073,0206,0206,1659,1807,0.0,geometry_metrics_checked_parent_evidence_pending
2807902074,unchanged,stable_raw_parent_code_only,2807902074,2807902074,0206,0206,1815,1804,0.0,geometry_metrics_checked_parent_evidence_pending
2807902075,unchanged,stable_raw_parent_code_only,2807902075,2807902075,0206,0206,2004,1987,0.0,geometry_metrics_checked_parent_evidence_pending
2807902077,unchanged,stable_raw_parent_code_only,2807902077,2807902077,0206,0206,1150,1188,0.0,geometry_metrics_checked_parent_evidence_pending
2807902078,unchanged,stable_raw_parent_code_only,2807902078,2807902078,0206,0206,832,882,0.0,geometry_metrics_checked_parent_evidence_pending
2807902079,unchanged,stable_raw_parent_code_only,2807902079,2807902079,0206,0206,1235,1249,0.0,geometry_metrics_checked_parent_evidence_pending
2807902080,unchanged,stable_raw_parent_code_only,2807902080,2807902080,0206,0206,910,972,0.0,geometry_metrics_checked_parent_evidence_pending
2807902081,unchanged,stable_raw_parent_code_only,2807902081,2807902081,0206,0206,1103,1192,0.0,geometry_metrics_checked_parent_evidence_pending
2807902082,unchanged,stable_raw_parent_code_only,2807902082,2807902082,0206,0206,1245,1247,0.0,geometry_metrics_checked_parent_evidence_pending
2807902083,unchanged,stable_raw_parent_code_only,2807902083,2807902083,0207,0207,1093,2211,0.0,geometry_metrics_checked_parent_evidence_pending
2807902085,unchanged,stable_raw_parent_code_only,2807902085,2807902085,0202,0202,1300,1207,0.0,geometry_metrics_checked_parent_evidence_pending
2807902086,unchanged,stable_raw_parent_code_only,2807902086,2807902086,0202,0202,1297,1293,0.0,geometry_metrics_checked_parent_evidence_pending
2807902087,unchanged,stable_raw_parent_code_only,2807902087,2807902087,0202,0202,2172,2169,0.0,geometry_metrics_checked_parent_evidence_pending
2807902088,unchanged,stable_raw_parent_code_only,2807902088,2807902088,0202,0202,699,697,0.0,geometry_metrics_checked_parent_evidence_pending
2807902089,unchanged,stable_raw_parent_code_only,2807902089,2807902089,0201,0201,1133,1045,0.0,geometry_metrics_checked_parent_evidence_pending
2807902090,unchanged,stable_raw_parent_code_only,2807902090,2807902090,0201,0201,1909,1791,0.0,geometry_metrics_checked_parent_evidence_pending
2807902091,unchanged,stable_raw_parent_code_only,2807902091,2807902091,0202,0202,1208,1131,0.0,geometry_metrics_checked_parent_evidence_pending
2807902092,unchanged,stable_raw_parent_code_only,2807902092,2807902092,0202,0202,1899,1873,0.0,geometry_metrics_checked_parent_evidence_pending
2807902093,unchanged,stable_raw_parent_code_only,2807902093,2807902093,0204,0204,1551,1480,0.0,geometry_metrics_checked_parent_evidence_pending
2807902094,unchanged,stable_raw_parent_code_only,2807902094,2807902094,0202,0202,1779,1694,0.0,geometry_metrics_checked_parent_evidence_pending
2807902095,unchanged,stable_raw_parent_code_only,2807902095,2807902095,0201,0201,1651,1754,0.0,geometry_metrics_checked_parent_evidence_pending
2807902096,unchanged,stable_raw_parent_code_only,2807902096,2807902096,0202,0202,1720,1710,0.0,geometry_metrics_checked_parent_evidence_pending
Z-b712ed2e97f6,split,stable_raw_parent_code_only,2807902097,2807902097|2807902112,0205,0205,2672,2647,1.42882451275014e-07,geometry_metrics_checked_parent_evidence_pending
2807902098,unchanged,stable_raw_parent_code_only,2807902098,2807902098,0205,0205,1195,1440,0.0,geometry_metrics_checked_parent_evidence_pending
Z-5b0ba987bad4,split,stable_raw_parent_code_only,2807902099,2807902099|2807902111,0204,0204,2726,3559,4.0190740719055866e-08,geometry_metrics_checked_parent_evidence_pending
2807902100,unchanged,stable_raw_parent_code_only,2807902100,2807902100,0204,0204,1387,1834,0.0,geometry_metrics_checked_parent_evidence_pending
2807902101,unchanged,stable_raw_parent_code_only,2807902101,2807902101,0204,0204,1452,1592,3.858156674034833e-09,geometry_metrics_checked_parent_evidence_pending
2807902102,unchanged,stable_raw_parent_code_only,2807902102,2807902102,0204,0204,1732,1722,0.0,geometry_metrics_checked_parent_evidence_pending
2807902103,unchanged,stable_raw_parent_code_only,2807902103,2807902103,0204,0204,2213,2617,5.739897079553243e-10,geometry_metrics_checked_parent_evidence_pending
Z-191baaed04f2,split,stable_raw_parent_code_only,2807902104,2807902104|2807902114,0204,0204,2448,2658,4.7511215877706644e-08,geometry_metrics_checked_parent_evidence_pending
Z-cb4433568db6,split,stable_raw_parent_code_only,2807902105,2807902105|2807902113,0205,0205,2285,3509,6.069342227594542e-08,geometry_metrics_checked_parent_evidence_pending
2807902106,unchanged,stable_raw_parent_code_only,2807902106,2807902106,0205,0205,2296,2328,1.1379819868700994e-07,geometry_metrics_checked_parent_evidence_pending
2807902107,unchanged,stable_raw_parent_code_only,2807902107,2807902107,0201,0201,1314,1900,0.0,geometry_metrics_checked_parent_evidence_pending
2807902108,unchanged,stable_raw_parent_code_only,2807902108,2807902108,0202,0202,969,983,0.0,geometry_metrics_checked_parent_evidence_pending
2807902109,unchanged,stable_raw_parent_code_only,2807902109,2807902109,0202,0202,1447,1389,0.0,geometry_metrics_checked_parent_evidence_pending
2807902110,unchanged,stable_raw_parent_code_only,2807902110,2807902110,0204,0204,1536,1649,0.0,geometry_metrics_checked_parent_evidence_pending
2807903001,unchanged,stable_raw_parent_code_only,2807903001,2807903001,0301,0301,1735,1666,0.0,geometry_metrics_checked_parent_evidence_pending
2807903002,unchanged,stable_raw_parent_code_only,2807903002,2807903002,0301,0301,969,961,0.0,geometry_metrics_checked_parent_evidence_pending
2807903003,unchanged,stable_raw_parent_code_only,2807903003,2807903003,0301,0301,927,912,0.0,geometry_metrics_checked_parent_evidence_pending
2807903004,unchanged,stable_raw_parent_code_only,2807903004,2807903004,0301,0301,1088,1064,0.0,geometry_metrics_checked_parent_evidence_pending
2807903005,unchanged,stable_raw_parent_code_only,2807903005,2807903005,0301,0301,712,749,0.0,geometry_metrics_checked_parent_evidence_pending
2807903006,unchanged,stable_raw_parent_code_only,2807903006,2807903006,0301,0301,2149,1989,0.0,geometry_metrics_checked_parent_evidence_pending
2807903007,unchanged,stable_raw_parent_code_only,2807903007,2807903007,0301,0301,892,1037,0.0,geometry_metrics_checked_parent_evidence_pending
2807903008,unchanged,stable_raw_parent_code_only,2807903008,2807903008,0301,0301,1097,1111,0.0,geometry_metrics_checked_parent_evidence_pending
2807903009,unchanged,stable_raw_parent_code_only,2807903009,2807903009,0301,0301,991,1053,0.0,geometry_metrics_checked_parent_evidence_pending
2807903010,unchanged,stable_raw_parent_code_only,2807903010,2807903010,0301,0301,1022,1044,0.0,geometry_metrics_checked_parent_evidence_pending
2807903011,unchanged,stable_raw_parent_code_only,2807903011,2807903011,0301,0301,1068,1032,0.0,geometry_metrics_checked_parent_evidence_pending
2807903012,unchanged,stable_raw_parent_code_only,2807903012,2807903012,0301,0301,1015,1032,0.0,geometry_metrics_checked_parent_evidence_pending
2807903013,unchanged,stable_raw_parent_code_only,2807903013,2807903013,0301,0301,1036,1088,0.0,geometry_metrics_checked_parent_evidence_pending
2807903014,unchanged,stable_raw_parent_code_only,2807903014,2807903014,0301,0301,1271,1302,0.0,geometry_metrics_checked_parent_evidence_pending
2807903015,unchanged,stable_raw_parent_code_only,2807903015,2807903015,0301,0301,1047,1096,0.0,geometry_metrics_checked_parent_evidence_pending
2807903016,unchanged,stable_raw_parent_code_only,2807903016,2807903016,0301,0301,792,824,0.0,geometry_metrics_checked_parent_evidence_pending
2807903017,unchanged,stable_raw_parent_code_only,2807903017,2807903017,0301,0301,1222,1254,0.0,geometry_metrics_checked_parent_evidence_pending
2807903018,unchanged,stable_raw_parent_code_only,2807903018,2807903018,0301,0301,1865,1918,0.0,geometry_metrics_checked_parent_evidence_pending
2807903019,unchanged,stable_raw_parent_code_only,2807903019,2807903019,0301,0301,1927,1832,0.0,geometry_metrics_checked_parent_evidence_pending
2807903020,unchanged,stable_raw_parent_code_only,2807903020,2807903020,0301,0301,1293,1461,0.0,geometry_metrics_checked_parent_evidence_pending
2807903021,unchanged,stable_raw_parent_code_only,2807903021,2807903021,0301,0301,1673,2103,0.0,geometry_metrics_checked_parent_evidence_pending
2807903022,unchanged,stable_raw_parent_code_only,2807903022,2807903022,0301,0301,1112,1105,0.0,geometry_metrics_checked_parent_evidence_pending
2807903023,unchanged,stable_raw_parent_code_only,2807903023,2807903023,0301,0301,954,972,0.0,geometry_metrics_checked_parent_evidence_pending
2807903024,unchanged,stable_raw_parent_code_only,2807903024,2807903024,0302,0302,1218,1209,3.282166163022606e-09,geometry_metrics_checked_parent_evidence_pending
Z-70e29694dedc,split,stable_raw_parent_code_only,2807903025,2807903025|2807903101,0302,0302,2036,2852,6.52316033927859e-09,geometry_metrics_checked_parent_evidence_pending
2807903026,unchanged,stable_raw_parent_code_only,2807903026,2807903026,0302,0302,1727,1802,0.0,geometry_metrics_checked_parent_evidence_pending
2807903027,unchanged,stable_raw_parent_code_only,2807903027,2807903027,0302,0302,1223,1299,0.0,geometry_metrics_checked_parent_evidence_pending
2807903028,unchanged,stable_raw_parent_code_only,2807903028,2807903028,0302,0302,1452,1521,0.0,geometry_metrics_checked_parent_evidence_pending
2807903029,unchanged,stable_raw_parent_code_only,2807903029,2807903029,0302,0302,1486,1624,0.0,geometry_metrics_checked_parent_evidence_pending
2807903030,unchanged,stable_raw_parent_code_only,2807903030,2807903030,0302,0302,802,794,0.0,geometry_metrics_checked_parent_evidence_pending
2807903031,unchanged,stable_raw_parent_code_only,2807903031,2807903031,0303,0303,1138,1156,0.0,geometry_metrics_checked_parent_evidence_pending
2807903032,unchanged,stable_raw_parent_code_only,2807903032,2807903032,0303,0303,1063,1158,0.0,geometry_metrics_checked_parent_evidence_pending
2807903033,unchanged,stable_raw_parent_code_only,2807903033,2807903033,0303,0303,1563,1493,0.0,geometry_metrics_checked_parent_evidence_pending
2807903034,unchanged,stable_raw_parent_code_only,2807903034,2807903034,0303,0303,1458,1421,0.0,geometry_metrics_checked_parent_evidence_pending
2807903035,unchanged,stable_raw_parent_code_only,2807903035,2807903035,0303,0303,1102,1144,0.0,geometry_metrics_checked_parent_evidence_pending
2807903036,unchanged,stable_raw_parent_code_only,2807903036,2807903036,0303,0303,952,906,0.0,geometry_metrics_checked_parent_evidence_pending
2807903037,unchanged,stable_raw_parent_code_only,2807903037,2807903037,0303,0303,1412,1309,0.0,geometry_metrics_checked_parent_evidence_pending
2807903038,unchanged,stable_raw_parent_code_only,2807903038,2807903038,0303,0303,1116,1009,0.0,geometry_metrics_checked_parent_evidence_pending
2807903039,unchanged,stable_raw_parent_code_only,2807903039,2807903039,0303,0303,876,852,0.0,geometry_metrics_checked_parent_evidence_pending
2807903040,unchanged,stable_raw_parent_code_only,2807903040,2807903040,0303,0303,777,790,0.0,geometry_metrics_checked_parent_evidence_pending
2807903041,unchanged,stable_raw_parent_code_only,2807903041,2807903041,0303,0303,1192,1171,0.0,geometry_metrics_checked_parent_evidence_pending
2807903042,unchanged,stable_raw_parent_code_only,2807903042,2807903042,0303,0303,1110,1132,0.0,geometry_metrics_checked_parent_evidence_pending
2807903044,unchanged,stable_raw_parent_code_only,2807903044,2807903044,0303,0303,1066,1192,0.0,geometry_metrics_checked_parent_evidence_pending
2807903045,unchanged,stable_raw_parent_code_only,2807903045,2807903045,0303,0303,1071,1019,0.0,geometry_metrics_checked_parent_evidence_pending
2807903046,unchanged,stable_raw_parent_code_only,2807903046,2807903046,0303,0303,916,912,0.0,geometry_metrics_checked_parent_evidence_pending
2807903047,unchanged,stable_raw_parent_code_only,2807903047,2807903047,0303,0303,1592,1708,0.0,geometry_metrics_checked_parent_evidence_pending
2807903048,unchanged,stable_raw_parent_code_only,2807903048,2807903048,0304,0304,1171,1177,0.0,geometry_metrics_checked_parent_evidence_pending
2807903049,unchanged,stable_raw_parent_code_only,2807903049,2807903049,0304,0304,1830,1834,0.0,geometry_metrics_checked_parent_evidence_pending
2807903050,unchanged,stable_raw_parent_code_only,2807903050,2807903050,0304,0304,1391,1424,0.0,geometry_metrics_checked_parent_evidence_pending
2807903051,unchanged,stable_raw_parent_code_only,2807903051,2807903051,0304,0304,1168,1089,0.0,geometry_metrics_checked_parent_evidence_pending
2807903052,unchanged,stable_raw_parent_code_only,2807903052,2807903052,0304,0304,940,971,0.0,geometry_metrics_checked_parent_evidence_pending
2807903053,unchanged,stable_raw_parent_code_only,2807903053,2807903053,0304,0304,1383,1490,0.0,geometry_metrics_checked_parent_evidence_pending
2807903054,unchanged,stable_raw_parent_code_only,2807903054,2807903054,0304,0304,1308,1301,0.0,geometry_metrics_checked_parent_evidence_pending
2807903055,unchanged,stable_raw_parent_code_only,2807903055,2807903055,0304,0304,960,1019,0.0,geometry_metrics_checked_parent_evidence_pending
2807903056,unchanged,stable_raw_parent_code_only,2807903056,2807903056,0304,0304,1106,1149,0.0,geometry_metrics_checked_parent_evidence_pending
2807903057,unchanged,stable_raw_parent_code_only,2807903057,2807903057,0304,0304,1039,1146,0.0,geometry_metrics_checked_parent_evidence_pending
2807903058,unchanged,stable_raw_parent_code_only,2807903058,2807903058,0304,0304,1252,1221,0.0,geometry_metrics_checked_parent_evidence_pending
2807903059,unchanged,stable_raw_parent_code_only,2807903059,2807903059,0304,0304,1130,1168,0.0,geometry_metrics_checked_parent_evidence_pending
2807903060,unchanged,stable_raw_parent_code_only,2807903060,2807903060,0304,0304,741,781,0.0,geometry_metrics_checked_parent_evidence_pending
2807903061,unchanged,stable_raw_parent_code_only,2807903061,2807903061,0304,0304,929,907,0.0,geometry_metrics_checked_parent_evidence_pending
2807903063,unchanged,stable_raw_parent_code_only,2807903063,2807903063,0304,0304,782,819,0.0,geometry_metrics_checked_parent_evidence_pending
2807903064,unchanged,stable_raw_parent_code_only,2807903064,2807903064,0304,0304,961,967,0.0,geometry_metrics_checked_parent_evidence_pending
Z-847d241e5e64,merged,stable_raw_parent_code_only,2807903062|2807903065,2807903065,0304,0304,1368,1541,0.0,geometry_metrics_checked_parent_evidence_pending
2807903066,unchanged,stable_raw_parent_code_only,2807903066,2807903066,0304,0304,863,896,0.0,geometry_metrics_checked_parent_evidence_pending
2807903067,unchanged,stable_raw_parent_code_only,2807903067,2807903067,0304,0304,1161,1216,0.0,geometry_metrics_checked_parent_evidence_pending
Z-26e17ab119a9,merged,stable_raw_parent_code_only,2807903069|2807903070,2807903069,0305,0305,1685,1734,2.9334149073826494e-09,geometry_metrics_checked_parent_evidence_pending
2807903071,unchanged,stable_raw_parent_code_only,2807903071,2807903071,0305,0305,1483,1416,0.0,geometry_metrics_checked_parent_evidence_pending
2807903073,unchanged,stable_raw_parent_code_only,2807903073,2807903073,0305,0305,1605,1670,4.555294825679047e-10,geometry_metrics_checked_parent_evidence_pending
2807903074,unchanged,stable_raw_parent_code_only,2807903074,2807903074,0305,0305,1140,1129,0.0,geometry_metrics_checked_parent_evidence_pending
2807903076,unchanged,stable_raw_parent_code_only,2807903076,2807903076,0305,0305,1107,1036,0.0,geometry_metrics_checked_parent_evidence_pending
2807903077,unchanged,stable_raw_parent_code_only,2807903077,2807903077,0306,0306,1650,1630,0.0,geometry_metrics_checked_parent_evidence_pending
2807903078,unchanged,stable_raw_parent_code_only,2807903078,2807903078,0306,0306,1496,1505,0.0,geometry_metrics_checked_parent_evidence_pending
2807903079,unchanged,stable_raw_parent_code_only,2807903079,2807903079,0306,0306,1258,1272,0.0,geometry_metrics_checked_parent_evidence_pending
2807903080,unchanged,stable_raw_parent_code_only,2807903080,2807903080,0306,0306,1770,1823,0.0,geometry_metrics_checked_parent_evidence_pending
2807903081,unchanged,stable_raw_parent_code_only,2807903081,2807903081,0306,0306,1884,1839,0.0,geometry_metrics_checked_parent_evidence_pending
2807903082,unchanged,stable_raw_parent_code_only,2807903082,2807903082,0306,0306,1488,1467,0.0,geometry_metrics_checked_parent_evidence_pending
2807903084,unchanged,stable_raw_parent_code_only,2807903084,2807903084,0306,0306,1546,1567,0.0,geometry_metrics_checked_parent_evidence_pending
2807903085,unchanged,stable_raw_parent_code_only,2807903085,2807903085,0306,0306,825,842,0.0,geometry_metrics_checked_parent_evidence_pending
2807903086,unchanged,stable_raw_parent_code_only,2807903086,2807903086,0306,0306,984,1036,0.0,geometry_metrics_checked_parent_evidence_pending
Z-a9364775d49a,merged,stable_raw_parent_code_only,2807903087|2807903088,2807903087,0306,0306,2320,2359,0.0,geometry_metrics_checked_parent_evidence_pending
2807903089,unchanged,stable_raw_parent_code_only,2807903089,2807903089,0301,0301,1945,1755,0.0,geometry_metrics_checked_parent_evidence_pending
2807903090,unchanged,stable_raw_parent_code_only,2807903090,2807903090,0303,0303,1184,1077,0.0,geometry_metrics_checked_parent_evidence_pending
2807903091,unchanged,stable_raw_parent_code_only,2807903091,2807903091,0303,0303,1719,1588,0.0,geometry_metrics_checked_parent_evidence_pending
2807903092,unchanged,stable_raw_parent_code_only,2807903092,2807903092,0302,0302,1925,2234,0.0,geometry_metrics_checked_parent_evidence_pending
2807903093,unchanged,stable_raw_parent_code_only,2807903093,2807903093,0303,0303,1202,1142,0.0,geometry_metrics_checked_parent_evidence_pending
2807903094,unchanged,stable_raw_parent_code_only,2807903094,2807903094,0303,0303,784,788,0.0,geometry_metrics_checked_parent_evidence_pending
2807903095,unchanged,stable_raw_parent_code_only,2807903095,2807903095,0301,0301,1928,1881,1.8506204976021648e-08,geometry_metrics_checked_parent_evidence_pending
2807903096,unchanged,stable_raw_parent_code_only,2807903096,2807903096,0301,0301,1983,1958,0.0,geometry_metrics_checked_parent_evidence_pending
Z-3025bd97bfc0,split,stable_raw_parent_code_only,2807903097,2807903097|2807903100,0302,0302,2526,2506,2.5168400769367735e-08,geometry_metrics_checked_parent_evidence_pending
2807903098,unchanged,stable_raw_parent_code_only,2807903098,2807903098,0302,0302,1776,1897,0.0,geometry_metrics_checked_parent_evidence_pending
2807903099,unchanged,stable_raw_parent_code_only,2807903099,2807903099,0302,0302,1311,1469,0.0,geometry_metrics_checked_parent_evidence_pending
2807904001,unchanged,stable_raw_parent_code_only,2807904001,2807904001,0401,0401,961,1046,0.0,geometry_metrics_checked_parent_evidence_pending
2807904002,unchanged,stable_raw_parent_code_only,2807904002,2807904002,0401,0401,1057,1089,0.0,geometry_metrics_checked_parent_evidence_pending
2807904003,unchanged,stable_raw_parent_code_only,2807904003,2807904003,0401,0401,801,817,0.0,geometry_metrics_checked_parent_evidence_pending
2807904004,unchanged,stable_raw_parent_code_only,2807904004,2807904004,0401,0401,906,988,0.0,geometry_metrics_checked_parent_evidence_pending
2807904005,unchanged,stable_raw_parent_code_only,2807904005,2807904005,0401,0401,817,790,0.0,geometry_metrics_checked_parent_evidence_pending
2807904006,unchanged,stable_raw_parent_code_only,2807904006,2807904006,0401,0401,964,1036,0.0,geometry_metrics_checked_parent_evidence_pending
2807904007,unchanged,stable_raw_parent_code_only,2807904007,2807904007,0401,0401,1293,1425,0.0,geometry_metrics_checked_parent_evidence_pending
2807904008,unchanged,stable_raw_parent_code_only,2807904008,2807904008,0401,0401,1136,1109,0.0,geometry_metrics_checked_parent_evidence_pending
2807904009,unchanged,stable_raw_parent_code_only,2807904009,2807904009,0401,0401,1828,1799,0.0,geometry_metrics_checked_parent_evidence_pending
2807904010,unchanged,stable_raw_parent_code_only,2807904010,2807904010,0401,0401,760,788,0.0,geometry_metrics_checked_parent_evidence_pending
2807904011,unchanged,stable_raw_parent_code_only,2807904011,2807904011,0401,0401,1451,1416,0.0,geometry_metrics_checked_parent_evidence_pending
2807904012,unchanged,stable_raw_parent_code_only,2807904012,2807904012,0401,0401,1224,1279,0.0,geometry_metrics_checked_parent_evidence_pending
2807904013,unchanged,stable_raw_parent_code_only,2807904013,2807904013,0401,0401,970,897,0.0,geometry_metrics_checked_parent_evidence_pending
2807904014,unchanged,stable_raw_parent_code_only,2807904014,2807904014,0401,0401,1204,1204,0.0,geometry_metrics_checked_parent_evidence_pending
2807904015,unchanged,stable_raw_parent_code_only,2807904015,2807904015,0402,0402,1290,1300,0.0,geometry_metrics_checked_parent_evidence_pending
2807904016,unchanged,stable_raw_parent_code_only,2807904016,2807904016,0402,0402,1313,1427,0.0,geometry_metrics_checked_parent_evidence_pending
2807904017,unchanged,stable_raw_parent_code_only,2807904017,2807904017,0402,0402,1282,1365,0.0,geometry_metrics_checked_parent_evidence_pending
2807904018,unchanged,stable_raw_parent_code_only,2807904018,2807904018,0402,0402,1212,1281,0.0,geometry_metrics_checked_parent_evidence_pending
2807904019,unchanged,stable_raw_parent_code_only,2807904019,2807904019,0402,0402,701,773,0.0,geometry_metrics_checked_parent_evidence_pending
2807904020,unchanged,stable_raw_parent_code_only,2807904020,2807904020,0402,0402,712,813,0.0,geometry_metrics_checked_parent_evidence_pending
2807904021,unchanged,stable_raw_parent_code_only,2807904021,2807904021,0402,0402,850,880,0.0,geometry_metrics_checked_parent_evidence_pending
2807904023,unchanged,stable_raw_parent_code_only,2807904023,2807904023,0402,0402,839,906,0.0,geometry_metrics_checked_parent_evidence_pending
2807904024,unchanged,stable_raw_parent_code_only,2807904024,2807904024,0402,0402,1279,1334,0.0,geometry_metrics_checked_parent_evidence_pending
2807904025,unchanged,stable_raw_parent_code_only,2807904025,2807904025,0402,0402,895,962,0.0,geometry_metrics_checked_parent_evidence_pending
2807904026,unchanged,stable_raw_parent_code_only,2807904026,2807904026,0402,0402,862,852,0.0,geometry_metrics_checked_parent_evidence_pending
2807904027,unchanged,stable_raw_parent_code_only,2807904027,2807904027,0402,0402,1527,1642,0.0,geometry_metrics_checked_parent_evidence_pending
2807904028,unchanged,stable_raw_parent_code_only,2807904028,2807904028,0402,0402,1361,1432,0.0,geometry_metrics_checked_parent_evidence_pending
2807904029,unchanged,stable_raw_parent_code_only,2807904029,2807904029,0402,0402,1378,1518,0.0,geometry_metrics_checked_parent_evidence_pending
2807904030,unchanged,stable_raw_parent_code_only,2807904030,2807904030,0402,0402,1322,1442,0.0,geometry_metrics_checked_parent_evidence_pending
2807904031,unchanged,stable_raw_parent_code_only,2807904031,2807904031,0402,0402,817,918,0.0,geometry_metrics_checked_parent_evidence_pending
2807904032,unchanged,stable_raw_parent_code_only,2807904032,2807904032,0402,0402,788,845,0.0,geometry_metrics_checked_parent_evidence_pending
2807904033,unchanged,stable_raw_parent_code_only,2807904033,2807904033,0402,0402,1079,1125,0.0,geometry_metrics_checked_parent_evidence_pending
2807904034,unchanged,stable_raw_parent_code_only,2807904034,2807904034,0402,0402,1557,1681,0.0,geometry_metrics_checked_parent_evidence_pending
2807904035,unchanged,stable_raw_parent_code_only,2807904035,2807904035,0402,0402,1432,1541,0.0,geometry_metrics_checked_parent_evidence_pending
2807904036,unchanged,stable_raw_parent_code_only,2807904036,2807904036,0402,0402,784,723,0.0,geometry_metrics_checked_parent_evidence_pending
2807904037,unchanged,stable_raw_parent_code_only,2807904037,2807904037,0402,0402,781,816,0.0,geometry_metrics_checked_parent_evidence_pending
2807904038,unchanged,stable_raw_parent_code_only,2807904038,2807904038,0402,0402,1052,1121,0.0,geometry_metrics_checked_parent_evidence_pending
2807904039,unchanged,stable_raw_parent_code_only,2807904039,2807904039,0402,0402,825,824,0.0,geometry_metrics_checked_parent_evidence_pending
2807904040,unchanged,stable_raw_parent_code_only,2807904040,2807904040,0402,0402,786,762,0.0,geometry_metrics_checked_parent_evidence_pending
2807904041,unchanged,stable_raw_parent_code_only,2807904041,2807904041,0402,0402,979,981,0.0,geometry_metrics_checked_parent_evidence_pending
2807904042,unchanged,stable_raw_parent_code_only,2807904042,2807904042,0402,0402,1313,1417,0.0,geometry_metrics_checked_parent_evidence_pending
2807904043,unchanged,stable_raw_parent_code_only,2807904043,2807904043,0403,0403,1376,1446,0.0,geometry_metrics_checked_parent_evidence_pending
2807904044,unchanged,stable_raw_parent_code_only,2807904044,2807904044,0403,0403,1481,1658,0.0,geometry_metrics_checked_parent_evidence_pending
2807904045,unchanged,stable_raw_parent_code_only,2807904045,2807904045,0403,0403,1407,1468,0.0,geometry_metrics_checked_parent_evidence_pending
2807904046,unchanged,stable_raw_parent_code_only,2807904046,2807904046,0403,0403,691,656,0.0,geometry_metrics_checked_parent_evidence_pending
2807904047,unchanged,stable_raw_parent_code_only,2807904047,2807904047,0403,0403,1151,1075,0.0,geometry_metrics_checked_parent_evidence_pending
2807904048,unchanged,stable_raw_parent_code_only,2807904048,2807904048,0403,0403,986,1022,0.0,geometry_metrics_checked_parent_evidence_pending
2807904049,unchanged,stable_raw_parent_code_only,2807904049,2807904049,0403,0403,1426,1419,0.0,geometry_metrics_checked_parent_evidence_pending
2807904050,unchanged,stable_raw_parent_code_only,2807904050,2807904050,0403,0403,659,791,0.0,geometry_metrics_checked_parent_evidence_pending
2807904051,unchanged,stable_raw_parent_code_only,2807904051,2807904051,0403,0403,1260,1391,0.0,geometry_metrics_checked_parent_evidence_pending
2807904052,unchanged,stable_raw_parent_code_only,2807904052,2807904052,0403,0403,1108,1112,0.0,geometry_metrics_checked_parent_evidence_pending
2807904053,unchanged,stable_raw_parent_code_only,2807904053,2807904053,0403,0403,1165,1234,0.0,geometry_metrics_checked_parent_evidence_pending
2807904054,unchanged,stable_raw_parent_code_only,2807904054,2807904054,0403,0403,1270,1289,0.0,geometry_metrics_checked_parent_evidence_pending
2807904055,unchanged,stable_raw_parent_code_only,2807904055,2807904055,0403,0403,1604,1696,0.0,geometry_metrics_checked_parent_evidence_pending
2807904056,unchanged,stable_raw_parent_code_only,2807904056,2807904056,0403,0403,1427,1615,0.0,geometry_metrics_checked_parent_evidence_pending
2807904057,unchanged,stable_raw_parent_code_only,2807904057,2807904057,0403,0403,1140,1227,0.0,geometry_metrics_checked_parent_evidence_pending
2807904058,unchanged,stable_raw_parent_code_only,2807904058,2807904058,0403,0403,1294,1303,0.0,geometry_metrics_checked_parent_evidence_pending
2807904060,unchanged,stable_raw_parent_code_only,2807904060,2807904060,0403,0403,1366,1372,0.0,geometry_metrics_checked_parent_evidence_pending
2807904061,unchanged,stable_raw_parent_code_only,2807904061,2807904061,0404,0404,1374,1438,0.0,geometry_metrics_checked_parent_evidence_pending
2807904062,unchanged,stable_raw_parent_code_only,2807904062,2807904062,0404,0404,1285,1418,0.0,geometry_metrics_checked_parent_evidence_pending
2807904063,unchanged,stable_raw_parent_code_only,2807904063,2807904063,0404,0404,1560,1577,0.0,geometry_metrics_checked_parent_evidence_pending
2807904064,unchanged,stable_raw_parent_code_only,2807904064,2807904064,0404,0404,1015,1142,0.0,geometry_metrics_checked_parent_evidence_pending
2807904065,unchanged,stable_raw_parent_code_only,2807904065,2807904065,0404,0404,1620,1743,0.0,geometry_metrics_checked_parent_evidence_pending
2807904067,unchanged,stable_raw_parent_code_only,2807904067,2807904067,0404,0404,1051,1174,0.0,geometry_metrics_checked_parent_evidence_pending
2807904068,unchanged,stable_raw_parent_code_only,2807904068,2807904068,0404,0404,1010,997,0.0,geometry_metrics_checked_parent_evidence_pending
2807904069,unchanged,stable_raw_parent_code_only,2807904069,2807904069,0404,0404,1489,1656,0.0,geometry_metrics_checked_parent_evidence_pending
2807904070,unchanged,stable_raw_parent_code_only,2807904070,2807904070,0404,0404,1256,1393,0.0,geometry_metrics_checked_parent_evidence_pending
2807904071,unchanged,stable_raw_parent_code_only,2807904071,2807904071,0404,0404,1249,1170,0.0,geometry_metrics_checked_parent_evidence_pending
2807904072,unchanged,stable_raw_parent_code_only,2807904072,2807904072,0404,0404,669,685,0.0,geometry_metrics_checked_parent_evidence_pending
2807904073,unchanged,stable_raw_parent_code_only,2807904073,2807904073,0404,0404,1360,1410,0.0,geometry_metrics_checked_parent_evidence_pending
2807904074,unchanged,stable_raw_parent_code_only,2807904074,2807904074,0404,0404,1092,1129,0.0,geometry_metrics_checked_parent_evidence_pending
2807904075,unchanged,stable_raw_parent_code_only,2807904075,2807904075,0404,0404,914,1004,0.0,geometry_metrics_checked_parent_evidence_pending
2807904076,unchanged,stable_raw_parent_code_only,2807904076,2807904076,0404,0404,942,898,0.0,geometry_metrics_checked_parent_evidence_pending
2807904077,unchanged,stable_raw_parent_code_only,2807904077,2807904077,0404,0404,1075,1095,0.0,geometry_metrics_checked_parent_evidence_pending
2807904078,unchanged,stable_raw_parent_code_only,2807904078,2807904078,0404,0404,688,650,0.0,geometry_metrics_checked_parent_evidence_pending
2807904079,unchanged,stable_raw_parent_code_only,2807904079,2807904079,0404,0404,1100,1112,0.0,geometry_metrics_checked_parent_evidence_pending
2807904080,unchanged,stable_raw_parent_code_only,2807904080,2807904080,0404,0404,773,761,0.0,geometry_metrics_checked_parent_evidence_pending
2807904081,unchanged,stable_raw_parent_code_only,2807904081,2807904081,0404,0404,1103,1076,4.4245395736622157e-08,geometry_metrics_checked_parent_evidence_pending
2807904082,unchanged,stable_raw_parent_code_only,2807904082,2807904082,0404,0404,853,890,0.0,geometry_metrics_checked_parent_evidence_pending
2807904083,unchanged,stable_raw_parent_code_only,2807904083,2807904083,0404,0404,745,780,0.0,geometry_metrics_checked_parent_evidence_pending
2807904084,unchanged,stable_raw_parent_code_only,2807904084,2807904084,0404,0404,841,800,0.0,geometry_metrics_checked_parent_evidence_pending
2807904085,unchanged,stable_raw_parent_code_only,2807904085,2807904085,0404,0404,1881,2379,0.0,geometry_metrics_checked_parent_evidence_pending
Z-d05784cc9d2e,split,stable_raw_parent_code_only,2807904086,2807904086|2807904131,0404,0404,2511,2911,1.0469306823738331e-08,geometry_metrics_checked_parent_evidence_pending
2807904087,unchanged,stable_raw_parent_code_only,2807904087,2807904087,0404,0404,2353,2649,2.6553561289107088e-09,geometry_metrics_checked_parent_evidence_pending
2807904088,unchanged,stable_raw_parent_code_only,2807904088,2807904088,0404,0404,1906,2181,0.0,geometry_metrics_checked_parent_evidence_pending
2807904089,unchanged,stable_raw_parent_code_only,2807904089,2807904089,0404,0404,761,814,0.0,geometry_metrics_checked_parent_evidence_pending
2807904090,unchanged,stable_raw_parent_code_only,2807904090,2807904090,0404,0404,1214,1254,0.0,geometry_metrics_checked_parent_evidence_pending
2807904091,unchanged,stable_raw_parent_code_only,2807904091,2807904091,0404,0404,1447,1622,0.0,geometry_metrics_checked_parent_evidence_pending
2807904092,unchanged,stable_raw_parent_code_only,2807904092,2807904092,0404,0404,917,1027,0.0,geometry_metrics_checked_parent_evidence_pending
2807904093,unchanged,stable_raw_parent_code_only,2807904093,2807904093,0404,0404,1078,1318,0.0,geometry_metrics_checked_parent_evidence_pending
2807904094,unchanged,stable_raw_parent_code_only,2807904094,2807904094,0404,0404,1352,1506,0.0,geometry_metrics_checked_parent_evidence_pending
Z-37a0e8e3db8d,merged,stable_raw_parent_code_only,2807904095|2807904096,2807904096,0405,0405,1383,1637,0.0,geometry_metrics_checked_parent_evidence_pending
2807904097,unchanged,stable_raw_parent_code_only,2807904097,2807904097,0405,0405,965,1063,0.0,geometry_metrics_checked_parent_evidence_pending
2807904098,unchanged,stable_raw_parent_code_only,2807904098,2807904098,0405,0405,1323,1325,0.0,geometry_metrics_checked_parent_evidence_pending
2807904099,unchanged,stable_raw_parent_code_only,2807904099,2807904099,0405,0405,1154,1190,0.0,geometry_metrics_checked_parent_evidence_pending
2807904100,unchanged,stable_raw_parent_code_only,2807904100,2807904100,0405,0405,788,772,0.0,geometry_metrics_checked_parent_evidence_pending
2807904101,unchanged,stable_raw_parent_code_only,2807904101,2807904101,0405,0405,897,936,0.0,geometry_metrics_checked_parent_evidence_pending
2807904102,unchanged,stable_raw_parent_code_only,2807904102,2807904102,0405,0405,1164,1259,0.0,geometry_metrics_checked_parent_evidence_pending
2807904103,unchanged,stable_raw_parent_code_only,2807904103,2807904103,0405,0405,1178,1301,0.0,geometry_metrics_checked_parent_evidence_pending
2807904104,unchanged,stable_raw_parent_code_only,2807904104,2807904104,0405,0405,1069,1221,0.0,geometry_metrics_checked_parent_evidence_pending
2807904105,unchanged,stable_raw_parent_code_only,2807904105,2807904105,0405,0405,1088,1141,0.0,geometry_metrics_checked_parent_evidence_pending
2807904106,unchanged,stable_raw_parent_code_only,2807904106,2807904106,0405,0405,1069,1109,0.0,geometry_metrics_checked_parent_evidence_pending
2807904107,unchanged,stable_raw_parent_code_only,2807904107,2807904107,0405,0405,646,755,0.0,geometry_metrics_checked_parent_evidence_pending
2807904108,unchanged,stable_raw_parent_code_only,2807904108,2807904108,0405,0405,893,969,0.0,geometry_metrics_checked_parent_evidence_pending
2807904109,unchanged,stable_raw_parent_code_only,2807904109,2807904109,0405,0405,1606,1622,0.0,geometry_metrics_checked_parent_evidence_pending
2807904110,unchanged,stable_raw_parent_code_only,2807904110,2807904110,0405,0405,1113,1226,0.0,geometry_metrics_checked_parent_evidence_pending
2807904111,unchanged,stable_raw_parent_code_only,2807904111,2807904111,0405,0405,1803,1768,0.0,geometry_metrics_checked_parent_evidence_pending
2807904112,unchanged,stable_raw_parent_code_only,2807904112,2807904112,0405,0405,1189,1278,0.0,geometry_metrics_checked_parent_evidence_pending
2807904113,unchanged,stable_raw_parent_code_only,2807904113,2807904113,0405,0405,1065,1175,0.0,geometry_metrics_checked_parent_evidence_pending
2807904114,unchanged,stable_raw_parent_code_only,2807904114,2807904114,0406,0406,1480,1503,0.0,geometry_metrics_checked_parent_evidence_pending
2807904115,unchanged,stable_raw_parent_code_only,2807904115,2807904115,0406,0406,1866,1812,0.0,geometry_metrics_checked_parent_evidence_pending
2807904116,unchanged,stable_raw_parent_code_only,2807904116,2807904116,0406,0406,881,909,0.0,geometry_metrics_checked_parent_evidence_pending
2807904117,unchanged,stable_raw_parent_code_only,2807904117,2807904117,0406,0406,858,821,0.0,geometry_metrics_checked_parent_evidence_pending
2807904118,unchanged,stable_raw_parent_code_only,2807904118,2807904118,0406,0406,788,857,0.0,geometry_metrics_checked_parent_evidence_pending
2807904119,unchanged,stable_raw_parent_code_only,2807904119,2807904119,0406,0406,1386,1436,0.0,geometry_metrics_checked_parent_evidence_pending
2807904120,unchanged,stable_raw_parent_code_only,2807904120,2807904120,0406,0406,942,961,0.0,geometry_metrics_checked_parent_evidence_pending
2807904121,unchanged,stable_raw_parent_code_only,2807904121,2807904121,0406,0406,1177,1197,0.0,geometry_metrics_checked_parent_evidence_pending
2807904123,unchanged,stable_raw_parent_code_only,2807904123,2807904123,0406,0406,1458,1548,0.0,geometry_metrics_checked_parent_evidence_pending
2807904124,unchanged,stable_raw_parent_code_only,2807904124,2807904124,0406,0406,934,1176,0.0,geometry_metrics_checked_parent_evidence_pending
2807904126,unchanged,stable_raw_parent_code_only,2807904126,2807904126,0406,0406,1474,1486,0.0,geometry_metrics_checked_parent_evidence_pending
2807904127,unchanged,stable_raw_parent_code_only,2807904127,2807904127,0406,0406,992,1333,0.0,geometry_metrics_checked_parent_evidence_pending
Z-3065445c62f5,merged,stable_raw_parent_code_only,2807904128|2807904129,2807904128,0406,0406,1731,1923,0.0,geometry_metrics_checked_parent_evidence_pending
2807904130,unchanged,stable_raw_parent_code_only,2807904130,2807904130,0406,0406,800,830,0.0,geometry_metrics_checked_parent_evidence_pending
2807905001,unchanged,stable_raw_parent_code_only,2807905001,2807905001,0501,0501,1148,1170,0.0,geometry_metrics_checked_parent_evidence_pending
2807905002,unchanged,stable_raw_parent_code_only,2807905002,2807905002,0501,0501,1634,1667,0.0,geometry_metrics_checked_parent_evidence_pending
2807905003,unchanged,stable_raw_parent_code_only,2807905003,2807905003,0501,0501,1895,2061,0.0,geometry_metrics_checked_parent_evidence_pending
2807905004,unchanged,stable_raw_parent_code_only,2807905004,2807905004,0501,0501,1368,1474,0.0,geometry_metrics_checked_parent_evidence_pending
2807905005,unchanged,stable_raw_parent_code_only,2807905005,2807905005,0501,0501,1316,1457,0.0,geometry_metrics_checked_parent_evidence_pending
2807905006,unchanged,stable_raw_parent_code_only,2807905006,2807905006,0501,0501,1288,1372,0.0,geometry_metrics_checked_parent_evidence_pending
2807905007,unchanged,stable_raw_parent_code_only,2807905007,2807905007,0501,0501,1854,1845,0.0,geometry_metrics_checked_parent_evidence_pending
2807905008,unchanged,stable_raw_parent_code_only,2807905008,2807905008,0501,0501,1554,1591,0.0,geometry_metrics_checked_parent_evidence_pending
2807905009,unchanged,stable_raw_parent_code_only,2807905009,2807905009,0501,0501,1162,1210,0.0,geometry_metrics_checked_parent_evidence_pending
2807905010,unchanged,stable_raw_parent_code_only,2807905010,2807905010,0501,0501,890,954,0.0,geometry_metrics_checked_parent_evidence_pending
2807905011,unchanged,stable_raw_parent_code_only,2807905011,2807905011,0501,0501,793,864,0.0,geometry_metrics_checked_parent_evidence_pending
2807905012,unchanged,stable_raw_parent_code_only,2807905012,2807905012,0501,0501,1104,1124,0.0,geometry_metrics_checked_parent_evidence_pending
2807905013,unchanged,stable_raw_parent_code_only,2807905013,2807905013,0501,0501,777,847,0.0,geometry_metrics_checked_parent_evidence_pending
2807905014,unchanged,stable_raw_parent_code_only,2807905014,2807905014,0502,0502,1086,1075,0.0,geometry_metrics_checked_parent_evidence_pending
2807905015,unchanged,stable_raw_parent_code_only,2807905015,2807905015,0502,0502,1030,1151,0.0,geometry_metrics_checked_parent_evidence_pending
2807905016,unchanged,stable_raw_parent_code_only,2807905016,2807905016,0502,0502,824,855,0.0,geometry_metrics_checked_parent_evidence_pending
2807905017,unchanged,stable_raw_parent_code_only,2807905017,2807905017,0502,0502,1329,1356,0.0,geometry_metrics_checked_parent_evidence_pending
2807905018,unchanged,stable_raw_parent_code_only,2807905018,2807905018,0502,0502,1268,1346,0.0,geometry_metrics_checked_parent_evidence_pending
2807905019,unchanged,stable_raw_parent_code_only,2807905019,2807905019,0502,0502,896,937,0.0,geometry_metrics_checked_parent_evidence_pending
2807905020,unchanged,stable_raw_parent_code_only,2807905020,2807905020,0502,0502,1234,1262,0.0,geometry_metrics_checked_parent_evidence_pending
2807905021,unchanged,stable_raw_parent_code_only,2807905021,2807905021,0502,0502,846,746,0.0,geometry_metrics_checked_parent_evidence_pending
2807905022,unchanged,stable_raw_parent_code_only,2807905022,2807905022,0502,0502,1407,1462,0.0,geometry_metrics_checked_parent_evidence_pending
2807905023,unchanged,stable_raw_parent_code_only,2807905023,2807905023,0502,0502,1339,1428,0.0,geometry_metrics_checked_parent_evidence_pending
2807905024,unchanged,stable_raw_parent_code_only,2807905024,2807905024,0502,0502,893,857,0.0,geometry_metrics_checked_parent_evidence_pending
2807905025,unchanged,stable_raw_parent_code_only,2807905025,2807905025,0502,0502,1100,1136,0.0,geometry_metrics_checked_parent_evidence_pending
2807905026,unchanged,stable_raw_parent_code_only,2807905026,2807905026,0502,0502,1576,1770,0.0,geometry_metrics_checked_parent_evidence_pending
2807905027,unchanged,stable_raw_parent_code_only,2807905027,2807905027,0502,0502,1648,1729,0.0,geometry_metrics_checked_parent_evidence_pending
2807905028,unchanged,stable_raw_parent_code_only,2807905028,2807905028,0502,0502,1952,1961,0.0,geometry_metrics_checked_parent_evidence_pending
2807905029,unchanged,stable_raw_parent_code_only,2807905029,2807905029,0502,0502,1740,1825,0.0,geometry_metrics_checked_parent_evidence_pending
2807905030,unchanged,stable_raw_parent_code_only,2807905030,2807905030,0502,0502,1252,1287,0.0,geometry_metrics_checked_parent_evidence_pending
2807905031,unchanged,stable_raw_parent_code_only,2807905031,2807905031,0502,0502,961,1057,0.0,geometry_metrics_checked_parent_evidence_pending
2807905032,unchanged,stable_raw_parent_code_only,2807905032,2807905032,0502,0502,1390,1577,0.0,geometry_metrics_checked_parent_evidence_pending
2807905033,unchanged,stable_raw_parent_code_only,2807905033,2807905033,0502,0502,1955,2098,0.0,geometry_metrics_checked_parent_evidence_pending
2807905034,unchanged,stable_raw_parent_code_only,2807905034,2807905034,0502,0502,1555,1954,0.0,geometry_metrics_checked_parent_evidence_pending
2807905035,unchanged,stable_raw_parent_code_only,2807905035,2807905035,0502,0502,1257,1201,0.0,geometry_metrics_checked_parent_evidence_pending
2807905036,unchanged,stable_raw_parent_code_only,2807905036,2807905036,0502,0502,1677,1665,0.0,geometry_metrics_checked_parent_evidence_pending
2807905037,unchanged,stable_raw_parent_code_only,2807905037,2807905037,0502,0502,1262,1241,0.0,geometry_metrics_checked_parent_evidence_pending
2807905038,unchanged,stable_raw_parent_code_only,2807905038,2807905038,0503,0503,1860,1926,0.0,geometry_metrics_checked_parent_evidence_pending
2807905039,unchanged,stable_raw_parent_code_only,2807905039,2807905039,0503,0503,1489,2098,0.0,geometry_metrics_checked_parent_evidence_pending
2807905040,unchanged,stable_raw_parent_code_only,2807905040,2807905040,0503,0503,687,728,0.0,geometry_metrics_checked_parent_evidence_pending
2807905041,unchanged,stable_raw_parent_code_only,2807905041,2807905041,0503,0503,1112,1227,0.0,geometry_metrics_checked_parent_evidence_pending
2807905042,unchanged,stable_raw_parent_code_only,2807905042,2807905042,0503,0503,1427,1437,0.0,geometry_metrics_checked_parent_evidence_pending
2807905043,unchanged,stable_raw_parent_code_only,2807905043,2807905043,0503,0503,1202,1318,0.0,geometry_metrics_checked_parent_evidence_pending
2807905044,unchanged,stable_raw_parent_code_only,2807905044,2807905044,0503,0503,1569,1797,0.0,geometry_metrics_checked_parent_evidence_pending
2807905045,unchanged,stable_raw_parent_code_only,2807905045,2807905045,0503,0503,1714,1772,0.0,geometry_metrics_checked_parent_evidence_pending
2807905046,unchanged,stable_raw_parent_code_only,2807905046,2807905046,0503,0503,1671,1724,0.0,geometry_metrics_checked_parent_evidence_pending
2807905047,unchanged,stable_raw_parent_code_only,2807905047,2807905047,0503,0503,1654,1625,0.0,geometry_metrics_checked_parent_evidence_pending
2807905048,unchanged,stable_raw_parent_code_only,2807905048,2807905048,0503,0503,1149,1082,0.0,geometry_metrics_checked_parent_evidence_pending
2807905049,unchanged,stable_raw_parent_code_only,2807905049,2807905049,0503,0503,1187,1145,0.0,geometry_metrics_checked_parent_evidence_pending
2807905051,unchanged,stable_raw_parent_code_only,2807905051,2807905051,0504,0504,1407,1424,0.0,geometry_metrics_checked_parent_evidence_pending
2807905052,unchanged,stable_raw_parent_code_only,2807905052,2807905052,0504,0504,1435,1484,0.0,geometry_metrics_checked_parent_evidence_pending
2807905053,unchanged,stable_raw_parent_code_only,2807905053,2807905053,0504,0504,2129,2177,0.0,geometry_metrics_checked_parent_evidence_pending
2807905054,unchanged,stable_raw_parent_code_only,2807905054,2807905054,0504,0504,1589,1553,0.0,geometry_metrics_checked_parent_evidence_pending
2807905055,unchanged,stable_raw_parent_code_only,2807905055,2807905055,0504,0504,1503,1615,0.0,geometry_metrics_checked_parent_evidence_pending
2807905056,unchanged,stable_raw_parent_code_only,2807905056,2807905056,0504,0504,1451,1489,0.0,geometry_metrics_checked_parent_evidence_pending
2807905057,unchanged,stable_raw_parent_code_only,2807905057,2807905057,0504,0504,1135,1164,0.0,geometry_metrics_checked_parent_evidence_pending
2807905058,unchanged,stable_raw_parent_code_only,2807905058,2807905058,0504,0504,1814,1829,0.0,geometry_metrics_checked_parent_evidence_pending
2807905059,unchanged,stable_raw_parent_code_only,2807905059,2807905059,0504,0504,712,763,0.0,geometry_metrics_checked_parent_evidence_pending
2807905060,unchanged,stable_raw_parent_code_only,2807905060,2807905060,0504,0504,1388,1385,0.0,geometry_metrics_checked_parent_evidence_pending
2807905061,unchanged,stable_raw_parent_code_only,2807905061,2807905061,0504,0504,2118,2138,0.0,geometry_metrics_checked_parent_evidence_pending
2807905062,unchanged,stable_raw_parent_code_only,2807905062,2807905062,0504,0504,1664,1681,0.0,geometry_metrics_checked_parent_evidence_pending
2807905063,unchanged,stable_raw_parent_code_only,2807905063,2807905063,0504,0504,842,862,0.0,geometry_metrics_checked_parent_evidence_pending
2807905064,unchanged,stable_raw_parent_code_only,2807905064,2807905064,0504,0504,2013,2377,0.0,geometry_metrics_checked_parent_evidence_pending
2807905065,unchanged,stable_raw_parent_code_only,2807905065,2807905065,0504,0504,1132,1201,0.0,geometry_metrics_checked_parent_evidence_pending
2807905066,unchanged,stable_raw_parent_code_only,2807905066,2807905066,0504,0504,1213,1356,0.0,geometry_metrics_checked_parent_evidence_pending
2807905067,unchanged,stable_raw_parent_code_only,2807905067,2807905067,0504,0504,2325,2391,0.0,geometry_metrics_checked_parent_evidence_pending
2807905068,unchanged,stable_raw_parent_code_only,2807905068,2807905068,0504,0504,1701,1861,0.0,geometry_metrics_checked_parent_evidence_pending
2807905069,unchanged,stable_raw_parent_code_only,2807905069,2807905069,0504,0504,861,933,0.0,geometry_metrics_checked_parent_evidence_pending
2807905070,unchanged,stable_raw_parent_code_only,2807905070,2807905070,0505,0505,2021,1982,0.0,geometry_metrics_checked_parent_evidence_pending
2807905072,unchanged,stable_raw_parent_code_only,2807905072,2807905072,0505,0505,1576,1733,0.0,geometry_metrics_checked_parent_evidence_pending
2807905073,unchanged,stable_raw_parent_code_only,2807905073,2807905073,0505,0505,1668,1693,0.0,geometry_metrics_checked_parent_evidence_pending
2807905074,unchanged,stable_raw_parent_code_only,2807905074,2807905074,0505,0505,1444,1644,0.0,geometry_metrics_checked_parent_evidence_pending
2807905075,unchanged,stable_raw_parent_code_only,2807905075,2807905075,0505,0505,1708,1881,0.0,geometry_metrics_checked_parent_evidence_pending
2807905076,unchanged,stable_raw_parent_code_only,2807905076,2807905076,0505,0505,2235,2491,0.0,geometry_metrics_checked_parent_evidence_pending
2807905077,unchanged,stable_raw_parent_code_only,2807905077,2807905077,0505,0505,1425,1552,0.0,geometry_metrics_checked_parent_evidence_pending
2807905078,unchanged,stable_raw_parent_code_only,2807905078,2807905078,0505,0505,889,907,0.0,geometry_metrics_checked_parent_evidence_pending
2807905079,unchanged,stable_raw_parent_code_only,2807905079,2807905079,0505,0505,1743,1978,0.0,geometry_metrics_checked_parent_evidence_pending
2807905080,unchanged,stable_raw_parent_code_only,2807905080,2807905080,0505,0505,1036,929,0.0,geometry_metrics_checked_parent_evidence_pending
2807905081,unchanged,stable_raw_parent_code_only,2807905081,2807905081,0505,0505,1685,2378,0.0,geometry_metrics_checked_parent_evidence_pending
2807905082,unchanged,stable_raw_parent_code_only,2807905082,2807905082,0505,0505,2353,2383,0.0,geometry_metrics_checked_parent_evidence_pending
2807905083,unchanged,stable_raw_parent_code_only,2807905083,2807905083,0505,0505,1869,2109,0.0,geometry_metrics_checked_parent_evidence_pending
2807905084,unchanged,stable_raw_parent_code_only,2807905084,2807905084,0505,0505,1717,1694,0.0,geometry_metrics_checked_parent_evidence_pending
2807905085,unchanged,stable_raw_parent_code_only,2807905085,2807905085,0506,0506,1838,1916,2.622295782431688e-09,geometry_metrics_checked_parent_evidence_pending
2807905086,unchanged,stable_raw_parent_code_only,2807905086,2807905086,0506,0506,1239,1326,0.0,geometry_metrics_checked_parent_evidence_pending
2807905087,unchanged,stable_raw_parent_code_only,2807905087,2807905087,0506,0506,1783,1847,0.0,geometry_metrics_checked_parent_evidence_pending
2807905088,unchanged,stable_raw_parent_code_only,2807905088,2807905088,0506,0506,765,922,0.0,geometry_metrics_checked_parent_evidence_pending
2807905089,unchanged,stable_raw_parent_code_only,2807905089,2807905089,0506,0506,718,789,0.0,geometry_metrics_checked_parent_evidence_pending
2807905090,unchanged,stable_raw_parent_code_only,2807905090,2807905090,0506,0506,978,1013,0.0,geometry_metrics_checked_parent_evidence_pending
2807905091,unchanged,stable_raw_parent_code_only,2807905091,2807905091,0506,0506,849,868,0.0,geometry_metrics_checked_parent_evidence_pending
2807905092,unchanged,stable_raw_parent_code_only,2807905092,2807905092,0506,0506,1347,1554,0.0,geometry_metrics_checked_parent_evidence_pending
Z-c556139699e9,split,stable_raw_parent_code_only,2807905094,2807905094|2807905104,0506,0506,2532,2760,1.168665801213757e-09,geometry_metrics_checked_parent_evidence_pending
2807905095,unchanged,stable_raw_parent_code_only,2807905095,2807905095,0502,0502,1900,1812,0.0,geometry_metrics_checked_parent_evidence_pending
2807905096,unchanged,stable_raw_parent_code_only,2807905096,2807905096,0503,0503,1353,1370,0.0,geometry_metrics_checked_parent_evidence_pending
2807905097,unchanged,stable_raw_parent_code_only,2807905097,2807905097,0504,0504,1477,1656,0.0,geometry_metrics_checked_parent_evidence_pending
2807905098,unchanged,stable_raw_parent_code_only,2807905098,2807905098,0504,0504,1087,1153,0.0,geometry_metrics_checked_parent_evidence_pending
2807905099,unchanged,stable_raw_parent_code_only,2807905099,2807905099,0502,0502,1850,1811,0.0,geometry_metrics_checked_parent_evidence_pending
2807905100,unchanged,stable_raw_parent_code_only,2807905100,2807905100,0506,0506,1948,2347,0.0,geometry_metrics_checked_parent_evidence_pending
Z-e670756f9311,split,stable_raw_parent_code_only,2807905101,2807905101|2807905103,0506,0506,2433,2544,5.7263811101673966e-09,geometry_metrics_checked_parent_evidence_pending
2807905102,unchanged,stable_raw_parent_code_only,2807905102,2807905102,0502,0502,859,874,0.0,geometry_metrics_checked_parent_evidence_pending
2807906001,unchanged,stable_raw_parent_code_only,2807906001,2807906001,0601,0601,1300,1367,0.0,geometry_metrics_checked_parent_evidence_pending
2807906002,unchanged,stable_raw_parent_code_only,2807906002,2807906002,0601,0601,941,1107,0.0,geometry_metrics_checked_parent_evidence_pending
2807906003,unchanged,stable_raw_parent_code_only,2807906003,2807906003,0601,0601,1442,1664,0.0,geometry_metrics_checked_parent_evidence_pending
2807906004,unchanged,stable_raw_parent_code_only,2807906004,2807906004,0601,0601,1195,1265,0.0,geometry_metrics_checked_parent_evidence_pending
2807906005,unchanged,stable_raw_parent_code_only,2807906005,2807906005,0601,0601,1016,1188,0.0,geometry_metrics_checked_parent_evidence_pending
2807906006,unchanged,stable_raw_parent_code_only,2807906006,2807906006,0601,0601,922,1130,0.0,geometry_metrics_checked_parent_evidence_pending
2807906007,unchanged,stable_raw_parent_code_only,2807906007,2807906007,0601,0601,1046,1136,0.0,geometry_metrics_checked_parent_evidence_pending
2807906008,unchanged,stable_raw_parent_code_only,2807906008,2807906008,0601,0601,1076,1199,0.0,geometry_metrics_checked_parent_evidence_pending
2807906009,unchanged,stable_raw_parent_code_only,2807906009,2807906009,0601,0601,1053,1170,0.0,geometry_metrics_checked_parent_evidence_pending
2807906010,unchanged,stable_raw_parent_code_only,2807906010,2807906010,0601,0601,1734,1665,0.0,geometry_metrics_checked_parent_evidence_pending
2807906011,unchanged,stable_raw_parent_code_only,2807906011,2807906011,0601,0601,1206,1404,0.0,geometry_metrics_checked_parent_evidence_pending
2807906012,unchanged,stable_raw_parent_code_only,2807906012,2807906012,0601,0601,1034,1044,0.0,geometry_metrics_checked_parent_evidence_pending
2807906013,unchanged,stable_raw_parent_code_only,2807906013,2807906013,0601,0601,1043,1110,0.0,geometry_metrics_checked_parent_evidence_pending
2807906014,unchanged,stable_raw_parent_code_only,2807906014,2807906014,0601,0601,1158,1215,0.0,geometry_metrics_checked_parent_evidence_pending
2807906015,unchanged,stable_raw_parent_code_only,2807906015,2807906015,0601,0601,1087,1288,0.0,geometry_metrics_checked_parent_evidence_pending
2807906016,unchanged,stable_raw_parent_code_only,2807906016,2807906016,0601,0601,1715,1960,0.0,geometry_metrics_checked_parent_evidence_pending
2807906017,unchanged,stable_raw_parent_code_only,2807906017,2807906017,0601,0601,1084,1257,0.0,geometry_metrics_checked_parent_evidence_pending
2807906018,unchanged,stable_raw_parent_code_only,2807906018,2807906018,0601,0601,1368,1526,0.0,geometry_metrics_checked_parent_evidence_pending
2807906019,unchanged,stable_raw_parent_code_only,2807906019,2807906019,0601,0601,2111,2480,0.0,geometry_metrics_checked_parent_evidence_pending
2807906021,unchanged,stable_raw_parent_code_only,2807906021,2807906021,0601,0601,1865,2244,0.0,geometry_metrics_checked_parent_evidence_pending
2807906023,unchanged,stable_raw_parent_code_only,2807906023,2807906023,0601,0601,1141,1237,0.0,geometry_metrics_checked_parent_evidence_pending
2807906024,unchanged,stable_raw_parent_code_only,2807906024,2807906024,0602,0602,709,760,0.0,geometry_metrics_checked_parent_evidence_pending
2807906025,unchanged,stable_raw_parent_code_only,2807906025,2807906025,0602,0602,1075,1152,0.0,geometry_metrics_checked_parent_evidence_pending
2807906026,unchanged,stable_raw_parent_code_only,2807906026,2807906026,0602,0602,1006,1044,0.0,geometry_metrics_checked_parent_evidence_pending
2807906027,unchanged,stable_raw_parent_code_only,2807906027,2807906027,0602,0602,1176,1322,0.0,geometry_metrics_checked_parent_evidence_pending
2807906028,unchanged,stable_raw_parent_code_only,2807906028,2807906028,0602,0602,1315,1516,0.0,geometry_metrics_checked_parent_evidence_pending
2807906029,unchanged,stable_raw_parent_code_only,2807906029,2807906029,0602,0602,1477,1697,0.0,geometry_metrics_checked_parent_evidence_pending
2807906031,unchanged,stable_raw_parent_code_only,2807906031,2807906031,0602,0602,1168,1127,0.0,geometry_metrics_checked_parent_evidence_pending
2807906032,unchanged,stable_raw_parent_code_only,2807906032,2807906032,0602,0602,1054,1124,0.0,geometry_metrics_checked_parent_evidence_pending
2807906033,unchanged,stable_raw_parent_code_only,2807906033,2807906033,0602,0602,1410,1699,0.0,geometry_metrics_checked_parent_evidence_pending
2807906034,unchanged,stable_raw_parent_code_only,2807906034,2807906034,0602,0602,860,889,0.0,geometry_metrics_checked_parent_evidence_pending
2807906035,unchanged,stable_raw_parent_code_only,2807906035,2807906035,0602,0602,1583,1678,0.0,geometry_metrics_checked_parent_evidence_pending
2807906036,unchanged,stable_raw_parent_code_only,2807906036,2807906036,0602,0602,1004,1120,0.0,geometry_metrics_checked_parent_evidence_pending
2807906037,unchanged,stable_raw_parent_code_only,2807906037,2807906037,0602,0602,1113,1199,0.0,geometry_metrics_checked_parent_evidence_pending
2807906038,unchanged,stable_raw_parent_code_only,2807906038,2807906038,0602,0602,841,871,0.0,geometry_metrics_checked_parent_evidence_pending
2807906039,unchanged,stable_raw_parent_code_only,2807906039,2807906039,0602,0602,820,906,0.0,geometry_metrics_checked_parent_evidence_pending
2807906040,unchanged,stable_raw_parent_code_only,2807906040,2807906040,0602,0602,1131,1162,0.0,geometry_metrics_checked_parent_evidence_pending
2807906041,unchanged,stable_raw_parent_code_only,2807906041,2807906041,0602,0602,1730,1884,0.0,geometry_metrics_checked_parent_evidence_pending
2807906042,unchanged,stable_raw_parent_code_only,2807906042,2807906042,0602,0602,1867,2083,0.0,geometry_metrics_checked_parent_evidence_pending
2807906043,unchanged,stable_raw_parent_code_only,2807906043,2807906043,0602,0602,1418,1560,0.0,geometry_metrics_checked_parent_evidence_pending
2807906044,unchanged,stable_raw_parent_code_only,2807906044,2807906044,0602,0602,1017,1070,0.0,geometry_metrics_checked_parent_evidence_pending
2807906045,unchanged,stable_raw_parent_code_only,2807906045,2807906045,0602,0602,1145,1155,0.0,geometry_metrics_checked_parent_evidence_pending
2807906046,unchanged,stable_raw_parent_code_only,2807906046,2807906046,0602,0602,1537,1636,0.0,geometry_metrics_checked_parent_evidence_pending
2807906048,unchanged,stable_raw_parent_code_only,2807906048,2807906048,0602,0602,973,994,0.0,geometry_metrics_checked_parent_evidence_pending
2807906049,unchanged,stable_raw_parent_code_only,2807906049,2807906049,0602,0602,763,806,0.0,geometry_metrics_checked_parent_evidence_pending
2807906050,unchanged,stable_raw_parent_code_only,2807906050,2807906050,0602,0602,655,622,0.0,geometry_metrics_checked_parent_evidence_pending
2807906051,unchanged,stable_raw_parent_code_only,2807906051,2807906051,0602,0602,1177,1209,0.0,geometry_metrics_checked_parent_evidence_pending
2807906052,unchanged,stable_raw_parent_code_only,2807906052,2807906052,0602,0602,999,1027,0.0,geometry_metrics_checked_parent_evidence_pending
2807906053,unchanged,stable_raw_parent_code_only,2807906053,2807906053,0602,0602,1265,1393,0.0,geometry_metrics_checked_parent_evidence_pending
2807906054,unchanged,stable_raw_parent_code_only,2807906054,2807906054,0602,0602,1168,1616,0.0,geometry_metrics_checked_parent_evidence_pending
2807906056,unchanged,stable_raw_parent_code_only,2807906056,2807906056,0603,0603,2246,2529,0.0,geometry_metrics_checked_parent_evidence_pending
2807906057,unchanged,stable_raw_parent_code_only,2807906057,2807906057,0603,0603,1451,1517,0.0,geometry_metrics_checked_parent_evidence_pending
2807906058,unchanged,stable_raw_parent_code_only,2807906058,2807906058,0603,0603,1218,1212,0.0,geometry_metrics_checked_parent_evidence_pending
2807906059,unchanged,stable_raw_parent_code_only,2807906059,2807906059,0603,0603,973,1245,0.0,geometry_metrics_checked_parent_evidence_pending
2807906060,unchanged,stable_raw_parent_code_only,2807906060,2807906060,0603,0603,913,959,0.0,geometry_metrics_checked_parent_evidence_pending
2807906061,unchanged,stable_raw_parent_code_only,2807906061,2807906061,0603,0603,989,906,0.0,geometry_metrics_checked_parent_evidence_pending
2807906062,unchanged,stable_raw_parent_code_only,2807906062,2807906062,0603,0603,1841,2155,0.0,geometry_metrics_checked_parent_evidence_pending
2807906063,unchanged,stable_raw_parent_code_only,2807906063,2807906063,0603,0603,1178,1271,0.0,geometry_metrics_checked_parent_evidence_pending
2807906064,unchanged,stable_raw_parent_code_only,2807906064,2807906064,0603,0603,740,732,0.0,geometry_metrics_checked_parent_evidence_pending
2807906065,unchanged,stable_raw_parent_code_only,2807906065,2807906065,0603,0603,859,923,0.0,geometry_metrics_checked_parent_evidence_pending
2807906066,unchanged,stable_raw_parent_code_only,2807906066,2807906066,0603,0603,1260,1398,0.0,geometry_metrics_checked_parent_evidence_pending
2807906067,unchanged,stable_raw_parent_code_only,2807906067,2807906067,0603,0603,1167,1263,0.0,geometry_metrics_checked_parent_evidence_pending
2807906068,unchanged,stable_raw_parent_code_only,2807906068,2807906068,0603,0603,1213,1283,0.0,geometry_metrics_checked_parent_evidence_pending
2807906069,unchanged,stable_raw_parent_code_only,2807906069,2807906069,0603,0603,1471,1694,0.0,geometry_metrics_checked_parent_evidence_pending
2807906070,unchanged,stable_raw_parent_code_only,2807906070,2807906070,0603,0603,1269,1498,0.0,geometry_metrics_checked_parent_evidence_pending
2807906071,unchanged,stable_raw_parent_code_only,2807906071,2807906071,0603,0603,921,1052,0.0,geometry_metrics_checked_parent_evidence_pending
2807906072,unchanged,stable_raw_parent_code_only,2807906072,2807906072,0604,0604,1981,2337,0.0,geometry_metrics_checked_parent_evidence_pending
2807906073,unchanged,stable_raw_parent_code_only,2807906073,2807906073,0604,0604,1593,1789,0.0,geometry_metrics_checked_parent_evidence_pending
2807906074,unchanged,stable_raw_parent_code_only,2807906074,2807906074,0604,0604,922,908,0.0,geometry_metrics_checked_parent_evidence_pending
2807906075,unchanged,stable_raw_parent_code_only,2807906075,2807906075,0604,0604,1016,1127,0.0,geometry_metrics_checked_parent_evidence_pending
2807906076,unchanged,stable_raw_parent_code_only,2807906076,2807906076,0604,0604,913,945,0.0,geometry_metrics_checked_parent_evidence_pending
2807906077,unchanged,stable_raw_parent_code_only,2807906077,2807906077,0604,0604,860,1135,0.0,geometry_metrics_checked_parent_evidence_pending
2807906078,unchanged,stable_raw_parent_code_only,2807906078,2807906078,0604,0604,1016,1068,0.0,geometry_metrics_checked_parent_evidence_pending
2807906079,unchanged,stable_raw_parent_code_only,2807906079,2807906079,0604,0604,991,1091,0.0,geometry_metrics_checked_parent_evidence_pending
2807906080,unchanged,stable_raw_parent_code_only,2807906080,2807906080,0604,0604,898,1283,0.0,geometry_metrics_checked_parent_evidence_pending
2807906081,unchanged,stable_raw_parent_code_only,2807906081,2807906081,0604,0604,2468,2805,0.0,geometry_metrics_checked_parent_evidence_pending
2807906084,unchanged,stable_raw_parent_code_only,2807906084,2807906084,0604,0604,1607,2102,0.0,geometry_metrics_checked_parent_evidence_pending
2807906085,unchanged,stable_raw_parent_code_only,2807906085,2807906085,0604,0604,1644,1784,0.0,geometry_metrics_checked_parent_evidence_pending
2807906089,unchanged,stable_raw_parent_code_only,2807906089,2807906089,0604,0604,1228,1317,0.0,geometry_metrics_checked_parent_evidence_pending
2807906090,unchanged,stable_raw_parent_code_only,2807906090,2807906090,0605,0605,1877,2380,0.0,geometry_metrics_checked_parent_evidence_pending
2807906091,unchanged,stable_raw_parent_code_only,2807906091,2807906091,0605,0605,1485,1659,0.0,geometry_metrics_checked_parent_evidence_pending
2807906092,unchanged,stable_raw_parent_code_only,2807906092,2807906092,0605,0605,1113,1229,0.0,geometry_metrics_checked_parent_evidence_pending
2807906093,unchanged,stable_raw_parent_code_only,2807906093,2807906093,0605,0605,1239,1425,0.0,geometry_metrics_checked_parent_evidence_pending
2807906094,unchanged,stable_raw_parent_code_only,2807906094,2807906094,0605,0605,1801,2192,0.0,geometry_metrics_checked_parent_evidence_pending
2807906095,unchanged,stable_raw_parent_code_only,2807906095,2807906095,0605,0605,1067,1230,0.0,geometry_metrics_checked_parent_evidence_pending
2807906096,unchanged,stable_raw_parent_code_only,2807906096,2807906096,0605,0605,1101,1359,0.0,geometry_metrics_checked_parent_evidence_pending
2807906097,unchanged,stable_raw_parent_code_only,2807906097,2807906097,0605,0605,1371,1514,0.0,geometry_metrics_checked_parent_evidence_pending
2807906099,unchanged,stable_raw_parent_code_only,2807906099,2807906099,0605,0605,1493,2152,0.0,geometry_metrics_checked_parent_evidence_pending
Z-d8f9b4484784,merged,stable_raw_parent_code_only,2807906098|2807906101,2807906101,0605,0605,2078,2157,0.0,geometry_metrics_checked_parent_evidence_pending
2807906102,unchanged,stable_raw_parent_code_only,2807906102,2807906102,0605,0605,1559,1908,0.0,geometry_metrics_checked_parent_evidence_pending
2807906103,unchanged,stable_raw_parent_code_only,2807906103,2807906103,0605,0605,1539,1686,0.0,geometry_metrics_checked_parent_evidence_pending
2807906104,unchanged,stable_raw_parent_code_only,2807906104,2807906104,0605,0605,1227,1377,0.0,geometry_metrics_checked_parent_evidence_pending
2807906105,unchanged,stable_raw_parent_code_only,2807906105,2807906105,0605,0605,1813,2121,0.0,geometry_metrics_checked_parent_evidence_pending
2807906106,unchanged,stable_raw_parent_code_only,2807906106,2807906106,0605,0605,1209,1321,0.0,geometry_metrics_checked_parent_evidence_pending
2807906107,unchanged,stable_raw_parent_code_only,2807906107,2807906107,0605,0605,1351,1542,0.0,geometry_metrics_checked_parent_evidence_pending
2807906108,unchanged,stable_raw_parent_code_only,2807906108,2807906108,0606,0606,1274,1564,0.0,geometry_metrics_checked_parent_evidence_pending
2807906109,unchanged,stable_raw_parent_code_only,2807906109,2807906109,0606,0606,1885,2353,0.0,geometry_metrics_checked_parent_evidence_pending
2807906110,unchanged,stable_raw_parent_code_only,2807906110,2807906110,0606,0606,1352,1463,0.0,geometry_metrics_checked_parent_evidence_pending
2807906111,unchanged,stable_raw_parent_code_only,2807906111,2807906111,0606,0606,1816,2214,0.0,geometry_metrics_checked_parent_evidence_pending
2807906112,unchanged,stable_raw_parent_code_only,2807906112,2807906112,0606,0606,991,1124,0.0,geometry_metrics_checked_parent_evidence_pending
2807906113,unchanged,stable_raw_parent_code_only,2807906113,2807906113,0606,0606,982,1113,0.0,geometry_metrics_checked_parent_evidence_pending
2807906114,unchanged,stable_raw_parent_code_only,2807906114,2807906114,0606,0606,1806,2217,0.0,geometry_metrics_checked_parent_evidence_pending
2807906115,unchanged,stable_raw_parent_code_only,2807906115,2807906115,0606,0606,1051,1274,0.0,geometry_metrics_checked_parent_evidence_pending
2807906116,unchanged,stable_raw_parent_code_only,2807906116,2807906116,0606,0606,2147,2336,0.0,geometry_metrics_checked_parent_evidence_pending
2807906117,unchanged,stable_raw_parent_code_only,2807906117,2807906117,0606,0606,1900,2234,0.0,geometry_metrics_checked_parent_evidence_pending
2807906118,unchanged,stable_raw_parent_code_only,2807906118,2807906118,0606,0606,974,1017,0.0,geometry_metrics_checked_parent_evidence_pending
2807906119,unchanged,stable_raw_parent_code_only,2807906119,2807906119,0606,0606,923,1079,0.0,geometry_metrics_checked_parent_evidence_pending
2807906120,unchanged,stable_raw_parent_code_only,2807906120,2807906120,0606,0606,1375,1644,0.0,geometry_metrics_checked_parent_evidence_pending
2807906121,unchanged,stable_raw_parent_code_only,2807906121,2807906121,0606,0606,1234,1312,0.0,geometry_metrics_checked_parent_evidence_pending
2807906122,unchanged,stable_raw_parent_code_only,2807906122,2807906122,0606,0606,1695,1857,0.0,geometry_metrics_checked_parent_evidence_pending
2807906123,unchanged,stable_raw_parent_code_only,2807906123,2807906123,0606,0606,1286,1496,0.0,geometry_metrics_checked_parent_evidence_pending
2807906124,unchanged,stable_raw_parent_code_only,2807906124,2807906124,0606,0606,1029,1218,0.0,geometry_metrics_checked_parent_evidence_pending
2807906125,unchanged,stable_raw_parent_code_only,2807906125,2807906125,0601,0601,1529,1579,0.0,geometry_metrics_checked_parent_evidence_pending
2807906126,unchanged,stable_raw_parent_code_only,2807906126,2807906126,0605,0605,1310,1485,0.0,geometry_metrics_checked_parent_evidence_pending
2807906127,unchanged,stable_raw_parent_code_only,2807906127,2807906127,0604,0604,1544,1461,0.0,geometry_metrics_checked_parent_evidence_pending
2807906128,unchanged,stable_raw_parent_code_only,2807906128,2807906128,0604,0604,1390,1440,0.0,geometry_metrics_checked_parent_evidence_pending
2807906129,unchanged,stable_raw_parent_code_only,2807906129,2807906129,0604,0604,1658,2150,0.0,geometry_metrics_checked_parent_evidence_pending
2807907001,unchanged,stable_raw_parent_code_only,2807907001,2807907001,0701,0701,1093,1235,0.0,geometry_metrics_checked_parent_evidence_pending
2807907002,unchanged,stable_raw_parent_code_only,2807907002,2807907002,0701,0701,866,863,0.0,geometry_metrics_checked_parent_evidence_pending
2807907003,unchanged,stable_raw_parent_code_only,2807907003,2807907003,0701,0701,1237,1258,0.0,geometry_metrics_checked_parent_evidence_pending
Z-b13700204998,merged,stable_raw_parent_code_only,2807907004|2807907005,2807907004,0701,0701,1565,1740,0.0,geometry_metrics_checked_parent_evidence_pending
2807907006,unchanged,stable_raw_parent_code_only,2807907006,2807907006,0701,0701,1391,1542,0.0,geometry_metrics_checked_parent_evidence_pending
2807907007,unchanged,stable_raw_parent_code_only,2807907007,2807907007,0701,0701,883,875,0.0,geometry_metrics_checked_parent_evidence_pending
2807907008,unchanged,stable_raw_parent_code_only,2807907008,2807907008,0701,0701,1278,1314,0.0,geometry_metrics_checked_parent_evidence_pending
2807907009,unchanged,stable_raw_parent_code_only,2807907009,2807907009,0701,0701,882,931,0.0,geometry_metrics_checked_parent_evidence_pending
2807907010,unchanged,stable_raw_parent_code_only,2807907010,2807907010,0701,0701,1065,1112,0.0,geometry_metrics_checked_parent_evidence_pending
2807907011,unchanged,stable_raw_parent_code_only,2807907011,2807907011,0701,0701,1177,1215,0.0,geometry_metrics_checked_parent_evidence_pending
2807907012,unchanged,stable_raw_parent_code_only,2807907012,2807907012,0701,0701,1478,1484,0.0,geometry_metrics_checked_parent_evidence_pending
2807907013,unchanged,stable_raw_parent_code_only,2807907013,2807907013,0701,0701,861,889,0.0,geometry_metrics_checked_parent_evidence_pending
2807907014,unchanged,stable_raw_parent_code_only,2807907014,2807907014,0701,0701,1136,1134,0.0,geometry_metrics_checked_parent_evidence_pending
2807907016,unchanged,stable_raw_parent_code_only,2807907016,2807907016,0701,0701,1445,1659,0.0,geometry_metrics_checked_parent_evidence_pending
2807907017,unchanged,stable_raw_parent_code_only,2807907017,2807907017,0701,0701,902,978,0.0,geometry_metrics_checked_parent_evidence_pending
2807907018,unchanged,stable_raw_parent_code_only,2807907018,2807907018,0701,0701,1511,1579,0.0,geometry_metrics_checked_parent_evidence_pending
2807907019,unchanged,stable_raw_parent_code_only,2807907019,2807907019,0701,0701,1156,1207,0.0,geometry_metrics_checked_parent_evidence_pending
2807907021,unchanged,stable_raw_parent_code_only,2807907021,2807907021,0701,0701,1815,2007,0.0,geometry_metrics_checked_parent_evidence_pending
2807907023,unchanged,stable_raw_parent_code_only,2807907023,2807907023,0701,0701,975,1018,0.0,geometry_metrics_checked_parent_evidence_pending
2807907024,unchanged,stable_raw_parent_code_only,2807907024,2807907024,0702,0702,701,718,0.0,geometry_metrics_checked_parent_evidence_pending
2807907025,unchanged,stable_raw_parent_code_only,2807907025,2807907025,0702,0702,1172,1138,0.0,geometry_metrics_checked_parent_evidence_pending
2807907026,unchanged,stable_raw_parent_code_only,2807907026,2807907026,0702,0702,1748,1801,0.0,geometry_metrics_checked_parent_evidence_pending
2807907028,unchanged,stable_raw_parent_code_only,2807907028,2807907028,0702,0702,1186,1192,0.0,geometry_metrics_checked_parent_evidence_pending
2807907030,unchanged,stable_raw_parent_code_only,2807907030,2807907030,0702,0702,1141,1184,0.0,geometry_metrics_checked_parent_evidence_pending
2807907031,unchanged,stable_raw_parent_code_only,2807907031,2807907031,0702,0702,807,813,0.0,geometry_metrics_checked_parent_evidence_pending
2807907032,unchanged,stable_raw_parent_code_only,2807907032,2807907032,0702,0702,1341,1232,0.0,geometry_metrics_checked_parent_evidence_pending
2807907034,unchanged,stable_raw_parent_code_only,2807907034,2807907034,0702,0702,1432,1509,0.0,geometry_metrics_checked_parent_evidence_pending
2807907035,unchanged,stable_raw_parent_code_only,2807907035,2807907035,0702,0702,721,763,0.0,geometry_metrics_checked_parent_evidence_pending
2807907036,unchanged,stable_raw_parent_code_only,2807907036,2807907036,0702,0702,1579,1622,0.0,geometry_metrics_checked_parent_evidence_pending
2807907038,unchanged,stable_raw_parent_code_only,2807907038,2807907038,0702,0702,1067,1047,0.0,geometry_metrics_checked_parent_evidence_pending
2807907039,unchanged,stable_raw_parent_code_only,2807907039,2807907039,0702,0702,922,1011,0.0,geometry_metrics_checked_parent_evidence_pending
2807907040,unchanged,stable_raw_parent_code_only,2807907040,2807907040,0702,0702,1029,1113,0.0,geometry_metrics_checked_parent_evidence_pending
2807907041,unchanged,stable_raw_parent_code_only,2807907041,2807907041,0702,0702,1264,1532,0.0,geometry_metrics_checked_parent_evidence_pending
2807907042,unchanged,stable_raw_parent_code_only,2807907042,2807907042,0702,0702,982,946,0.0,geometry_metrics_checked_parent_evidence_pending
2807907043,unchanged,stable_raw_parent_code_only,2807907043,2807907043,0702,0702,1119,1134,0.0,geometry_metrics_checked_parent_evidence_pending
2807907044,unchanged,stable_raw_parent_code_only,2807907044,2807907044,0702,0702,911,962,0.0,geometry_metrics_checked_parent_evidence_pending
2807907045,unchanged,stable_raw_parent_code_only,2807907045,2807907045,0702,0702,923,1068,0.0,geometry_metrics_checked_parent_evidence_pending
2807907046,unchanged,stable_raw_parent_code_only,2807907046,2807907046,0702,0702,781,764,0.0,geometry_metrics_checked_parent_evidence_pending
2807907047,unchanged,stable_raw_parent_code_only,2807907047,2807907047,0702,0702,1083,1141,0.0,geometry_metrics_checked_parent_evidence_pending
2807907048,unchanged,stable_raw_parent_code_only,2807907048,2807907048,0702,0702,1703,1889,0.0,geometry_metrics_checked_parent_evidence_pending
2807907049,unchanged,stable_raw_parent_code_only,2807907049,2807907049,0702,0702,700,831,0.0,geometry_metrics_checked_parent_evidence_pending
2807907050,unchanged,stable_raw_parent_code_only,2807907050,2807907050,0703,0703,861,896,0.0,geometry_metrics_checked_parent_evidence_pending
2807907051,unchanged,stable_raw_parent_code_only,2807907051,2807907051,0703,0703,714,827,0.0,geometry_metrics_checked_parent_evidence_pending
2807907052,unchanged,stable_raw_parent_code_only,2807907052,2807907052,0703,0703,705,745,0.0,geometry_metrics_checked_parent_evidence_pending
2807907053,unchanged,stable_raw_parent_code_only,2807907053,2807907053,0703,0703,1287,1517,0.0,geometry_metrics_checked_parent_evidence_pending
2807907055,unchanged,stable_raw_parent_code_only,2807907055,2807907055,0703,0703,728,723,0.0,geometry_metrics_checked_parent_evidence_pending
2807907056,unchanged,stable_raw_parent_code_only,2807907056,2807907056,0703,0703,722,755,0.0,geometry_metrics_checked_parent_evidence_pending
2807907057,unchanged,stable_raw_parent_code_only,2807907057,2807907057,0703,0703,1432,1525,0.0,geometry_metrics_checked_parent_evidence_pending
2807907058,unchanged,stable_raw_parent_code_only,2807907058,2807907058,0703,0703,1157,1188,0.0,geometry_metrics_checked_parent_evidence_pending
2807907059,unchanged,stable_raw_parent_code_only,2807907059,2807907059,0703,0703,784,801,0.0,geometry_metrics_checked_parent_evidence_pending
2807907060,unchanged,stable_raw_parent_code_only,2807907060,2807907060,0703,0703,902,906,0.0,geometry_metrics_checked_parent_evidence_pending
2807907061,unchanged,stable_raw_parent_code_only,2807907061,2807907061,0703,0703,1203,1262,0.0,geometry_metrics_checked_parent_evidence_pending
2807907062,unchanged,stable_raw_parent_code_only,2807907062,2807907062,0703,0703,982,1075,0.0,geometry_metrics_checked_parent_evidence_pending
2807907063,unchanged,stable_raw_parent_code_only,2807907063,2807907063,0703,0703,1268,1245,0.0,geometry_metrics_checked_parent_evidence_pending
2807907064,unchanged,stable_raw_parent_code_only,2807907064,2807907064,0703,0703,1111,1118,0.0,geometry_metrics_checked_parent_evidence_pending
2807907065,unchanged,stable_raw_parent_code_only,2807907065,2807907065,0703,0703,1295,1428,0.0,geometry_metrics_checked_parent_evidence_pending
2807907066,unchanged,stable_raw_parent_code_only,2807907066,2807907066,0703,0703,1085,1091,0.0,geometry_metrics_checked_parent_evidence_pending
2807907067,unchanged,stable_raw_parent_code_only,2807907067,2807907067,0703,0703,965,1128,0.0,geometry_metrics_checked_parent_evidence_pending
2807907068,unchanged,stable_raw_parent_code_only,2807907068,2807907068,0703,0703,1098,1114,0.0,geometry_metrics_checked_parent_evidence_pending
2807907069,unchanged,stable_raw_parent_code_only,2807907069,2807907069,0703,0703,988,961,0.0,geometry_metrics_checked_parent_evidence_pending
2807907070,unchanged,stable_raw_parent_code_only,2807907070,2807907070,0703,0703,1225,1339,0.0,geometry_metrics_checked_parent_evidence_pending
2807907071,unchanged,stable_raw_parent_code_only,2807907071,2807907071,0703,0703,1006,1063,0.0,geometry_metrics_checked_parent_evidence_pending
2807907072,unchanged,stable_raw_parent_code_only,2807907072,2807907072,0703,0703,1565,1521,0.0,geometry_metrics_checked_parent_evidence_pending
2807907073,unchanged,stable_raw_parent_code_only,2807907073,2807907073,0703,0703,1318,1461,0.0,geometry_metrics_checked_parent_evidence_pending
2807907075,unchanged,stable_raw_parent_code_only,2807907075,2807907075,0704,0704,995,1052,0.0,geometry_metrics_checked_parent_evidence_pending
2807907076,unchanged,stable_raw_parent_code_only,2807907076,2807907076,0704,0704,988,884,0.0,geometry_metrics_checked_parent_evidence_pending
2807907078,unchanged,stable_raw_parent_code_only,2807907078,2807907078,0704,0704,988,1061,0.0,geometry_metrics_checked_parent_evidence_pending
2807907079,unchanged,stable_raw_parent_code_only,2807907079,2807907079,0704,0704,910,935,0.0,geometry_metrics_checked_parent_evidence_pending
2807907080,unchanged,stable_raw_parent_code_only,2807907080,2807907080,0704,0704,1254,1212,0.0,geometry_metrics_checked_parent_evidence_pending
2807907081,unchanged,stable_raw_parent_code_only,2807907081,2807907081,0704,0704,1291,1443,0.0,geometry_metrics_checked_parent_evidence_pending
2807907082,unchanged,stable_raw_parent_code_only,2807907082,2807907082,0704,0704,1077,1159,0.0,geometry_metrics_checked_parent_evidence_pending
2807907083,unchanged,stable_raw_parent_code_only,2807907083,2807907083,0704,0704,704,712,0.0,geometry_metrics_checked_parent_evidence_pending
2807907084,unchanged,stable_raw_parent_code_only,2807907084,2807907084,0704,0704,1119,1088,0.0,geometry_metrics_checked_parent_evidence_pending
2807907085,unchanged,stable_raw_parent_code_only,2807907085,2807907085,0704,0704,1504,1568,0.0,geometry_metrics_checked_parent_evidence_pending
2807907086,unchanged,stable_raw_parent_code_only,2807907086,2807907086,0704,0704,819,884,0.0,geometry_metrics_checked_parent_evidence_pending
2807907087,unchanged,stable_raw_parent_code_only,2807907087,2807907087,0704,0704,897,984,0.0,geometry_metrics_checked_parent_evidence_pending
2807907088,unchanged,stable_raw_parent_code_only,2807907088,2807907088,0704,0704,1111,1124,0.0,geometry_metrics_checked_parent_evidence_pending
2807907089,unchanged,stable_raw_parent_code_only,2807907089,2807907089,0704,0704,1432,1357,0.0,geometry_metrics_checked_parent_evidence_pending
2807907090,unchanged,stable_raw_parent_code_only,2807907090,2807907090,0704,0704,1044,1017,0.0,geometry_metrics_checked_parent_evidence_pending
2807907091,unchanged,stable_raw_parent_code_only,2807907091,2807907091,0704,0704,966,1012,0.0,geometry_metrics_checked_parent_evidence_pending
2807907092,unchanged,stable_raw_parent_code_only,2807907092,2807907092,0704,0704,1219,1293,0.0,geometry_metrics_checked_parent_evidence_pending
2807907093,unchanged,stable_raw_parent_code_only,2807907093,2807907093,0704,0704,1274,1333,0.0,geometry_metrics_checked_parent_evidence_pending
2807907094,unchanged,stable_raw_parent_code_only,2807907094,2807907094,0705,0705,1552,1695,0.0,geometry_metrics_checked_parent_evidence_pending
2807907095,unchanged,stable_raw_parent_code_only,2807907095,2807907095,0705,0705,1450,1433,0.0,geometry_metrics_checked_parent_evidence_pending
2807907096,unchanged,stable_raw_parent_code_only,2807907096,2807907096,0705,0705,1069,1262,0.0,geometry_metrics_checked_parent_evidence_pending
2807907097,unchanged,stable_raw_parent_code_only,2807907097,2807907097,0705,0705,797,920,0.0,geometry_metrics_checked_parent_evidence_pending
2807907098,unchanged,stable_raw_parent_code_only,2807907098,2807907098,0705,0705,915,963,0.0,geometry_metrics_checked_parent_evidence_pending
2807907099,unchanged,stable_raw_parent_code_only,2807907099,2807907099,0705,0705,936,923,0.0,geometry_metrics_checked_parent_evidence_pending
2807907100,unchanged,stable_raw_parent_code_only,2807907100,2807907100,0705,0705,860,866,0.0,geometry_metrics_checked_parent_evidence_pending
2807907101,unchanged,stable_raw_parent_code_only,2807907101,2807907101,0705,0705,1290,1280,0.0,geometry_metrics_checked_parent_evidence_pending
2807907102,unchanged,stable_raw_parent_code_only,2807907102,2807907102,0705,0705,1396,1445,0.0,geometry_metrics_checked_parent_evidence_pending
2807907103,unchanged,stable_raw_parent_code_only,2807907103,2807907103,0705,0705,1557,1522,0.0,geometry_metrics_checked_parent_evidence_pending
2807907105,unchanged,stable_raw_parent_code_only,2807907105,2807907105,0705,0705,1067,1172,0.0,geometry_metrics_checked_parent_evidence_pending
2807907106,unchanged,stable_raw_parent_code_only,2807907106,2807907106,0705,0705,1328,1285,0.0,geometry_metrics_checked_parent_evidence_pending
2807907107,unchanged,stable_raw_parent_code_only,2807907107,2807907107,0705,0705,1069,1031,0.0,geometry_metrics_checked_parent_evidence_pending
2807907108,unchanged,stable_raw_parent_code_only,2807907108,2807907108,0705,0705,980,1073,0.0,geometry_metrics_checked_parent_evidence_pending
2807907109,unchanged,stable_raw_parent_code_only,2807907109,2807907109,0705,0705,1287,1315,0.0,geometry_metrics_checked_parent_evidence_pending
2807907110,unchanged,stable_raw_parent_code_only,2807907110,2807907110,0705,0705,1021,1043,0.0,geometry_metrics_checked_parent_evidence_pending
2807907111,unchanged,stable_raw_parent_code_only,2807907111,2807907111,0705,0705,1303,1268,0.0,geometry_metrics_checked_parent_evidence_pending
Z-93d70d566b61,merged,stable_raw_parent_code_only,2807907112|2807907113,2807907113,0705,0705,1326,2147,0.0,geometry_metrics_checked_parent_evidence_pending
2807907114,unchanged,stable_raw_parent_code_only,2807907114,2807907114,0705,0705,1822,1795,0.0,geometry_metrics_checked_parent_evidence_pending
2807907115,unchanged,stable_raw_parent_code_only,2807907115,2807907115,0705,0705,1421,1435,0.0,geometry_metrics_checked_parent_evidence_pending
2807907116,unchanged,stable_raw_parent_code_only,2807907116,2807907116,0705,0705,1086,1232,0.0,geometry_metrics_checked_parent_evidence_pending
2807907117,unchanged,stable_raw_parent_code_only,2807907117,2807907117,0705,0705,1360,1371,0.0,geometry_metrics_checked_parent_evidence_pending
2807907118,unchanged,stable_raw_parent_code_only,2807907118,2807907118,0706,0706,1398,1569,0.0,geometry_metrics_checked_parent_evidence_pending
2807907119,unchanged,stable_raw_parent_code_only,2807907119,2807907119,0706,0706,1268,1370,0.0,geometry_metrics_checked_parent_evidence_pending
Z-5f609f332415,merged,stable_raw_parent_code_only,2807907120|2807907134,2807907120,0706,0706,1760,1631,0.0,geometry_metrics_checked_parent_evidence_pending
2807907121,unchanged,stable_raw_parent_code_only,2807907121,2807907121,0706,0706,1740,1801,0.0,geometry_metrics_checked_parent_evidence_pending
2807907122,unchanged,stable_raw_parent_code_only,2807907122,2807907122,0706,0706,1121,1173,0.0,geometry_metrics_checked_parent_evidence_pending
2807907123,unchanged,stable_raw_parent_code_only,2807907123,2807907123,0706,0706,1127,1125,0.0,geometry_metrics_checked_parent_evidence_pending
2807907124,unchanged,stable_raw_parent_code_only,2807907124,2807907124,0706,0706,732,756,0.0,geometry_metrics_checked_parent_evidence_pending
2807907125,unchanged,stable_raw_parent_code_only,2807907125,2807907125,0706,0706,989,1047,0.0,geometry_metrics_checked_parent_evidence_pending
2807907126,unchanged,stable_raw_parent_code_only,2807907126,2807907126,0706,0706,1033,1031,0.0,geometry_metrics_checked_parent_evidence_pending
2807907127,unchanged,stable_raw_parent_code_only,2807907127,2807907127,0706,0706,1440,1484,0.0,geometry_metrics_checked_parent_evidence_pending
2807907128,unchanged,stable_raw_parent_code_only,2807907128,2807907128,0706,0706,781,802,0.0,geometry_metrics_checked_parent_evidence_pending
2807907129,unchanged,stable_raw_parent_code_only,2807907129,2807907129,0706,0706,848,904,0.0,geometry_metrics_checked_parent_evidence_pending
2807907130,unchanged,stable_raw_parent_code_only,2807907130,2807907130,0706,0706,1004,1275,0.0,geometry_metrics_checked_parent_evidence_pending
2807907131,unchanged,stable_raw_parent_code_only,2807907131,2807907131,0706,0706,1240,1275,0.0,geometry_metrics_checked_parent_evidence_pending
2807907132,unchanged,stable_raw_parent_code_only,2807907132,2807907132,0706,0706,1140,1141,0.0,geometry_metrics_checked_parent_evidence_pending
2807907133,unchanged,stable_raw_parent_code_only,2807907133,2807907133,0706,0706,1154,1109,0.0,geometry_metrics_checked_parent_evidence_pending
2807907135,unchanged,stable_raw_parent_code_only,2807907135,2807907135,0706,0706,1079,1129,0.0,geometry_metrics_checked_parent_evidence_pending
2807908001,unchanged,stable_raw_parent_code_only,2807908001,2807908001,0801,0801,838,892,0.0,geometry_metrics_checked_parent_evidence_pending
2807908002,unchanged,stable_raw_parent_code_only,2807908002,2807908002,0801,0801,710,801,2.726212701525305e-10,geometry_metrics_checked_parent_evidence_pending
2807908003,unchanged,stable_raw_parent_code_only,2807908003,2807908003,0801,0801,1166,1144,0.0,geometry_metrics_checked_parent_evidence_pending
2807908004,unchanged,stable_raw_parent_code_only,2807908004,2807908004,0801,0801,719,662,8.101162719599257e-08,geometry_metrics_checked_parent_evidence_pending
2807908005,unchanged,stable_raw_parent_code_only,2807908005,2807908005,0802,0802,1011,1217,0.0,geometry_metrics_checked_parent_evidence_pending
2807908006,unchanged,stable_raw_parent_code_only,2807908006,2807908006,0802,0802,982,1069,0.0,geometry_metrics_checked_parent_evidence_pending
2807908007,unchanged,stable_raw_parent_code_only,2807908007,2807908007,0802,0802,1230,1261,0.0,geometry_metrics_checked_parent_evidence_pending
2807908008,unchanged,stable_raw_parent_code_only,2807908008,2807908008,0803,0803,1427,1851,6.171449513292353e-10,geometry_metrics_checked_parent_evidence_pending
2807908009,unchanged,stable_raw_parent_code_only,2807908009,2807908009,0803,0803,1707,1756,0.0,geometry_metrics_checked_parent_evidence_pending
2807908010,unchanged,stable_raw_parent_code_only,2807908010,2807908010,0803,0803,838,880,0.0,geometry_metrics_checked_parent_evidence_pending
2807908011,unchanged,stable_raw_parent_code_only,2807908011,2807908011,0803,0803,735,761,0.0,geometry_metrics_checked_parent_evidence_pending
2807908012,unchanged,stable_raw_parent_code_only,2807908012,2807908012,0803,0803,1232,1489,0.0,geometry_metrics_checked_parent_evidence_pending
Z-eb3fd192bfff,split,stable_raw_parent_code_only,2807908013,2807908013|2807908182,0803,0803,2530,2890,6.891303739314843e-10,geometry_metrics_checked_parent_evidence_pending
2807908014,unchanged,stable_raw_parent_code_only,2807908014,2807908014,0803,0803,723,715,0.0,geometry_metrics_checked_parent_evidence_pending
2807908015,unchanged,stable_raw_parent_code_only,2807908015,2807908015,0803,0803,1010,959,0.0,geometry_metrics_checked_parent_evidence_pending
2807908016,unchanged,stable_raw_parent_code_only,2807908016,2807908016,0803,0803,906,1093,0.0,geometry_metrics_checked_parent_evidence_pending
2807908017,unchanged,stable_raw_parent_code_only,2807908017,2807908017,0803,0803,1817,1823,0.0,geometry_metrics_checked_parent_evidence_pending
2807908018,unchanged,stable_raw_parent_code_only,2807908018,2807908018,0803,0803,836,877,0.0,geometry_metrics_checked_parent_evidence_pending
2807908019,unchanged,stable_raw_parent_code_only,2807908019,2807908019,0803,0803,836,926,0.0,geometry_metrics_checked_parent_evidence_pending
2807908020,unchanged,stable_raw_parent_code_only,2807908020,2807908020,0803,0803,888,855,0.0,geometry_metrics_checked_parent_evidence_pending
2807908021,unchanged,stable_raw_parent_code_only,2807908021,2807908021,0803,0803,992,1070,0.0,geometry_metrics_checked_parent_evidence_pending
2807908022,unchanged,stable_raw_parent_code_only,2807908022,2807908022,0803,0803,966,954,0.0,geometry_metrics_checked_parent_evidence_pending
2807908023,unchanged,stable_raw_parent_code_only,2807908023,2807908023,0803,0803,985,932,0.0,geometry_metrics_checked_parent_evidence_pending
2807908024,unchanged,stable_raw_parent_code_only,2807908024,2807908024,0803,0803,1905,1853,0.0,geometry_metrics_checked_parent_evidence_pending
2807908025,unchanged,stable_raw_parent_code_only,2807908025,2807908025,0803,0803,857,853,0.0,geometry_metrics_checked_parent_evidence_pending
2807908026,unchanged,stable_raw_parent_code_only,2807908026,2807908026,0803,0803,1420,1326,0.0,geometry_metrics_checked_parent_evidence_pending
2807908027,unchanged,stable_raw_parent_code_only,2807908027,2807908027,0803,0803,1377,1309,0.0,geometry_metrics_checked_parent_evidence_pending
2807908028,unchanged,stable_raw_parent_code_only,2807908028,2807908028,0803,0803,1198,1140,0.0,geometry_metrics_checked_parent_evidence_pending
2807908029,unchanged,stable_raw_parent_code_only,2807908029,2807908029,0803,0803,1488,1533,0.0,geometry_metrics_checked_parent_evidence_pending
2807908030,unchanged,stable_raw_parent_code_only,2807908030,2807908030,0804,0804,1519,1497,0.0,geometry_metrics_checked_parent_evidence_pending
2807908031,unchanged,stable_raw_parent_code_only,2807908031,2807908031,0804,0804,1485,1493,0.0,geometry_metrics_checked_parent_evidence_pending
2807908032,unchanged,stable_raw_parent_code_only,2807908032,2807908032,0804,0804,680,727,0.0,geometry_metrics_checked_parent_evidence_pending
2807908033,unchanged,stable_raw_parent_code_only,2807908033,2807908033,0804,0804,1060,1155,0.0,geometry_metrics_checked_parent_evidence_pending
2807908034,unchanged,stable_raw_parent_code_only,2807908034,2807908034,0804,0804,1677,1627,0.0,geometry_metrics_checked_parent_evidence_pending
2807908035,unchanged,stable_raw_parent_code_only,2807908035,2807908035,0805,0805,1443,1345,0.0,geometry_metrics_checked_parent_evidence_pending
2807908036,unchanged,stable_raw_parent_code_only,2807908036,2807908036,0805,0805,1596,1556,0.0,geometry_metrics_checked_parent_evidence_pending
2807908037,unchanged,stable_raw_parent_code_only,2807908037,2807908037,0805,0805,854,799,0.0,geometry_metrics_checked_parent_evidence_pending
2807908038,unchanged,stable_raw_parent_code_only,2807908038,2807908038,0805,0805,845,822,0.0,geometry_metrics_checked_parent_evidence_pending
2807908039,unchanged,stable_raw_parent_code_only,2807908039,2807908039,0805,0805,1091,1036,0.0,geometry_metrics_checked_parent_evidence_pending
2807908040,unchanged,stable_raw_parent_code_only,2807908040,2807908040,0805,0805,1165,997,0.0,geometry_metrics_checked_parent_evidence_pending
2807908041,unchanged,stable_raw_parent_code_only,2807908041,2807908041,0805,0805,759,749,0.0,geometry_metrics_checked_parent_evidence_pending
2807908042,unchanged,stable_raw_parent_code_only,2807908042,2807908042,0805,0805,1449,1400,0.0,geometry_metrics_checked_parent_evidence_pending
2807908043,unchanged,stable_raw_parent_code_only,2807908043,2807908043,0805,0805,1408,1281,0.0,geometry_metrics_checked_parent_evidence_pending
2807908044,unchanged,stable_raw_parent_code_only,2807908044,2807908044,0805,0805,1656,1486,0.0,geometry_metrics_checked_parent_evidence_pending
2807908045,unchanged,stable_raw_parent_code_only,2807908045,2807908045,0804,0804,905,952,0.0,geometry_metrics_checked_parent_evidence_pending
2807908046,unchanged,stable_raw_parent_code_only,2807908046,2807908046,0804,0804,1101,1204,0.0,geometry_metrics_checked_parent_evidence_pending
2807908047,unchanged,stable_raw_parent_code_only,2807908047,2807908047,0804,0804,1261,1431,0.0,geometry_metrics_checked_parent_evidence_pending
2807908048,unchanged,stable_raw_parent_code_only,2807908048,2807908048,0804,0804,1076,1137,0.0,geometry_metrics_checked_parent_evidence_pending
2807908049,unchanged,stable_raw_parent_code_only,2807908049,2807908049,0803,0803,2220,2282,0.0,geometry_metrics_checked_parent_evidence_pending
2807908050,unchanged,stable_raw_parent_code_only,2807908050,2807908050,0803,0803,1916,1727,0.0,geometry_metrics_checked_parent_evidence_pending
2807908051,unchanged,stable_raw_parent_code_only,2807908051,2807908051,0803,0803,1381,1238,0.0,geometry_metrics_checked_parent_evidence_pending
2807908052,unchanged,stable_raw_parent_code_only,2807908052,2807908052,0803,0803,1870,2099,0.0,geometry_metrics_checked_parent_evidence_pending
2807908053,unchanged,stable_raw_parent_code_only,2807908053,2807908053,0804,0804,1144,1276,0.0,geometry_metrics_checked_parent_evidence_pending
2807908054,unchanged,stable_raw_parent_code_only,2807908054,2807908054,0804,0804,1154,1075,0.0,geometry_metrics_checked_parent_evidence_pending
2807908055,unchanged,stable_raw_parent_code_only,2807908055,2807908055,0804,0804,1525,1470,0.0,geometry_metrics_checked_parent_evidence_pending
2807908056,unchanged,stable_raw_parent_code_only,2807908056,2807908056,0804,0804,1181,1182,0.0,geometry_metrics_checked_parent_evidence_pending
2807908057,unchanged,stable_raw_parent_code_only,2807908057,2807908057,0804,0804,1104,1077,0.0,geometry_metrics_checked_parent_evidence_pending
2807908058,unchanged,stable_raw_parent_code_only,2807908058,2807908058,0804,0804,885,852,0.0,geometry_metrics_checked_parent_evidence_pending
2807908059,unchanged,stable_raw_parent_code_only,2807908059,2807908059,0804,0804,906,801,0.0,geometry_metrics_checked_parent_evidence_pending
2807908060,unchanged,stable_raw_parent_code_only,2807908060,2807908060,0804,0804,1377,1229,0.0,geometry_metrics_checked_parent_evidence_pending
2807908061,unchanged,stable_raw_parent_code_only,2807908061,2807908061,0804,0804,984,1004,0.0,geometry_metrics_checked_parent_evidence_pending
2807908062,unchanged,stable_raw_parent_code_only,2807908062,2807908062,0804,0804,703,744,0.0,geometry_metrics_checked_parent_evidence_pending
2807908063,unchanged,stable_raw_parent_code_only,2807908063,2807908063,0804,0804,824,876,0.0,geometry_metrics_checked_parent_evidence_pending
2807908064,unchanged,stable_raw_parent_code_only,2807908064,2807908064,0804,0804,1199,1296,0.0,geometry_metrics_checked_parent_evidence_pending
2807908065,unchanged,stable_raw_parent_code_only,2807908065,2807908065,0804,0804,968,1050,0.0,geometry_metrics_checked_parent_evidence_pending
2807908066,unchanged,stable_raw_parent_code_only,2807908066,2807908066,0804,0804,784,860,0.0,geometry_metrics_checked_parent_evidence_pending
2807908067,unchanged,stable_raw_parent_code_only,2807908067,2807908067,0804,0804,1426,1708,0.0,geometry_metrics_checked_parent_evidence_pending
2807908068,unchanged,stable_raw_parent_code_only,2807908068,2807908068,0804,0804,1002,1050,0.0,geometry_metrics_checked_parent_evidence_pending
2807908069,unchanged,stable_raw_parent_code_only,2807908069,2807908069,0804,0804,862,912,0.0,geometry_metrics_checked_parent_evidence_pending
2807908071,unchanged,stable_raw_parent_code_only,2807908071,2807908071,0804,0804,971,961,0.0,geometry_metrics_checked_parent_evidence_pending
2807908072,unchanged,stable_raw_parent_code_only,2807908072,2807908072,0804,0804,994,964,0.0,geometry_metrics_checked_parent_evidence_pending
2807908073,unchanged,stable_raw_parent_code_only,2807908073,2807908073,0804,0804,867,930,0.0,geometry_metrics_checked_parent_evidence_pending
2807908074,unchanged,stable_raw_parent_code_only,2807908074,2807908074,0804,0804,904,958,0.0,geometry_metrics_checked_parent_evidence_pending
2807908075,unchanged,stable_raw_parent_code_only,2807908075,2807908075,0804,0804,898,952,0.0,geometry_metrics_checked_parent_evidence_pending
2807908076,unchanged,stable_raw_parent_code_only,2807908076,2807908076,0804,0804,877,933,0.0,geometry_metrics_checked_parent_evidence_pending
2807908077,unchanged,stable_raw_parent_code_only,2807908077,2807908077,0804,0804,1026,1041,0.0,geometry_metrics_checked_parent_evidence_pending
2807908078,unchanged,stable_raw_parent_code_only,2807908078,2807908078,0804,0804,827,804,0.0,geometry_metrics_checked_parent_evidence_pending
2807908079,unchanged,stable_raw_parent_code_only,2807908079,2807908079,0804,0804,986,993,0.0,geometry_metrics_checked_parent_evidence_pending
2807908080,unchanged,stable_raw_parent_code_only,2807908080,2807908080,0804,0804,887,954,0.0,geometry_metrics_checked_parent_evidence_pending
2807908081,unchanged,stable_raw_parent_code_only,2807908081,2807908081,0804,0804,919,938,0.0,geometry_metrics_checked_parent_evidence_pending
2807908082,unchanged,stable_raw_parent_code_only,2807908082,2807908082,0804,0804,986,1035,0.0,geometry_metrics_checked_parent_evidence_pending
2807908083,unchanged,stable_raw_parent_code_only,2807908083,2807908083,0804,0804,1029,1035,0.0,geometry_metrics_checked_parent_evidence_pending
2807908084,unchanged,stable_raw_parent_code_only,2807908084,2807908084,0804,0804,935,1004,0.0,geometry_metrics_checked_parent_evidence_pending
2807908085,unchanged,stable_raw_parent_code_only,2807908085,2807908085,0804,0804,856,871,0.0,geometry_metrics_checked_parent_evidence_pending
2807908086,unchanged,stable_raw_parent_code_only,2807908086,2807908086,0804,0804,795,895,0.0,geometry_metrics_checked_parent_evidence_pending
Z-dac3bbe77ffb,merged,stable_raw_parent_code_only,2807908087|2807908088,2807908088,0804,0804,1557,1662,0.0,geometry_metrics_checked_parent_evidence_pending
2807908089,unchanged,stable_raw_parent_code_only,2807908089,2807908089,0804,0804,732,706,0.0,geometry_metrics_checked_parent_evidence_pending
2807908090,unchanged,stable_raw_parent_code_only,2807908090,2807908090,0805,0805,1229,1159,0.0,geometry_metrics_checked_parent_evidence_pending
2807908091,unchanged,stable_raw_parent_code_only,2807908091,2807908091,0805,0805,827,833,0.0,geometry_metrics_checked_parent_evidence_pending
2807908092,unchanged,stable_raw_parent_code_only,2807908092,2807908092,0805,0805,991,1011,0.0,geometry_metrics_checked_parent_evidence_pending
2807908093,unchanged,stable_raw_parent_code_only,2807908093,2807908093,0805,0805,971,990,0.0,geometry_metrics_checked_parent_evidence_pending
2807908094,unchanged,stable_raw_parent_code_only,2807908094,2807908094,0805,0805,1167,1156,0.0,geometry_metrics_checked_parent_evidence_pending
2807908095,unchanged,stable_raw_parent_code_only,2807908095,2807908095,0805,0805,1635,1551,0.0,geometry_metrics_checked_parent_evidence_pending
2807908096,unchanged,stable_raw_parent_code_only,2807908096,2807908096,0805,0805,1559,1393,0.0,geometry_metrics_checked_parent_evidence_pending
2807908097,unchanged,stable_raw_parent_code_only,2807908097,2807908097,0805,0805,839,815,0.0,geometry_metrics_checked_parent_evidence_pending
2807908098,unchanged,stable_raw_parent_code_only,2807908098,2807908098,0805,0805,1808,1720,0.0,geometry_metrics_checked_parent_evidence_pending
2807908099,unchanged,stable_raw_parent_code_only,2807908099,2807908099,0805,0805,1579,1470,0.0,geometry_metrics_checked_parent_evidence_pending
2807908100,unchanged,stable_raw_parent_code_only,2807908100,2807908100,0805,0805,1423,1291,0.0,geometry_metrics_checked_parent_evidence_pending
2807908102,unchanged,stable_raw_parent_code_only,2807908102,2807908102,0805,0805,2101,1999,0.0,geometry_metrics_checked_parent_evidence_pending
2807908103,unchanged,stable_raw_parent_code_only,2807908103,2807908103,0805,0805,1448,1358,0.0,geometry_metrics_checked_parent_evidence_pending
2807908104,unchanged,stable_raw_parent_code_only,2807908104,2807908104,0806,0806,1197,1479,0.0,geometry_metrics_checked_parent_evidence_pending
2807908105,unchanged,stable_raw_parent_code_only,2807908105,2807908105,0806,0806,811,943,0.0,geometry_metrics_checked_parent_evidence_pending
2807908106,unchanged,stable_raw_parent_code_only,2807908106,2807908106,0806,0806,948,1176,0.0,geometry_metrics_checked_parent_evidence_pending
2807908107,unchanged,stable_raw_parent_code_only,2807908107,2807908107,0806,0806,717,857,0.0,geometry_metrics_checked_parent_evidence_pending
2807908108,unchanged,stable_raw_parent_code_only,2807908108,2807908108,0806,0806,706,822,0.0,geometry_metrics_checked_parent_evidence_pending
2807908109,unchanged,stable_raw_parent_code_only,2807908109,2807908109,0806,0806,1214,1412,0.0,geometry_metrics_checked_parent_evidence_pending
2807908110,unchanged,stable_raw_parent_code_only,2807908110,2807908110,0806,0806,1090,1116,0.0,geometry_metrics_checked_parent_evidence_pending
2807908111,unchanged,stable_raw_parent_code_only,2807908111,2807908111,0806,0806,1559,1924,0.0,geometry_metrics_checked_parent_evidence_pending
2807908112,unchanged,stable_raw_parent_code_only,2807908112,2807908112,0806,0806,1121,1096,0.0,geometry_metrics_checked_parent_evidence_pending
2807908113,unchanged,stable_raw_parent_code_only,2807908113,2807908113,0806,0806,902,1014,0.0,geometry_metrics_checked_parent_evidence_pending
2807908114,unchanged,stable_raw_parent_code_only,2807908114,2807908114,0806,0806,974,966,0.0,geometry_metrics_checked_parent_evidence_pending
2807908115,unchanged,stable_raw_parent_code_only,2807908115,2807908115,0806,0806,1047,1186,0.0,geometry_metrics_checked_parent_evidence_pending
2807908116,unchanged,stable_raw_parent_code_only,2807908116,2807908116,0806,0806,781,910,0.0,geometry_metrics_checked_parent_evidence_pending
2807908117,unchanged,stable_raw_parent_code_only,2807908117,2807908117,0806,0806,889,982,0.0,geometry_metrics_checked_parent_evidence_pending
2807908119,unchanged,stable_raw_parent_code_only,2807908119,2807908119,0806,0806,1618,1804,0.0,geometry_metrics_checked_parent_evidence_pending
2807908120,unchanged,stable_raw_parent_code_only,2807908120,2807908120,0806,0806,997,1193,0.0,geometry_metrics_checked_parent_evidence_pending
2807908121,unchanged,stable_raw_parent_code_only,2807908121,2807908121,0806,0806,1455,1445,0.0,geometry_metrics_checked_parent_evidence_pending
2807908122,unchanged,stable_raw_parent_code_only,2807908122,2807908122,0806,0806,881,871,0.0,geometry_metrics_checked_parent_evidence_pending
2807908123,unchanged,stable_raw_parent_code_only,2807908123,2807908123,0806,0806,1357,1594,0.0,geometry_metrics_checked_parent_evidence_pending
2807908124,unchanged,stable_raw_parent_code_only,2807908124,2807908124,0806,0806,1703,1949,0.0,geometry_metrics_checked_parent_evidence_pending
2807908125,unchanged,stable_raw_parent_code_only,2807908125,2807908125,0806,0806,1156,1452,0.0,geometry_metrics_checked_parent_evidence_pending
2807908126,unchanged,stable_raw_parent_code_only,2807908126,2807908126,0806,0806,1457,1630,0.0,geometry_metrics_checked_parent_evidence_pending
Z-4bed866cc1ff,split,stable_raw_parent_code_only,2807908128,2807908128|2807908191,0806,0806,2605,3548,2.1672533909972903e-08,geometry_metrics_checked_parent_evidence_pending
Z-4580d2507669,merged,stable_raw_parent_code_only,2807908129|2807908130,2807908129,0808,0808,1866,1663,0.0,geometry_metrics_checked_parent_evidence_pending
Z-0d1a856a40aa,materially_redrawn,stable_raw_parent_code_only,2807908131|2807908139|2807908147,2807908131|2807908139|2807908147|2807908181|2807908183|2807908189,0807,0807,6080,14046,2.732380920242276e-09,geometry_metrics_checked_parent_evidence_pending
2807908132,unchanged,stable_raw_parent_code_only,2807908132,2807908132,0807,0807,935,1232,0.0,geometry_metrics_checked_parent_evidence_pending
2807908133,unchanged,stable_raw_parent_code_only,2807908133,2807908133,0807,0807,778,816,0.0,geometry_metrics_checked_parent_evidence_pending
2807908134,unchanged,stable_raw_parent_code_only,2807908134,2807908134,0807,0807,1361,1583,0.0,geometry_metrics_checked_parent_evidence_pending
2807908135,unchanged,stable_raw_parent_code_only,2807908135,2807908135,0807,0807,2537,2469,0.0,geometry_metrics_checked_parent_evidence_pending
2807908136,unchanged,stable_raw_parent_code_only,2807908136,2807908136,0807,0807,1329,1276,0.0,geometry_metrics_checked_parent_evidence_pending
2807908137,unchanged,stable_raw_parent_code_only,2807908137,2807908137,0807,0807,1633,1779,0.0,geometry_metrics_checked_parent_evidence_pending
2807908138,unchanged,stable_raw_parent_code_only,2807908138,2807908138,0807,0807,1184,1344,0.0,geometry_metrics_checked_parent_evidence_pending
2807908140,unchanged,stable_raw_parent_code_only,2807908140,2807908140,0803,0803,878,825,0.0,geometry_metrics_checked_parent_evidence_pending
2807908141,unchanged,stable_raw_parent_code_only,2807908141,2807908141,0803,0803,1042,993,0.0,geometry_metrics_checked_parent_evidence_pending
2807908142,unchanged,stable_raw_parent_code_only,2807908142,2807908142,0803,0803,1277,1216,0.0,geometry_metrics_checked_parent_evidence_pending
2807908143,unchanged,stable_raw_parent_code_only,2807908143,2807908143,0803,0803,1252,1362,2.63810667891407e-10,geometry_metrics_checked_parent_evidence_pending
2807908144,unchanged,stable_raw_parent_code_only,2807908144,2807908144,0805,0805,1577,1492,0.0,geometry_metrics_checked_parent_evidence_pending
2807908145,unchanged,stable_raw_parent_code_only,2807908145,2807908145,0803,0803,1322,1330,8.989561035998588e-11,geometry_metrics_checked_parent_evidence_pending
2807908146,unchanged,stable_raw_parent_code_only,2807908146,2807908146,0805,0805,1543,1408,0.0,geometry_metrics_checked_parent_evidence_pending
2807908148,unchanged,stable_raw_parent_code_only,2807908148,2807908148,0803,0803,1998,1988,0.0,geometry_metrics_checked_parent_evidence_pending
2807908149,unchanged,stable_raw_parent_code_only,2807908149,2807908149,0803,0803,781,691,0.0,geometry_metrics_checked_parent_evidence_pending
2807908150,unchanged,stable_raw_parent_code_only,2807908150,2807908150,0805,0805,1344,1331,0.0,geometry_metrics_checked_parent_evidence_pending
2807908151,unchanged,stable_raw_parent_code_only,2807908151,2807908151,0803,0803,905,848,0.0,geometry_metrics_checked_parent_evidence_pending
2807908152,unchanged,stable_raw_parent_code_only,2807908152,2807908152,0807,0807,1628,1599,0.0,geometry_metrics_checked_parent_evidence_pending
2807908153,unchanged,stable_raw_parent_code_only,2807908153,2807908153,0806,0806,1608,1579,0.0,geometry_metrics_checked_parent_evidence_pending
2807908154,unchanged,stable_raw_parent_code_only,2807908154,2807908154,0807,0807,1701,1662,0.0,geometry_metrics_checked_parent_evidence_pending
2807908155,unchanged,stable_raw_parent_code_only,2807908155,2807908155,0807,0807,1402,1567,3.0409957836104206e-08,geometry_metrics_checked_parent_evidence_pending
2807908156,unchanged,stable_raw_parent_code_only,2807908156,2807908156,0807,0807,1449,1306,0.0,geometry_metrics_checked_parent_evidence_pending
2807908157,unchanged,stable_raw_parent_code_only,2807908157,2807908157,0803,0803,763,1094,0.0,geometry_metrics_checked_parent_evidence_pending
2807908158,unchanged,stable_raw_parent_code_only,2807908158,2807908158,0807,0807,1528,1516,0.0,geometry_metrics_checked_parent_evidence_pending
2807908159,unchanged,stable_raw_parent_code_only,2807908159,2807908159,0806,0806,2065,2027,0.0,geometry_metrics_checked_parent_evidence_pending
Z-f8b7e4c1dcac,split,stable_raw_parent_code_only,2807908160,2807908160|2807908186|2807908192,0806,0806,3169,5162,6.268104922180563e-08,geometry_metrics_checked_parent_evidence_pending
Z-46d044b6740d,split,stable_raw_parent_code_only,2807908161,2807908161|2807908187,0806,0806,3673,4820,5.73160568609347e-08,geometry_metrics_checked_parent_evidence_pending
2807908162,unchanged,stable_raw_parent_code_only,2807908162,2807908162,0806,0806,1441,1429,0.0,geometry_metrics_checked_parent_evidence_pending
2807908163,unchanged,stable_raw_parent_code_only,2807908163,2807908163,0807,0807,1922,1838,0.0,geometry_metrics_checked_parent_evidence_pending
2807908164,unchanged,stable_raw_parent_code_only,2807908164,2807908164,0808,0808,2571,3041,5.878173546760767e-09,geometry_metrics_checked_parent_evidence_pending
2807908165,unchanged,stable_raw_parent_code_only,2807908165,2807908165,0808,0808,1614,2546,4.879416554930682e-09,geometry_metrics_checked_parent_evidence_pending
2807908166,unchanged,stable_raw_parent_code_only,2807908166,2807908166,0806,0806,1068,1987,1.6132251103852835e-09,geometry_metrics_checked_parent_evidence_pending
Z-2a8660c41fce,split,stable_raw_parent_code_only,2807908167,2807908167|2807908190,0806,0806,3181,4391,4.1113517397865075e-08,geometry_metrics_checked_parent_evidence_pending
Z-50b98f69a268,split,stable_raw_parent_code_only,2807908168,2807908168|2807908188,0806,0806,2989,3426,2.337849910751124e-08,geometry_metrics_checked_parent_evidence_pending
2807908169,unchanged,stable_raw_parent_code_only,2807908169,2807908169,0808,0808,2579,3152,0.0,geometry_metrics_checked_parent_evidence_pending
2807908170,unchanged,stable_raw_parent_code_only,2807908170,2807908170,0806,0806,2598,2914,1.0283325096817601e-08,geometry_metrics_checked_parent_evidence_pending
Z-c29e191873af,split,stable_raw_parent_code_only,2807908171,2807908171|2807908185,0806,0806,3093,3426,3.729185547632879e-08,geometry_metrics_checked_parent_evidence_pending
2807908172,unchanged,stable_raw_parent_code_only,2807908172,2807908172,0806,0806,1960,2413,0.0,geometry_metrics_checked_parent_evidence_pending
Z-e73097440dae,split,stable_raw_parent_code_only,2807908173,2807908173|2807908184,0808,0808,3197,3855,2.177795600474652e-08,geometry_metrics_checked_parent_evidence_pending
2807908174,unchanged,stable_raw_parent_code_only,2807908174,2807908174,0806,0806,1821,1897,1.660532810823727e-08,geometry_metrics_checked_parent_evidence_pending
2807908175,unchanged,stable_raw_parent_code_only,2807908175,2807908175,0807,0807,1074,1269,0.0,geometry_metrics_checked_parent_evidence_pending
Z-cb665535836e,split,stable_raw_parent_code_only,2807908176,2807908176|2807908193,0808,0808,2428,3449,1.1975951688536256e-09,geometry_metrics_checked_parent_evidence_pending
2807908177,unchanged,stable_raw_parent_code_only,2807908177,2807908177,0807,0807,1353,1345,0.0,geometry_metrics_checked_parent_evidence_pending
2807908178,unchanged,stable_raw_parent_code_only,2807908178,2807908178,0808,0808,1933,2185,0.0,geometry_metrics_checked_parent_evidence_pending
2807908179,unchanged,stable_raw_parent_code_only,2807908179,2807908179,0806,0806,1280,1585,0.0,geometry_metrics_checked_parent_evidence_pending
2807908180,unchanged,stable_raw_parent_code_only,2807908180,2807908180,0807,0807,1049,981,0.0,geometry_metrics_checked_parent_evidence_pending
2807909001,unchanged,stable_raw_parent_code_only,2807909001,2807909001,0901,0901,1153,1200,5.1049467669527015e-09,geometry_metrics_checked_parent_evidence_pending
2807909002,unchanged,stable_raw_parent_code_only,2807909002,2807909002,0901,0901,1184,1514,0.0,geometry_metrics_checked_parent_evidence_pending
2807909004,unchanged,stable_raw_parent_code_only,2807909004,2807909004,0901,0901,1453,1478,0.0,geometry_metrics_checked_parent_evidence_pending
2807909005,unchanged,stable_raw_parent_code_only,2807909005,2807909005,0901,0901,807,897,0.0,geometry_metrics_checked_parent_evidence_pending
2807909006,unchanged,stable_raw_parent_code_only,2807909006,2807909006,0901,0901,719,799,0.0,geometry_metrics_checked_parent_evidence_pending
2807909007,unchanged,stable_raw_parent_code_only,2807909007,2807909007,0901,0901,963,931,0.0,geometry_metrics_checked_parent_evidence_pending
2807909008,unchanged,stable_raw_parent_code_only,2807909008,2807909008,0901,0901,1149,1239,0.0,geometry_metrics_checked_parent_evidence_pending
2807909009,unchanged,stable_raw_parent_code_only,2807909009,2807909009,0901,0901,999,1069,0.0,geometry_metrics_checked_parent_evidence_pending
Z-4e0850dd1802,split,stable_raw_parent_code_only,2807909010,2807909010|2807909095,0901,0901,2501,2419,2.0255600828900993e-09,geometry_metrics_checked_parent_evidence_pending
2807909011,unchanged,stable_raw_parent_code_only,2807909011,2807909011,0902,0902,1350,1557,0.0,geometry_metrics_checked_parent_evidence_pending
2807909012,unchanged,stable_raw_parent_code_only,2807909012,2807909012,0902,0902,691,725,0.0,geometry_metrics_checked_parent_evidence_pending
2807909013,unchanged,stable_raw_parent_code_only,2807909013,2807909013,0902,0902,1308,1388,0.0,geometry_metrics_checked_parent_evidence_pending
2807909014,unchanged,stable_raw_parent_code_only,2807909014,2807909014,0902,0902,1861,2182,0.0,geometry_metrics_checked_parent_evidence_pending
2807909015,unchanged,stable_raw_parent_code_only,2807909015,2807909015,0902,0902,1636,1670,0.0,geometry_metrics_checked_parent_evidence_pending
2807909016,unchanged,stable_raw_parent_code_only,2807909016,2807909016,0902,0902,907,960,0.0,geometry_metrics_checked_parent_evidence_pending
2807909017,unchanged,stable_raw_parent_code_only,2807909017,2807909017,0902,0902,1156,1156,0.0,geometry_metrics_checked_parent_evidence_pending
2807909018,unchanged,stable_raw_parent_code_only,2807909018,2807909018,0902,0902,1350,1420,0.0,geometry_metrics_checked_parent_evidence_pending
2807909019,unchanged,stable_raw_parent_code_only,2807909019,2807909019,0902,0902,1456,1521,0.0,geometry_metrics_checked_parent_evidence_pending
2807909020,unchanged,stable_raw_parent_code_only,2807909020,2807909020,0902,0902,885,945,0.0,geometry_metrics_checked_parent_evidence_pending
2807909021,unchanged,stable_raw_parent_code_only,2807909021,2807909021,0902,0902,1044,1095,0.0,geometry_metrics_checked_parent_evidence_pending
2807909022,unchanged,stable_raw_parent_code_only,2807909022,2807909022,0902,0902,1139,1117,0.0,geometry_metrics_checked_parent_evidence_pending
2807909023,unchanged,stable_raw_parent_code_only,2807909023,2807909023,0902,0902,1794,2057,0.0,geometry_metrics_checked_parent_evidence_pending
2807909024,unchanged,stable_raw_parent_code_only,2807909024,2807909024,0902,0902,698,756,0.0,geometry_metrics_checked_parent_evidence_pending
2807909025,unchanged,stable_raw_parent_code_only,2807909025,2807909025,0902,0902,946,1020,0.0,geometry_metrics_checked_parent_evidence_pending
2807909026,unchanged,stable_raw_parent_code_only,2807909026,2807909026,0902,0902,1261,1260,0.0,geometry_metrics_checked_parent_evidence_pending
2807909028,unchanged,stable_raw_parent_code_only,2807909028,2807909028,0902,0902,1623,1641,0.0,geometry_metrics_checked_parent_evidence_pending
2807909029,unchanged,stable_raw_parent_code_only,2807909029,2807909029,0902,0902,997,1051,0.0,geometry_metrics_checked_parent_evidence_pending
2807909030,unchanged,stable_raw_parent_code_only,2807909030,2807909030,0902,0902,1207,1255,0.0,geometry_metrics_checked_parent_evidence_pending
2807909031,unchanged,stable_raw_parent_code_only,2807909031,2807909031,0902,0902,669,626,0.0,geometry_metrics_checked_parent_evidence_pending
2807909033,unchanged,stable_raw_parent_code_only,2807909033,2807909033,0903,0903,1497,1489,0.0,geometry_metrics_checked_parent_evidence_pending
2807909034,unchanged,stable_raw_parent_code_only,2807909034,2807909034,0903,0903,1488,1692,0.0,geometry_metrics_checked_parent_evidence_pending
2807909035,unchanged,stable_raw_parent_code_only,2807909035,2807909035,0903,0903,838,863,0.0,geometry_metrics_checked_parent_evidence_pending
2807909036,unchanged,stable_raw_parent_code_only,2807909036,2807909036,0903,0903,1040,1165,0.0,geometry_metrics_checked_parent_evidence_pending
2807909037,unchanged,stable_raw_parent_code_only,2807909037,2807909037,0903,0903,2140,2465,0.0,geometry_metrics_checked_parent_evidence_pending
2807909038,unchanged,stable_raw_parent_code_only,2807909038,2807909038,0903,0903,1223,1249,0.0,geometry_metrics_checked_parent_evidence_pending
2807909039,unchanged,stable_raw_parent_code_only,2807909039,2807909039,0903,0903,1085,1140,0.0,geometry_metrics_checked_parent_evidence_pending
2807909040,unchanged,stable_raw_parent_code_only,2807909040,2807909040,0903,0903,859,920,0.0,geometry_metrics_checked_parent_evidence_pending
2807909041,unchanged,stable_raw_parent_code_only,2807909041,2807909041,0903,0903,1616,1831,0.0,geometry_metrics_checked_parent_evidence_pending
2807909043,unchanged,stable_raw_parent_code_only,2807909043,2807909043,0903,0903,1840,2065,0.0,geometry_metrics_checked_parent_evidence_pending
2807909044,unchanged,stable_raw_parent_code_only,2807909044,2807909044,0903,0903,1128,1230,0.0,geometry_metrics_checked_parent_evidence_pending
2807909045,unchanged,stable_raw_parent_code_only,2807909045,2807909045,0903,0903,1061,1087,0.0,geometry_metrics_checked_parent_evidence_pending
2807909046,unchanged,stable_raw_parent_code_only,2807909046,2807909046,0904,0904,1571,1827,0.0,geometry_metrics_checked_parent_evidence_pending
2807909047,unchanged,stable_raw_parent_code_only,2807909047,2807909047,0904,0904,1373,1470,0.0,geometry_metrics_checked_parent_evidence_pending
2807909049,unchanged,stable_raw_parent_code_only,2807909049,2807909049,0904,0904,1138,1152,0.0,geometry_metrics_checked_parent_evidence_pending
2807909050,unchanged,stable_raw_parent_code_only,2807909050,2807909050,0904,0904,870,880,0.0,geometry_metrics_checked_parent_evidence_pending
2807909051,unchanged,stable_raw_parent_code_only,2807909051,2807909051,0904,0904,1360,1322,0.0,geometry_metrics_checked_parent_evidence_pending
2807909052,unchanged,stable_raw_parent_code_only,2807909052,2807909052,0904,0904,2020,1905,0.0,geometry_metrics_checked_parent_evidence_pending
2807909053,unchanged,stable_raw_parent_code_only,2807909053,2807909053,0904,0904,872,920,0.0,geometry_metrics_checked_parent_evidence_pending
2807909054,unchanged,stable_raw_parent_code_only,2807909054,2807909054,0904,0904,1290,1402,0.0,geometry_metrics_checked_parent_evidence_pending
2807909055,unchanged,stable_raw_parent_code_only,2807909055,2807909055,0904,0904,1793,1623,0.0,geometry_metrics_checked_parent_evidence_pending
2807909056,unchanged,stable_raw_parent_code_only,2807909056,2807909056,0904,0904,2107,2091,0.0,geometry_metrics_checked_parent_evidence_pending
2807909057,unchanged,stable_raw_parent_code_only,2807909057,2807909057,0904,0904,889,938,0.0,geometry_metrics_checked_parent_evidence_pending
2807909058,unchanged,stable_raw_parent_code_only,2807909058,2807909058,0904,0904,914,995,0.0,geometry_metrics_checked_parent_evidence_pending
2807909060,unchanged,stable_raw_parent_code_only,2807909060,2807909060,0904,0904,1505,1552,0.0,geometry_metrics_checked_parent_evidence_pending
2807909061,unchanged,stable_raw_parent_code_only,2807909061,2807909061,0904,0904,959,1058,0.0,geometry_metrics_checked_parent_evidence_pending
2807909063,unchanged,stable_raw_parent_code_only,2807909063,2807909063,0904,0904,1365,1573,0.0,geometry_metrics_checked_parent_evidence_pending
2807909064,unchanged,stable_raw_parent_code_only,2807909064,2807909064,0904,0904,1543,1755,0.0,geometry_metrics_checked_parent_evidence_pending
2807909065,unchanged,stable_raw_parent_code_only,2807909065,2807909065,0904,0904,1222,1382,0.0,geometry_metrics_checked_parent_evidence_pending
2807909066,unchanged,stable_raw_parent_code_only,2807909066,2807909066,0904,0904,786,903,0.0,geometry_metrics_checked_parent_evidence_pending
2807909067,unchanged,stable_raw_parent_code_only,2807909067,2807909067,0904,0904,819,921,0.0,geometry_metrics_checked_parent_evidence_pending
2807909068,unchanged,stable_raw_parent_code_only,2807909068,2807909068,0904,0904,977,1135,0.0,geometry_metrics_checked_parent_evidence_pending
2807909069,unchanged,stable_raw_parent_code_only,2807909069,2807909069,0904,0904,811,815,0.0,geometry_metrics_checked_parent_evidence_pending
2807909070,unchanged,stable_raw_parent_code_only,2807909070,2807909070,0904,0904,737,1349,0.0,geometry_metrics_checked_parent_evidence_pending
Z-61555da00d4a,split,stable_raw_parent_code_only,2807909071,2807909071|2807909097,0905,0905,2877,3236,1.121797351698664e-08,geometry_metrics_checked_parent_evidence_pending
Z-b2ac7919f5d6,split,stable_raw_parent_code_only,2807909072,2807909072|2807909093,0906,0906,2462,3159,7.316460418209441e-09,geometry_metrics_checked_parent_evidence_pending
Z-c4b19f5c2610,split,stable_raw_parent_code_only,2807909073,2807909073|2807909096,0907,0907,1773,3477,1.58849344100541e-09,geometry_metrics_checked_parent_evidence_pending
2807909074,unchanged,stable_raw_parent_code_only,2807909074,2807909074,0907,0907,1610,1586,0.0,geometry_metrics_checked_parent_evidence_pending
2807909075,unchanged,stable_raw_parent_code_only,2807909075,2807909075,0907,0907,2334,2791,2.196796856811323e-10,geometry_metrics_checked_parent_evidence_pending
2807909076,unchanged,stable_raw_parent_code_only,2807909076,2807909076,0907,0907,1047,1070,0.0,geometry_metrics_checked_parent_evidence_pending
2807909077,unchanged,stable_raw_parent_code_only,2807909077,2807909077,0907,0907,1147,1216,0.0,geometry_metrics_checked_parent_evidence_pending
2807909078,unchanged,stable_raw_parent_code_only,2807909078,2807909078,0907,0907,2083,2317,4.578944694789545e-10,geometry_metrics_checked_parent_evidence_pending
2807909079,unchanged,stable_raw_parent_code_only,2807909079,2807909079,0907,0907,2105,1899,0.0,geometry_metrics_checked_parent_evidence_pending
Z-d6ea766ec582,split,stable_raw_parent_code_only,2807909080,2807909080|2807909092,0907,0907,2819,2746,5.087456413021102e-09,geometry_metrics_checked_parent_evidence_pending
2807909081,unchanged,stable_raw_parent_code_only,2807909081,2807909081,0901,0901,865,873,0.0,geometry_metrics_checked_parent_evidence_pending
2807909082,unchanged,stable_raw_parent_code_only,2807909082,2807909082,0904,0904,854,838,0.0,geometry_metrics_checked_parent_evidence_pending
Z-d90940e67d2b,materially_redrawn,stable_raw_parent_code_only,2807909083|2807909088,2807909083|2807909088|2807909094,0907,0907,5254,5912,4.727621215240113e-09,geometry_metrics_checked_parent_evidence_pending
2807909084,unchanged,stable_raw_parent_code_only,2807909084,2807909084,0901,0901,881,987,3.406393685445144e-08,geometry_metrics_checked_parent_evidence_pending
2807909085,unchanged,stable_raw_parent_code_only,2807909085,2807909085,0907,0907,1597,1543,4.159825654698122e-10,geometry_metrics_checked_parent_evidence_pending
2807909086,unchanged,stable_raw_parent_code_only,2807909086,2807909086,0905,0905,1679,2358,1.1517764287618435e-08,geometry_metrics_checked_parent_evidence_pending
2807909087,unchanged,stable_raw_parent_code_only,2807909087,2807909087,0907,0907,2149,2340,0.0,geometry_metrics_checked_parent_evidence_pending
2807909089,unchanged,stable_raw_parent_code_only,2807909089,2807909089,0907,0907,1569,1669,0.0,geometry_metrics_checked_parent_evidence_pending
2807909090,unchanged,stable_raw_parent_code_only,2807909090,2807909090,0904,0904,1804,2204,0.0,geometry_metrics_checked_parent_evidence_pending
2807909091,unchanged,stable_raw_parent_code_only,2807909091,2807909091,0905,0905,1729,2078,0.0,geometry_metrics_checked_parent_evidence_pending
2807910001,unchanged,stable_raw_parent_code_only,2807910001,2807910001,1001,1001,997,1180,0.0,geometry_metrics_checked_parent_evidence_pending
2807910002,unchanged,stable_raw_parent_code_only,2807910002,2807910002,1001,1001,999,969,0.0,geometry_metrics_checked_parent_evidence_pending
Z-88c8ea62f1e7,merged,stable_raw_parent_code_only,2807910003|2807910004,2807910003,1001,1001,1634,1951,0.0,geometry_metrics_checked_parent_evidence_pending
2807910005,unchanged,stable_raw_parent_code_only,2807910005,2807910005,1001,1001,1223,1424,0.0,geometry_metrics_checked_parent_evidence_pending
2807910006,unchanged,stable_raw_parent_code_only,2807910006,2807910006,1001,1001,2328,2645,0.0,geometry_metrics_checked_parent_evidence_pending
2807910007,unchanged,stable_raw_parent_code_only,2807910007,2807910007,1001,1001,1264,1592,0.0,geometry_metrics_checked_parent_evidence_pending
2807910008,unchanged,stable_raw_parent_code_only,2807910008,2807910008,1001,1001,928,1208,0.0,geometry_metrics_checked_parent_evidence_pending
2807910009,unchanged,stable_raw_parent_code_only,2807910009,2807910009,1001,1001,1130,1300,0.0,geometry_metrics_checked_parent_evidence_pending
2807910010,unchanged,stable_raw_parent_code_only,2807910010,2807910010,1001,1001,872,937,0.0,geometry_metrics_checked_parent_evidence_pending
2807910011,unchanged,stable_raw_parent_code_only,2807910011,2807910011,1001,1001,714,783,0.0,geometry_metrics_checked_parent_evidence_pending
2807910012,unchanged,stable_raw_parent_code_only,2807910012,2807910012,1001,1001,945,991,0.0,geometry_metrics_checked_parent_evidence_pending
2807910013,unchanged,stable_raw_parent_code_only,2807910013,2807910013,1002,1002,739,736,0.0,geometry_metrics_checked_parent_evidence_pending
2807910014,unchanged,stable_raw_parent_code_only,2807910014,2807910014,1002,1002,862,836,0.0,geometry_metrics_checked_parent_evidence_pending
2807910015,unchanged,stable_raw_parent_code_only,2807910015,2807910015,1002,1002,1259,1325,0.0,geometry_metrics_checked_parent_evidence_pending
2807910016,unchanged,stable_raw_parent_code_only,2807910016,2807910016,1002,1002,1243,1367,0.0,geometry_metrics_checked_parent_evidence_pending
2807910017,unchanged,stable_raw_parent_code_only,2807910017,2807910017,1002,1002,862,989,0.0,geometry_metrics_checked_parent_evidence_pending
2807910018,unchanged,stable_raw_parent_code_only,2807910018,2807910018,1002,1002,812,920,0.0,geometry_metrics_checked_parent_evidence_pending
2807910020,unchanged,stable_raw_parent_code_only,2807910020,2807910020,1002,1002,904,878,0.0,geometry_metrics_checked_parent_evidence_pending
2807910021,unchanged,stable_raw_parent_code_only,2807910021,2807910021,1002,1002,1331,1456,0.0,geometry_metrics_checked_parent_evidence_pending
2807910022,unchanged,stable_raw_parent_code_only,2807910022,2807910022,1002,1002,1012,1117,0.0,geometry_metrics_checked_parent_evidence_pending
2807910023,unchanged,stable_raw_parent_code_only,2807910023,2807910023,1002,1002,863,969,0.0,geometry_metrics_checked_parent_evidence_pending
2807910024,unchanged,stable_raw_parent_code_only,2807910024,2807910024,1002,1002,1216,1397,0.0,geometry_metrics_checked_parent_evidence_pending
2807910025,unchanged,stable_raw_parent_code_only,2807910025,2807910025,1002,1002,1199,1303,0.0,geometry_metrics_checked_parent_evidence_pending
2807910026,unchanged,stable_raw_parent_code_only,2807910026,2807910026,1002,1002,904,983,0.0,geometry_metrics_checked_parent_evidence_pending
2807910027,unchanged,stable_raw_parent_code_only,2807910027,2807910027,1002,1002,1183,1444,0.0,geometry_metrics_checked_parent_evidence_pending
2807910028,unchanged,stable_raw_parent_code_only,2807910028,2807910028,1002,1002,1214,1424,0.0,geometry_metrics_checked_parent_evidence_pending
2807910029,unchanged,stable_raw_parent_code_only,2807910029,2807910029,1002,1002,1312,1572,0.0,geometry_metrics_checked_parent_evidence_pending
2807910030,unchanged,stable_raw_parent_code_only,2807910030,2807910030,1002,1002,1286,1450,0.0,geometry_metrics_checked_parent_evidence_pending
2807910031,unchanged,stable_raw_parent_code_only,2807910031,2807910031,1002,1002,786,946,0.0,geometry_metrics_checked_parent_evidence_pending
Z-961f86079403,merged,stable_raw_parent_code_only,2807910032|2807910034,2807910032,1002,1002,2108,2348,0.0,geometry_metrics_checked_parent_evidence_pending
2807910033,unchanged,stable_raw_parent_code_only,2807910033,2807910033,1002,1002,935,1151,0.0,geometry_metrics_checked_parent_evidence_pending
2807910035,unchanged,stable_raw_parent_code_only,2807910035,2807910035,1002,1002,985,1030,0.0,geometry_metrics_checked_parent_evidence_pending
2807910036,unchanged,stable_raw_parent_code_only,2807910036,2807910036,1002,1002,1483,1587,0.0,geometry_metrics_checked_parent_evidence_pending
2807910037,unchanged,stable_raw_parent_code_only,2807910037,2807910037,1002,1002,1600,1915,0.0,geometry_metrics_checked_parent_evidence_pending
2807910038,unchanged,stable_raw_parent_code_only,2807910038,2807910038,1002,1002,774,946,0.0,geometry_metrics_checked_parent_evidence_pending
2807910039,unchanged,stable_raw_parent_code_only,2807910039,2807910039,1002,1002,1193,1386,0.0,geometry_metrics_checked_parent_evidence_pending
2807910040,unchanged,stable_raw_parent_code_only,2807910040,2807910040,1002,1002,1002,1038,0.0,geometry_metrics_checked_parent_evidence_pending
2807910041,unchanged,stable_raw_parent_code_only,2807910041,2807910041,1002,1002,1455,1750,0.0,geometry_metrics_checked_parent_evidence_pending
2807910042,unchanged,stable_raw_parent_code_only,2807910042,2807910042,1002,1002,1312,1521,0.0,geometry_metrics_checked_parent_evidence_pending
2807910043,unchanged,stable_raw_parent_code_only,2807910043,2807910043,1002,1002,1449,1626,0.0,geometry_metrics_checked_parent_evidence_pending
2807910044,unchanged,stable_raw_parent_code_only,2807910044,2807910044,1002,1002,859,898,0.0,geometry_metrics_checked_parent_evidence_pending
2807910046,unchanged,stable_raw_parent_code_only,2807910046,2807910046,1002,1002,1283,1452,0.0,geometry_metrics_checked_parent_evidence_pending
2807910047,unchanged,stable_raw_parent_code_only,2807910047,2807910047,1002,1002,926,1221,0.0,geometry_metrics_checked_parent_evidence_pending
2807910048,unchanged,stable_raw_parent_code_only,2807910048,2807910048,1002,1002,1201,1578,0.0,geometry_metrics_checked_parent_evidence_pending
2807910049,unchanged,stable_raw_parent_code_only,2807910049,2807910049,1002,1002,1160,1389,0.0,geometry_metrics_checked_parent_evidence_pending
2807910050,unchanged,stable_raw_parent_code_only,2807910050,2807910050,1003,1003,1354,1634,0.0,geometry_metrics_checked_parent_evidence_pending
2807910051,unchanged,stable_raw_parent_code_only,2807910051,2807910051,1003,1003,974,1107,0.0,geometry_metrics_checked_parent_evidence_pending
2807910052,unchanged,stable_raw_parent_code_only,2807910052,2807910052,1003,1003,1099,1366,0.0,geometry_metrics_checked_parent_evidence_pending
2807910053,unchanged,stable_raw_parent_code_only,2807910053,2807910053,1003,1003,1112,1262,0.0,geometry_metrics_checked_parent_evidence_pending
2807910054,unchanged,stable_raw_parent_code_only,2807910054,2807910054,1003,1003,1331,1434,0.0,geometry_metrics_checked_parent_evidence_pending
2807910055,unchanged,stable_raw_parent_code_only,2807910055,2807910055,1003,1003,1245,1266,0.0,geometry_metrics_checked_parent_evidence_pending
2807910056,unchanged,stable_raw_parent_code_only,2807910056,2807910056,1003,1003,1084,1254,0.0,geometry_metrics_checked_parent_evidence_pending
2807910057,unchanged,stable_raw_parent_code_only,2807910057,2807910057,1003,1003,1511,1712,0.0,geometry_metrics_checked_parent_evidence_pending
2807910058,unchanged,stable_raw_parent_code_only,2807910058,2807910058,1003,1003,1124,1231,0.0,geometry_metrics_checked_parent_evidence_pending
2807910059,unchanged,stable_raw_parent_code_only,2807910059,2807910059,1003,1003,1217,1384,0.0,geometry_metrics_checked_parent_evidence_pending
2807910060,unchanged,stable_raw_parent_code_only,2807910060,2807910060,1003,1003,2000,1979,0.0,geometry_metrics_checked_parent_evidence_pending
2807910061,unchanged,stable_raw_parent_code_only,2807910061,2807910061,1003,1003,1563,1885,0.0,geometry_metrics_checked_parent_evidence_pending
2807910062,unchanged,stable_raw_parent_code_only,2807910062,2807910062,1003,1003,914,1015,0.0,geometry_metrics_checked_parent_evidence_pending
2807910063,unchanged,stable_raw_parent_code_only,2807910063,2807910063,1003,1003,1595,1899,0.0,geometry_metrics_checked_parent_evidence_pending
2807910065,unchanged,stable_raw_parent_code_only,2807910065,2807910065,1003,1003,808,876,0.0,geometry_metrics_checked_parent_evidence_pending
2807910067,unchanged,stable_raw_parent_code_only,2807910067,2807910067,1003,1003,880,965,0.0,geometry_metrics_checked_parent_evidence_pending
2807910068,unchanged,stable_raw_parent_code_only,2807910068,2807910068,1003,1003,851,869,0.0,geometry_metrics_checked_parent_evidence_pending
2807910069,unchanged,stable_raw_parent_code_only,2807910069,2807910069,1003,1003,1396,1614,0.0,geometry_metrics_checked_parent_evidence_pending
2807910070,unchanged,stable_raw_parent_code_only,2807910070,2807910070,1003,1003,1139,1219,0.0,geometry_metrics_checked_parent_evidence_pending
2807910072,unchanged,stable_raw_parent_code_only,2807910072,2807910072,1003,1003,2078,2330,0.0,geometry_metrics_checked_parent_evidence_pending
2807910073,unchanged,stable_raw_parent_code_only,2807910073,2807910073,1003,1003,1150,1272,0.0,geometry_metrics_checked_parent_evidence_pending
2807910074,unchanged,stable_raw_parent_code_only,2807910074,2807910074,1003,1003,840,878,0.0,geometry_metrics_checked_parent_evidence_pending
2807910075,unchanged,stable_raw_parent_code_only,2807910075,2807910075,1003,1003,838,993,0.0,geometry_metrics_checked_parent_evidence_pending
2807910076,unchanged,stable_raw_parent_code_only,2807910076,2807910076,1003,1003,951,999,0.0,geometry_metrics_checked_parent_evidence_pending
2807910077,unchanged,stable_raw_parent_code_only,2807910077,2807910077,1003,1003,781,876,0.0,geometry_metrics_checked_parent_evidence_pending
2807910078,unchanged,stable_raw_parent_code_only,2807910078,2807910078,1003,1003,1052,1232,0.0,geometry_metrics_checked_parent_evidence_pending
Z-68e915a6e013,merged,stable_raw_parent_code_only,2807910081|2807910104,2807910081,1004,1004,1273,1189,0.0,geometry_metrics_checked_parent_evidence_pending
2807910082,unchanged,stable_raw_parent_code_only,2807910082,2807910082,1004,1004,886,1083,0.0,geometry_metrics_checked_parent_evidence_pending
2807910083,unchanged,stable_raw_parent_code_only,2807910083,2807910083,1004,1004,761,846,0.0,geometry_metrics_checked_parent_evidence_pending
2807910084,unchanged,stable_raw_parent_code_only,2807910084,2807910084,1004,1004,1999,2551,0.0,geometry_metrics_checked_parent_evidence_pending
2807910086,unchanged,stable_raw_parent_code_only,2807910086,2807910086,1004,1004,1483,1837,0.0,geometry_metrics_checked_parent_evidence_pending
2807910087,unchanged,stable_raw_parent_code_only,2807910087,2807910087,1004,1004,1038,902,0.0,geometry_metrics_checked_parent_evidence_pending
2807910088,unchanged,stable_raw_parent_code_only,2807910088,2807910088,1004,1004,1257,1267,0.0,geometry_metrics_checked_parent_evidence_pending
2807910089,unchanged,stable_raw_parent_code_only,2807910089,2807910089,1004,1004,1070,1094,0.0,geometry_metrics_checked_parent_evidence_pending
2807910090,unchanged,stable_raw_parent_code_only,2807910090,2807910090,1004,1004,904,862,0.0,geometry_metrics_checked_parent_evidence_pending
2807910091,unchanged,stable_raw_parent_code_only,2807910091,2807910091,1004,1004,1044,966,0.0,geometry_metrics_checked_parent_evidence_pending
2807910092,unchanged,stable_raw_parent_code_only,2807910092,2807910092,1004,1004,867,897,0.0,geometry_metrics_checked_parent_evidence_pending
2807910093,unchanged,stable_raw_parent_code_only,2807910093,2807910093,1004,1004,901,987,0.0,geometry_metrics_checked_parent_evidence_pending
2807910094,unchanged,stable_raw_parent_code_only,2807910094,2807910094,1004,1004,1153,1253,0.0,geometry_metrics_checked_parent_evidence_pending
2807910095,unchanged,stable_raw_parent_code_only,2807910095,2807910095,1004,1004,1216,1325,0.0,geometry_metrics_checked_parent_evidence_pending
2807910096,unchanged,stable_raw_parent_code_only,2807910096,2807910096,1004,1004,1467,1642,0.0,geometry_metrics_checked_parent_evidence_pending
2807910098,unchanged,stable_raw_parent_code_only,2807910098,2807910098,1004,1004,1076,1209,0.0,geometry_metrics_checked_parent_evidence_pending
2807910099,unchanged,stable_raw_parent_code_only,2807910099,2807910099,1004,1004,1082,1213,0.0,geometry_metrics_checked_parent_evidence_pending
2807910100,unchanged,stable_raw_parent_code_only,2807910100,2807910100,1004,1004,974,1019,0.0,geometry_metrics_checked_parent_evidence_pending
2807910101,unchanged,stable_raw_parent_code_only,2807910101,2807910101,1004,1004,1111,1043,0.0,geometry_metrics_checked_parent_evidence_pending
2807910102,unchanged,stable_raw_parent_code_only,2807910102,2807910102,1004,1004,696,702,0.0,geometry_metrics_checked_parent_evidence_pending
2807910103,unchanged,stable_raw_parent_code_only,2807910103,2807910103,1004,1004,1103,1262,0.0,geometry_metrics_checked_parent_evidence_pending
2807910106,unchanged,stable_raw_parent_code_only,2807910106,2807910106,1004,1004,1446,1419,0.0,geometry_metrics_checked_parent_evidence_pending
2807910107,unchanged,stable_raw_parent_code_only,2807910107,2807910107,1004,1004,1096,1004,0.0,geometry_metrics_checked_parent_evidence_pending
2807910108,unchanged,stable_raw_parent_code_only,2807910108,2807910108,1004,1004,813,800,0.0,geometry_metrics_checked_parent_evidence_pending
2807910109,unchanged,stable_raw_parent_code_only,2807910109,2807910109,1004,1004,1448,1406,0.0,geometry_metrics_checked_parent_evidence_pending
Z-b6b6ca3db67a,merged,stable_raw_parent_code_only,2807910110|2807910111,2807910110,1004,1004,1623,1714,0.0,geometry_metrics_checked_parent_evidence_pending
2807910112,unchanged,stable_raw_parent_code_only,2807910112,2807910112,1004,1004,1049,1103,0.0,geometry_metrics_checked_parent_evidence_pending
2807910113,unchanged,stable_raw_parent_code_only,2807910113,2807910113,1004,1004,933,994,0.0,geometry_metrics_checked_parent_evidence_pending
2807910114,unchanged,stable_raw_parent_code_only,2807910114,2807910114,1004,1004,1025,1173,0.0,geometry_metrics_checked_parent_evidence_pending
2807910115,unchanged,stable_raw_parent_code_only,2807910115,2807910115,1004,1004,1210,1202,0.0,geometry_metrics_checked_parent_evidence_pending
2807910116,unchanged,stable_raw_parent_code_only,2807910116,2807910116,1004,1004,1425,1350,0.0,geometry_metrics_checked_parent_evidence_pending
2807910117,unchanged,stable_raw_parent_code_only,2807910117,2807910117,1004,1004,1235,1156,0.0,geometry_metrics_checked_parent_evidence_pending
2807910118,unchanged,stable_raw_parent_code_only,2807910118,2807910118,1004,1004,1128,1123,0.0,geometry_metrics_checked_parent_evidence_pending
2807910119,unchanged,stable_raw_parent_code_only,2807910119,2807910119,1004,1004,1604,1429,0.0,geometry_metrics_checked_parent_evidence_pending
2807910120,unchanged,stable_raw_parent_code_only,2807910120,2807910120,1004,1004,1181,1290,0.0,geometry_metrics_checked_parent_evidence_pending
2807910121,unchanged,stable_raw_parent_code_only,2807910121,2807910121,1004,1004,1190,1205,0.0,geometry_metrics_checked_parent_evidence_pending
2807910122,unchanged,stable_raw_parent_code_only,2807910122,2807910122,1004,1004,1110,1192,0.0,geometry_metrics_checked_parent_evidence_pending
2807910123,unchanged,stable_raw_parent_code_only,2807910123,2807910123,1004,1004,987,938,0.0,geometry_metrics_checked_parent_evidence_pending
2807910124,unchanged,stable_raw_parent_code_only,2807910124,2807910124,1004,1004,1435,1556,0.0,geometry_metrics_checked_parent_evidence_pending
2807910125,unchanged,stable_raw_parent_code_only,2807910125,2807910125,1004,1004,780,796,0.0,geometry_metrics_checked_parent_evidence_pending
2807910126,unchanged,stable_raw_parent_code_only,2807910126,2807910126,1004,1004,1317,1390,0.0,geometry_metrics_checked_parent_evidence_pending
2807910127,unchanged,stable_raw_parent_code_only,2807910127,2807910127,1004,1004,1008,1037,0.0,geometry_metrics_checked_parent_evidence_pending
2807910128,unchanged,stable_raw_parent_code_only,2807910128,2807910128,1004,1004,1267,1332,0.0,geometry_metrics_checked_parent_evidence_pending
Z-332c618e653b,merged,stable_raw_parent_code_only,2807910129|2807910134,2807910129,1004,1004,1316,1272,0.0,geometry_metrics_checked_parent_evidence_pending
2807910130,unchanged,stable_raw_parent_code_only,2807910130,2807910130,1004,1004,1612,1668,0.0,geometry_metrics_checked_parent_evidence_pending
2807910131,unchanged,stable_raw_parent_code_only,2807910131,2807910131,1004,1004,1140,1553,0.0,geometry_metrics_checked_parent_evidence_pending
2807910132,unchanged,stable_raw_parent_code_only,2807910132,2807910132,1004,1004,792,1149,0.0,geometry_metrics_checked_parent_evidence_pending
2807910133,unchanged,stable_raw_parent_code_only,2807910133,2807910133,1004,1004,1722,1773,0.0,geometry_metrics_checked_parent_evidence_pending
2807910135,unchanged,stable_raw_parent_code_only,2807910135,2807910135,1004,1004,814,823,0.0,geometry_metrics_checked_parent_evidence_pending
2807910136,unchanged,stable_raw_parent_code_only,2807910136,2807910136,1004,1004,1202,1233,0.0,geometry_metrics_checked_parent_evidence_pending
2807910137,unchanged,stable_raw_parent_code_only,2807910137,2807910137,1004,1004,970,1206,0.0,geometry_metrics_checked_parent_evidence_pending
2807910138,unchanged,stable_raw_parent_code_only,2807910138,2807910138,1004,1004,746,721,0.0,geometry_metrics_checked_parent_evidence_pending
2807910139,unchanged,stable_raw_parent_code_only,2807910139,2807910139,1004,1004,1118,1241,0.0,geometry_metrics_checked_parent_evidence_pending
2807910140,unchanged,stable_raw_parent_code_only,2807910140,2807910140,1004,1004,871,852,0.0,geometry_metrics_checked_parent_evidence_pending
2807910142,unchanged,stable_raw_parent_code_only,2807910142,2807910142,1004,1004,1690,1971,0.0,geometry_metrics_checked_parent_evidence_pending
2807910143,unchanged,stable_raw_parent_code_only,2807910143,2807910143,1004,1004,1282,1430,0.0,geometry_metrics_checked_parent_evidence_pending
2807910144,unchanged,stable_raw_parent_code_only,2807910144,2807910144,1005,1005,1297,1862,0.0,geometry_metrics_checked_parent_evidence_pending
2807910145,unchanged,stable_raw_parent_code_only,2807910145,2807910145,1005,1005,1548,1770,0.0,geometry_metrics_checked_parent_evidence_pending
2807910146,unchanged,stable_raw_parent_code_only,2807910146,2807910146,1005,1005,1281,1547,0.0,geometry_metrics_checked_parent_evidence_pending
2807910147,unchanged,stable_raw_parent_code_only,2807910147,2807910147,1005,1005,1488,1874,0.0,geometry_metrics_checked_parent_evidence_pending
2807910148,unchanged,stable_raw_parent_code_only,2807910148,2807910148,1005,1005,1409,1682,0.0,geometry_metrics_checked_parent_evidence_pending
Z-e8b5812039cd,merged,stable_raw_parent_code_only,2807910149|2807910150,2807910149,1005,1005,1838,2127,0.0,geometry_metrics_checked_parent_evidence_pending
2807910151,unchanged,stable_raw_parent_code_only,2807910151,2807910151,1005,1005,1811,2038,0.0,geometry_metrics_checked_parent_evidence_pending
2807910152,unchanged,stable_raw_parent_code_only,2807910152,2807910152,1005,1005,773,821,0.0,geometry_metrics_checked_parent_evidence_pending
2807910153,unchanged,stable_raw_parent_code_only,2807910153,2807910153,1005,1005,2441,2758,0.0,geometry_metrics_checked_parent_evidence_pending
2807910154,unchanged,stable_raw_parent_code_only,2807910154,2807910154,1005,1005,840,935,0.0,geometry_metrics_checked_parent_evidence_pending
2807910156,unchanged,stable_raw_parent_code_only,2807910156,2807910156,1005,1005,933,832,0.0,geometry_metrics_checked_parent_evidence_pending
2807910157,unchanged,stable_raw_parent_code_only,2807910157,2807910157,1005,1005,777,745,0.0,geometry_metrics_checked_parent_evidence_pending
2807910158,unchanged,stable_raw_parent_code_only,2807910158,2807910158,1005,1005,1247,1105,4.989863238176392e-10,geometry_metrics_checked_parent_evidence_pending
2807910159,unchanged,stable_raw_parent_code_only,2807910159,2807910159,1005,1005,1240,1106,0.0,geometry_metrics_checked_parent_evidence_pending
2807910161,unchanged,stable_raw_parent_code_only,2807910161,2807910161,1007,1007,1683,1709,0.0,geometry_metrics_checked_parent_evidence_pending
2807910162,unchanged,stable_raw_parent_code_only,2807910162,2807910162,1007,1007,922,950,0.0,geometry_metrics_checked_parent_evidence_pending
2807910163,unchanged,stable_raw_parent_code_only,2807910163,2807910163,1007,1007,781,797,0.0,geometry_metrics_checked_parent_evidence_pending
2807910164,unchanged,stable_raw_parent_code_only,2807910164,2807910164,1007,1007,1382,1555,0.0,geometry_metrics_checked_parent_evidence_pending
2807910165,unchanged,stable_raw_parent_code_only,2807910165,2807910165,1007,1007,1215,1172,0.0,geometry_metrics_checked_parent_evidence_pending
2807910167,unchanged,stable_raw_parent_code_only,2807910167,2807910167,1007,1007,2304,2204,0.0,geometry_metrics_checked_parent_evidence_pending
2807910168,unchanged,stable_raw_parent_code_only,2807910168,2807910168,1007,1007,1261,1343,0.0,geometry_metrics_checked_parent_evidence_pending
2807910169,unchanged,stable_raw_parent_code_only,2807910169,2807910169,1007,1007,783,909,0.0,geometry_metrics_checked_parent_evidence_pending
2807910170,unchanged,stable_raw_parent_code_only,2807910170,2807910170,1007,1007,1189,1155,0.0,geometry_metrics_checked_parent_evidence_pending
2807910171,unchanged,stable_raw_parent_code_only,2807910171,2807910171,1007,1007,1120,1144,0.0,geometry_metrics_checked_parent_evidence_pending
2807910172,unchanged,stable_raw_parent_code_only,2807910172,2807910172,1007,1007,746,745,0.0,geometry_metrics_checked_parent_evidence_pending
2807910173,unchanged,stable_raw_parent_code_only,2807910173,2807910173,1007,1007,1605,1600,0.0,geometry_metrics_checked_parent_evidence_pending
2807910174,unchanged,stable_raw_parent_code_only,2807910174,2807910174,1007,1007,973,916,0.0,geometry_metrics_checked_parent_evidence_pending
2807910175,unchanged,stable_raw_parent_code_only,2807910175,2807910175,1007,1007,838,823,0.0,geometry_metrics_checked_parent_evidence_pending
2807910176,unchanged,stable_raw_parent_code_only,2807910176,2807910176,1007,1007,1265,1236,0.0,geometry_metrics_checked_parent_evidence_pending
2807910178,unchanged,stable_raw_parent_code_only,2807910178,2807910178,1007,1007,1075,1071,0.0,geometry_metrics_checked_parent_evidence_pending
2807910179,unchanged,stable_raw_parent_code_only,2807910179,2807910179,1007,1007,1123,1166,0.0,geometry_metrics_checked_parent_evidence_pending
2807910180,unchanged,stable_raw_parent_code_only,2807910180,2807910180,1007,1007,1259,1247,0.0,geometry_metrics_checked_parent_evidence_pending
2807910181,unchanged,stable_raw_parent_code_only,2807910181,2807910181,1007,1007,1175,1192,0.0,geometry_metrics_checked_parent_evidence_pending
2807910182,unchanged,stable_raw_parent_code_only,2807910182,2807910182,1007,1007,1054,1234,0.0,geometry_metrics_checked_parent_evidence_pending
2807910183,unchanged,stable_raw_parent_code_only,2807910183,2807910183,1007,1007,1029,1081,0.0,geometry_metrics_checked_parent_evidence_pending
2807910184,unchanged,stable_raw_parent_code_only,2807910184,2807910184,1007,1007,974,1015,0.0,geometry_metrics_checked_parent_evidence_pending
2807910185,unchanged,stable_raw_parent_code_only,2807910185,2807910185,1007,1007,768,808,0.0,geometry_metrics_checked_parent_evidence_pending
2807910187,unchanged,stable_raw_parent_code_only,2807910187,2807910187,1007,1007,1291,1438,0.0,geometry_metrics_checked_parent_evidence_pending
2807910188,unchanged,stable_raw_parent_code_only,2807910188,2807910188,1007,1007,1000,1051,0.0,geometry_metrics_checked_parent_evidence_pending
2807910189,unchanged,stable_raw_parent_code_only,2807910189,2807910189,1007,1007,1533,1538,0.0,geometry_metrics_checked_parent_evidence_pending
2807910190,unchanged,stable_raw_parent_code_only,2807910190,2807910190,1007,1007,1065,1239,0.0,geometry_metrics_checked_parent_evidence_pending
2807910191,unchanged,stable_raw_parent_code_only,2807910191,2807910191,1007,1007,1627,1625,0.0,geometry_metrics_checked_parent_evidence_pending
2807910192,unchanged,stable_raw_parent_code_only,2807910192,2807910192,1007,1007,1717,1723,0.0,geometry_metrics_checked_parent_evidence_pending
2807910193,unchanged,stable_raw_parent_code_only,2807910193,2807910193,1007,1007,767,814,0.0,geometry_metrics_checked_parent_evidence_pending
2807910194,unchanged,stable_raw_parent_code_only,2807910194,2807910194,1007,1007,939,990,0.0,geometry_metrics_checked_parent_evidence_pending
2807910197,unchanged,stable_raw_parent_code_only,2807910197,2807910197,1007,1007,1154,1688,0.0,geometry_metrics_checked_parent_evidence_pending
Z-d9a9d4fc68a6,merged,stable_raw_parent_code_only,2807910196|2807910198,2807910198,1007,1007,2023,2079,8.793163080506639e-09,geometry_metrics_checked_parent_evidence_pending
2807910199,unchanged,stable_raw_parent_code_only,2807910199,2807910199,1007,1007,1606,1671,0.0,geometry_metrics_checked_parent_evidence_pending
2807910201,unchanged,stable_raw_parent_code_only,2807910201,2807910201,1007,1007,1051,1090,0.0,geometry_metrics_checked_parent_evidence_pending
2807910202,unchanged,stable_raw_parent_code_only,2807910202,2807910202,1007,1007,759,812,0.0,geometry_metrics_checked_parent_evidence_pending
2807910203,unchanged,stable_raw_parent_code_only,2807910203,2807910203,1007,1007,1532,1596,0.0,geometry_metrics_checked_parent_evidence_pending
2807910204,unchanged,stable_raw_parent_code_only,2807910204,2807910204,1007,1007,883,983,0.0,geometry_metrics_checked_parent_evidence_pending
2807910205,unchanged,stable_raw_parent_code_only,2807910205,2807910205,1007,1007,1476,1388,0.0,geometry_metrics_checked_parent_evidence_pending
2807910206,unchanged,stable_raw_parent_code_only,2807910206,2807910206,1002,1002,1310,1341,0.0,geometry_metrics_checked_parent_evidence_pending
2807910207,unchanged,stable_raw_parent_code_only,2807910207,2807910207,1004,1004,1437,1395,0.0,geometry_metrics_checked_parent_evidence_pending
2807910209,unchanged,stable_raw_parent_code_only,2807910209,2807910209,1007,1007,1304,1390,0.0,geometry_metrics_checked_parent_evidence_pending
2807910210,unchanged,stable_raw_parent_code_only,2807910210,2807910210,1007,1007,1176,1161,0.0,geometry_metrics_checked_parent_evidence_pending
2807910211,unchanged,stable_raw_parent_code_only,2807910211,2807910211,1002,1002,1005,1084,0.0,geometry_metrics_checked_parent_evidence_pending
2807910212,unchanged,stable_raw_parent_code_only,2807910212,2807910212,1003,1003,1003,929,0.0,geometry_metrics_checked_parent_evidence_pending
2807910213,unchanged,stable_raw_parent_code_only,2807910213,2807910213,1003,1003,2324,2280,0.0,geometry_metrics_checked_parent_evidence_pending
2807910214,unchanged,stable_raw_parent_code_only,2807910214,2807910214,1007,1007,1932,1744,0.0,geometry_metrics_checked_parent_evidence_pending
2807910215,unchanged,stable_raw_parent_code_only,2807910215,2807910215,1001,1001,1490,1454,0.0,geometry_metrics_checked_parent_evidence_pending
Z-2f209047a4c2,split,stable_raw_parent_code_only,2807910216,2807910216|2807910221,1006,1006,2733,3090,1.9045848671942944e-09,geometry_metrics_checked_parent_evidence_pending
2807910217,unchanged,stable_raw_parent_code_only,2807910217,2807910217,1001,1001,958,1013,0.0,geometry_metrics_checked_parent_evidence_pending
2807910218,unchanged,stable_raw_parent_code_only,2807910218,2807910218,1003,1003,1167,1205,0.0,geometry_metrics_checked_parent_evidence_pending
2807910219,unchanged,stable_raw_parent_code_only,2807910219,2807910219,1001,1001,1473,1357,0.0,geometry_metrics_checked_parent_evidence_pending
Z-8e695457009e,split,stable_raw_parent_code_only,2807910220,2807910220|2807910222,1006,1006,2078,3593,4.86034301070613e-08,geometry_metrics_checked_parent_evidence_pending
2807911001,unchanged,stable_raw_parent_code_only,2807911001,2807911001,1101,1101,1154,1233,0.0,geometry_metrics_checked_parent_evidence_pending
2807911002,unchanged,stable_raw_parent_code_only,2807911002,2807911002,1101,1101,1650,1654,0.0,geometry_metrics_checked_parent_evidence_pending
2807911003,unchanged,stable_raw_parent_code_only,2807911003,2807911003,1101,1101,1770,1723,0.0,geometry_metrics_checked_parent_evidence_pending
2807911004,unchanged,stable_raw_parent_code_only,2807911004,2807911004,1101,1101,1498,1499,0.0,geometry_metrics_checked_parent_evidence_pending
2807911005,unchanged,stable_raw_parent_code_only,2807911005,2807911005,1101,1101,1157,1114,0.0,geometry_metrics_checked_parent_evidence_pending
2807911006,unchanged,stable_raw_parent_code_only,2807911006,2807911006,1101,1101,1263,1316,0.0,geometry_metrics_checked_parent_evidence_pending
2807911007,unchanged,stable_raw_parent_code_only,2807911007,2807911007,1101,1101,1984,2239,0.0,geometry_metrics_checked_parent_evidence_pending
2807911010,unchanged,stable_raw_parent_code_only,2807911010,2807911010,1101,1101,824,892,0.0,geometry_metrics_checked_parent_evidence_pending
2807911011,unchanged,stable_raw_parent_code_only,2807911011,2807911011,1101,1101,838,857,0.0,geometry_metrics_checked_parent_evidence_pending
2807911012,unchanged,stable_raw_parent_code_only,2807911012,2807911012,1101,1101,2012,2248,0.0,geometry_metrics_checked_parent_evidence_pending
2807911013,unchanged,stable_raw_parent_code_only,2807911013,2807911013,1101,1101,1540,1682,0.0,geometry_metrics_checked_parent_evidence_pending
2807911015,unchanged,stable_raw_parent_code_only,2807911015,2807911015,1101,1101,1526,1581,0.0,geometry_metrics_checked_parent_evidence_pending
2807911016,unchanged,stable_raw_parent_code_only,2807911016,2807911016,1101,1101,1086,1230,0.0,geometry_metrics_checked_parent_evidence_pending
2807911017,unchanged,stable_raw_parent_code_only,2807911017,2807911017,1101,1101,1144,1242,0.0,geometry_metrics_checked_parent_evidence_pending
2807911018,unchanged,stable_raw_parent_code_only,2807911018,2807911018,1101,1101,803,799,0.0,geometry_metrics_checked_parent_evidence_pending
2807911019,unchanged,stable_raw_parent_code_only,2807911019,2807911019,1101,1101,689,802,0.0,geometry_metrics_checked_parent_evidence_pending
2807911021,unchanged,stable_raw_parent_code_only,2807911021,2807911021,1101,1101,1306,1592,0.0,geometry_metrics_checked_parent_evidence_pending
2807911022,unchanged,stable_raw_parent_code_only,2807911022,2807911022,1102,1102,1481,1641,0.0,geometry_metrics_checked_parent_evidence_pending
2807911023,unchanged,stable_raw_parent_code_only,2807911023,2807911023,1102,1102,1259,1441,0.0,geometry_metrics_checked_parent_evidence_pending
2807911024,unchanged,stable_raw_parent_code_only,2807911024,2807911024,1102,1102,1340,1582,0.0,geometry_metrics_checked_parent_evidence_pending
2807911025,unchanged,stable_raw_parent_code_only,2807911025,2807911025,1102,1102,1341,1420,0.0,geometry_metrics_checked_parent_evidence_pending
2807911026,unchanged,stable_raw_parent_code_only,2807911026,2807911026,1102,1102,2146,2400,0.0,geometry_metrics_checked_parent_evidence_pending
2807911028,unchanged,stable_raw_parent_code_only,2807911028,2807911028,1102,1102,954,1079,0.0,geometry_metrics_checked_parent_evidence_pending
2807911029,unchanged,stable_raw_parent_code_only,2807911029,2807911029,1102,1102,859,953,0.0,geometry_metrics_checked_parent_evidence_pending
2807911030,unchanged,stable_raw_parent_code_only,2807911030,2807911030,1102,1102,785,959,0.0,geometry_metrics_checked_parent_evidence_pending
2807911031,unchanged,stable_raw_parent_code_only,2807911031,2807911031,1102,1102,1031,926,0.0,geometry_metrics_checked_parent_evidence_pending
2807911032,unchanged,stable_raw_parent_code_only,2807911032,2807911032,1102,1102,1419,1694,0.0,geometry_metrics_checked_parent_evidence_pending
2807911033,unchanged,stable_raw_parent_code_only,2807911033,2807911033,1102,1102,1629,2016,0.0,geometry_metrics_checked_parent_evidence_pending
2807911034,unchanged,stable_raw_parent_code_only,2807911034,2807911034,1102,1102,1020,1194,2.779303783780189e-09,geometry_metrics_checked_parent_evidence_pending
2807911035,unchanged,stable_raw_parent_code_only,2807911035,2807911035,1102,1102,1084,1308,0.0,geometry_metrics_checked_parent_evidence_pending
2807911036,unchanged,stable_raw_parent_code_only,2807911036,2807911036,1102,1102,1222,1433,0.0,geometry_metrics_checked_parent_evidence_pending
2807911037,unchanged,stable_raw_parent_code_only,2807911037,2807911037,1102,1102,1301,1573,0.0,geometry_metrics_checked_parent_evidence_pending
2807911038,unchanged,stable_raw_parent_code_only,2807911038,2807911038,1102,1102,1020,1299,0.0,geometry_metrics_checked_parent_evidence_pending
2807911039,unchanged,stable_raw_parent_code_only,2807911039,2807911039,1102,1102,1630,2627,0.0,geometry_metrics_checked_parent_evidence_pending
2807911040,unchanged,stable_raw_parent_code_only,2807911040,2807911040,1102,1102,883,1052,0.0,geometry_metrics_checked_parent_evidence_pending
2807911041,unchanged,stable_raw_parent_code_only,2807911041,2807911041,1102,1102,1375,1691,0.0,geometry_metrics_checked_parent_evidence_pending
2807911042,unchanged,stable_raw_parent_code_only,2807911042,2807911042,1102,1102,1174,1415,0.0,geometry_metrics_checked_parent_evidence_pending
2807911043,unchanged,stable_raw_parent_code_only,2807911043,2807911043,1102,1102,1033,1218,0.0,geometry_metrics_checked_parent_evidence_pending
2807911044,unchanged,stable_raw_parent_code_only,2807911044,2807911044,1102,1102,1793,1788,0.0,geometry_metrics_checked_parent_evidence_pending
2807911045,unchanged,stable_raw_parent_code_only,2807911045,2807911045,1102,1102,776,730,0.0,geometry_metrics_checked_parent_evidence_pending
2807911046,unchanged,stable_raw_parent_code_only,2807911046,2807911046,1102,1102,817,851,0.0,geometry_metrics_checked_parent_evidence_pending
2807911047,unchanged,stable_raw_parent_code_only,2807911047,2807911047,1103,1103,1275,1482,0.0,geometry_metrics_checked_parent_evidence_pending
2807911048,unchanged,stable_raw_parent_code_only,2807911048,2807911048,1103,1103,1555,1556,0.0,geometry_metrics_checked_parent_evidence_pending
2807911049,unchanged,stable_raw_parent_code_only,2807911049,2807911049,1103,1103,1909,2061,0.0,geometry_metrics_checked_parent_evidence_pending
2807911050,unchanged,stable_raw_parent_code_only,2807911050,2807911050,1103,1103,1192,1251,0.0,geometry_metrics_checked_parent_evidence_pending
2807911051,unchanged,stable_raw_parent_code_only,2807911051,2807911051,1103,1103,1412,1530,0.0,geometry_metrics_checked_parent_evidence_pending
2807911054,unchanged,stable_raw_parent_code_only,2807911054,2807911054,1103,1103,1217,1226,0.0,geometry_metrics_checked_parent_evidence_pending
2807911055,unchanged,stable_raw_parent_code_only,2807911055,2807911055,1103,1103,1276,1739,0.0,geometry_metrics_checked_parent_evidence_pending
2807911056,unchanged,stable_raw_parent_code_only,2807911056,2807911056,1103,1103,1075,1365,0.0,geometry_metrics_checked_parent_evidence_pending
2807911057,unchanged,stable_raw_parent_code_only,2807911057,2807911057,1103,1103,986,1375,0.0,geometry_metrics_checked_parent_evidence_pending
2807911058,unchanged,stable_raw_parent_code_only,2807911058,2807911058,1103,1103,773,853,0.0,geometry_metrics_checked_parent_evidence_pending
2807911059,unchanged,stable_raw_parent_code_only,2807911059,2807911059,1103,1103,1253,1528,0.0,geometry_metrics_checked_parent_evidence_pending
2807911060,unchanged,stable_raw_parent_code_only,2807911060,2807911060,1103,1103,1249,1231,0.0,geometry_metrics_checked_parent_evidence_pending
2807911061,unchanged,stable_raw_parent_code_only,2807911061,2807911061,1103,1103,986,1220,0.0,geometry_metrics_checked_parent_evidence_pending
2807911062,unchanged,stable_raw_parent_code_only,2807911062,2807911062,1103,1103,1443,1936,0.0,geometry_metrics_checked_parent_evidence_pending
2807911063,unchanged,stable_raw_parent_code_only,2807911063,2807911063,1103,1103,2083,2475,0.0,geometry_metrics_checked_parent_evidence_pending
2807911065,unchanged,stable_raw_parent_code_only,2807911065,2807911065,1103,1103,1580,1654,0.0,geometry_metrics_checked_parent_evidence_pending
Z-4b0db59ab8c5,materially_redrawn,stable_raw_parent_code_only,2807911066|2807911067,2807911067|2807911195,1103,1103,3583,3894,2.4567654137942436e-09,geometry_metrics_checked_parent_evidence_pending
2807911068,unchanged,stable_raw_parent_code_only,2807911068,2807911068,1103,1103,1256,1399,0.0,geometry_metrics_checked_parent_evidence_pending
2807911069,unchanged,stable_raw_parent_code_only,2807911069,2807911069,1103,1103,2143,2397,0.0,geometry_metrics_checked_parent_evidence_pending
2807911070,unchanged,stable_raw_parent_code_only,2807911070,2807911070,1103,1103,1988,2396,4.661879126300233e-09,geometry_metrics_checked_parent_evidence_pending
2807911071,unchanged,stable_raw_parent_code_only,2807911071,2807911071,1103,1103,1727,2015,0.0,geometry_metrics_checked_parent_evidence_pending
2807911072,unchanged,stable_raw_parent_code_only,2807911072,2807911072,1103,1103,1420,1737,0.0,geometry_metrics_checked_parent_evidence_pending
2807911073,unchanged,stable_raw_parent_code_only,2807911073,2807911073,1103,1103,1283,1741,0.0,geometry_metrics_checked_parent_evidence_pending
2807911074,unchanged,stable_raw_parent_code_only,2807911074,2807911074,1103,1103,898,1081,0.0,geometry_metrics_checked_parent_evidence_pending
2807911075,unchanged,stable_raw_parent_code_only,2807911075,2807911075,1103,1103,809,810,0.0,geometry_metrics_checked_parent_evidence_pending
2807911078,unchanged,stable_raw_parent_code_only,2807911078,2807911078,1104,1104,1394,1741,0.0,geometry_metrics_checked_parent_evidence_pending
2807911079,unchanged,stable_raw_parent_code_only,2807911079,2807911079,1104,1104,944,1116,0.0,geometry_metrics_checked_parent_evidence_pending
2807911080,unchanged,stable_raw_parent_code_only,2807911080,2807911080,1104,1104,1739,2214,0.0,geometry_metrics_checked_parent_evidence_pending
2807911081,unchanged,stable_raw_parent_code_only,2807911081,2807911081,1104,1104,1682,2134,0.0,geometry_metrics_checked_parent_evidence_pending
2807911082,unchanged,stable_raw_parent_code_only,2807911082,2807911082,1104,1104,1155,1334,0.0,geometry_metrics_checked_parent_evidence_pending
2807911083,unchanged,stable_raw_parent_code_only,2807911083,2807911083,1104,1104,868,1130,0.0,geometry_metrics_checked_parent_evidence_pending
Z-e11bbcbb5899,merged,stable_raw_parent_code_only,2807911084|2807911085,2807911085,1104,1104,2041,2597,0.0,geometry_metrics_checked_parent_evidence_pending
2807911086,unchanged,stable_raw_parent_code_only,2807911086,2807911086,1104,1104,976,1335,0.0,geometry_metrics_checked_parent_evidence_pending
2807911087,unchanged,stable_raw_parent_code_only,2807911087,2807911087,1104,1104,1472,1792,0.0,geometry_metrics_checked_parent_evidence_pending
2807911088,unchanged,stable_raw_parent_code_only,2807911088,2807911088,1104,1104,1591,1880,0.0,geometry_metrics_checked_parent_evidence_pending
2807911089,unchanged,stable_raw_parent_code_only,2807911089,2807911089,1104,1104,1882,2282,0.0,geometry_metrics_checked_parent_evidence_pending
2807911091,unchanged,stable_raw_parent_code_only,2807911091,2807911091,1104,1104,1373,1657,0.0,geometry_metrics_checked_parent_evidence_pending
2807911092,unchanged,stable_raw_parent_code_only,2807911092,2807911092,1104,1104,1079,1313,0.0,geometry_metrics_checked_parent_evidence_pending
2807911093,unchanged,stable_raw_parent_code_only,2807911093,2807911093,1104,1104,1246,1292,0.0,geometry_metrics_checked_parent_evidence_pending
2807911094,unchanged,stable_raw_parent_code_only,2807911094,2807911094,1104,1104,1458,1308,0.0,geometry_metrics_checked_parent_evidence_pending
2807911095,unchanged,stable_raw_parent_code_only,2807911095,2807911095,1104,1104,1226,1127,0.0,geometry_metrics_checked_parent_evidence_pending
2807911096,unchanged,stable_raw_parent_code_only,2807911096,2807911096,1104,1104,898,874,0.0,geometry_metrics_checked_parent_evidence_pending
2807911097,unchanged,stable_raw_parent_code_only,2807911097,2807911097,1104,1104,1130,1214,0.0,geometry_metrics_checked_parent_evidence_pending
2807911098,unchanged,stable_raw_parent_code_only,2807911098,2807911098,1104,1104,1402,1475,0.0,geometry_metrics_checked_parent_evidence_pending
2807911099,unchanged,stable_raw_parent_code_only,2807911099,2807911099,1104,1104,993,1034,0.0,geometry_metrics_checked_parent_evidence_pending
2807911100,unchanged,stable_raw_parent_code_only,2807911100,2807911100,1104,1104,1979,2247,0.0,geometry_metrics_checked_parent_evidence_pending
2807911101,unchanged,stable_raw_parent_code_only,2807911101,2807911101,1104,1104,1614,1769,0.0,geometry_metrics_checked_parent_evidence_pending
2807911102,unchanged,stable_raw_parent_code_only,2807911102,2807911102,1104,1104,1404,1555,0.0,geometry_metrics_checked_parent_evidence_pending
2807911103,unchanged,stable_raw_parent_code_only,2807911103,2807911103,1104,1104,1570,1916,0.0,geometry_metrics_checked_parent_evidence_pending
2807911104,unchanged,stable_raw_parent_code_only,2807911104,2807911104,1104,1104,1089,1244,0.0,geometry_metrics_checked_parent_evidence_pending
2807911105,unchanged,stable_raw_parent_code_only,2807911105,2807911105,1104,1104,827,1067,0.0,geometry_metrics_checked_parent_evidence_pending
2807911106,unchanged,stable_raw_parent_code_only,2807911106,2807911106,1104,1104,904,1096,0.0,geometry_metrics_checked_parent_evidence_pending
2807911107,unchanged,stable_raw_parent_code_only,2807911107,2807911107,1104,1104,1199,1353,0.0,geometry_metrics_checked_parent_evidence_pending
2807911108,unchanged,stable_raw_parent_code_only,2807911108,2807911108,1104,1104,1180,1491,0.0,geometry_metrics_checked_parent_evidence_pending
2807911109,unchanged,stable_raw_parent_code_only,2807911109,2807911109,1104,1104,1252,1574,0.0,geometry_metrics_checked_parent_evidence_pending
2807911110,unchanged,stable_raw_parent_code_only,2807911110,2807911110,1104,1104,1148,1305,0.0,geometry_metrics_checked_parent_evidence_pending
2807911111,unchanged,stable_raw_parent_code_only,2807911111,2807911111,1104,1104,1074,1443,0.0,geometry_metrics_checked_parent_evidence_pending
2807911112,unchanged,stable_raw_parent_code_only,2807911112,2807911112,1104,1104,1229,1420,0.0,geometry_metrics_checked_parent_evidence_pending
2807911113,unchanged,stable_raw_parent_code_only,2807911113,2807911113,1105,1105,1538,1850,0.0,geometry_metrics_checked_parent_evidence_pending
2807911114,unchanged,stable_raw_parent_code_only,2807911114,2807911114,1105,1105,1280,1496,0.0,geometry_metrics_checked_parent_evidence_pending
2807911115,unchanged,stable_raw_parent_code_only,2807911115,2807911115,1105,1105,1816,2291,0.0,geometry_metrics_checked_parent_evidence_pending
2807911116,unchanged,stable_raw_parent_code_only,2807911116,2807911116,1105,1105,780,1035,0.0,geometry_metrics_checked_parent_evidence_pending
2807911117,unchanged,stable_raw_parent_code_only,2807911117,2807911117,1105,1105,1633,2182,0.0,geometry_metrics_checked_parent_evidence_pending
2807911118,unchanged,stable_raw_parent_code_only,2807911118,2807911118,1105,1105,1109,1302,0.0,geometry_metrics_checked_parent_evidence_pending
2807911119,unchanged,stable_raw_parent_code_only,2807911119,2807911119,1105,1105,1270,1581,0.0,geometry_metrics_checked_parent_evidence_pending
2807911120,unchanged,stable_raw_parent_code_only,2807911120,2807911120,1105,1105,1052,1314,0.0,geometry_metrics_checked_parent_evidence_pending
2807911121,unchanged,stable_raw_parent_code_only,2807911121,2807911121,1105,1105,1379,1886,0.0,geometry_metrics_checked_parent_evidence_pending
2807911122,unchanged,stable_raw_parent_code_only,2807911122,2807911122,1105,1105,1021,1412,0.0,geometry_metrics_checked_parent_evidence_pending
2807911123,unchanged,stable_raw_parent_code_only,2807911123,2807911123,1105,1105,929,1077,0.0,geometry_metrics_checked_parent_evidence_pending
2807911124,unchanged,stable_raw_parent_code_only,2807911124,2807911124,1105,1105,1575,1910,0.0,geometry_metrics_checked_parent_evidence_pending
2807911125,unchanged,stable_raw_parent_code_only,2807911125,2807911125,1105,1105,1435,1669,1.3628259844873094e-10,geometry_metrics_checked_parent_evidence_pending
Z-0cd147bb1214,split,stable_raw_parent_code_only,2807911126,2807911126|2807911199,1105,1105,2724,3373,5.405688835974539e-09,geometry_metrics_checked_parent_evidence_pending
2807911128,unchanged,stable_raw_parent_code_only,2807911128,2807911128,1105,1105,1125,1402,0.0,geometry_metrics_checked_parent_evidence_pending
2807911129,unchanged,stable_raw_parent_code_only,2807911129,2807911129,1105,1105,1016,1065,0.0,geometry_metrics_checked_parent_evidence_pending
2807911130,unchanged,stable_raw_parent_code_only,2807911130,2807911130,1105,1105,1656,2101,1.175879404148087e-08,geometry_metrics_checked_parent_evidence_pending
2807911131,unchanged,stable_raw_parent_code_only,2807911131,2807911131,1105,1105,967,1268,2.9748109270863537e-09,geometry_metrics_checked_parent_evidence_pending
2807911132,unchanged,stable_raw_parent_code_only,2807911132,2807911132,1105,1105,877,1216,0.0,geometry_metrics_checked_parent_evidence_pending
2807911133,unchanged,stable_raw_parent_code_only,2807911133,2807911133,1105,1105,983,1173,0.0,geometry_metrics_checked_parent_evidence_pending
2807911134,unchanged,stable_raw_parent_code_only,2807911134,2807911134,1105,1105,796,953,0.0,geometry_metrics_checked_parent_evidence_pending
2807911135,unchanged,stable_raw_parent_code_only,2807911135,2807911135,1105,1105,906,1077,0.0,geometry_metrics_checked_parent_evidence_pending
2807911136,unchanged,stable_raw_parent_code_only,2807911136,2807911136,1105,1105,1184,1353,0.0,geometry_metrics_checked_parent_evidence_pending
2807911137,unchanged,stable_raw_parent_code_only,2807911137,2807911137,1105,1105,2059,2306,0.0,geometry_metrics_checked_parent_evidence_pending
2807911138,unchanged,stable_raw_parent_code_only,2807911138,2807911138,1106,1106,1085,1293,0.0,geometry_metrics_checked_parent_evidence_pending
2807911139,unchanged,stable_raw_parent_code_only,2807911139,2807911139,1106,1106,1399,1505,0.0,geometry_metrics_checked_parent_evidence_pending
2807911140,unchanged,stable_raw_parent_code_only,2807911140,2807911140,1106,1106,1558,2022,0.0,geometry_metrics_checked_parent_evidence_pending
2807911141,unchanged,stable_raw_parent_code_only,2807911141,2807911141,1106,1106,1188,1460,0.0,geometry_metrics_checked_parent_evidence_pending
2807911142,unchanged,stable_raw_parent_code_only,2807911142,2807911142,1106,1106,703,819,0.0,geometry_metrics_checked_parent_evidence_pending
2807911143,unchanged,stable_raw_parent_code_only,2807911143,2807911143,1106,1106,1260,1476,0.0,geometry_metrics_checked_parent_evidence_pending
2807911145,unchanged,stable_raw_parent_code_only,2807911145,2807911145,1106,1106,1204,1327,0.0,geometry_metrics_checked_parent_evidence_pending
2807911146,unchanged,stable_raw_parent_code_only,2807911146,2807911146,1106,1106,1385,1531,0.0,geometry_metrics_checked_parent_evidence_pending
2807911147,unchanged,stable_raw_parent_code_only,2807911147,2807911147,1106,1106,1541,1431,0.0,geometry_metrics_checked_parent_evidence_pending
2807911148,unchanged,stable_raw_parent_code_only,2807911148,2807911148,1106,1106,2076,2550,2.876040558985259e-09,geometry_metrics_checked_parent_evidence_pending
2807911149,unchanged,stable_raw_parent_code_only,2807911149,2807911149,1106,1106,885,985,0.0,geometry_metrics_checked_parent_evidence_pending
2807911150,unchanged,stable_raw_parent_code_only,2807911150,2807911150,1106,1106,1193,1293,0.0,geometry_metrics_checked_parent_evidence_pending
2807911151,unchanged,stable_raw_parent_code_only,2807911151,2807911151,1106,1106,1070,1251,0.0,geometry_metrics_checked_parent_evidence_pending
2807911152,unchanged,stable_raw_parent_code_only,2807911152,2807911152,1106,1106,2079,2395,0.0,geometry_metrics_checked_parent_evidence_pending
2807911153,unchanged,stable_raw_parent_code_only,2807911153,2807911153,1106,1106,1549,1791,0.0,geometry_metrics_checked_parent_evidence_pending
2807911154,unchanged,stable_raw_parent_code_only,2807911154,2807911154,1106,1106,1182,1388,0.0,geometry_metrics_checked_parent_evidence_pending
2807911155,unchanged,stable_raw_parent_code_only,2807911155,2807911155,1106,1106,2383,2594,0.0,geometry_metrics_checked_parent_evidence_pending
Z-8db88a677c94,split,stable_raw_parent_code_only,2807911156,2807911156|2807911200,1106,1106,2241,3359,1.79033354293258e-09,geometry_metrics_checked_parent_evidence_pending
2807911157,unchanged,stable_raw_parent_code_only,2807911157,2807911157,1107,1107,1116,1272,0.0,geometry_metrics_checked_parent_evidence_pending
2807911158,unchanged,stable_raw_parent_code_only,2807911158,2807911158,1107,1107,1268,1402,0.0,geometry_metrics_checked_parent_evidence_pending
Z-219e417dc764,merged,stable_raw_parent_code_only,2807911159|2807911160,2807911160,1107,1107,1472,1856,0.0,geometry_metrics_checked_parent_evidence_pending
2807911161,unchanged,stable_raw_parent_code_only,2807911161,2807911161,1107,1107,1186,1633,0.0,geometry_metrics_checked_parent_evidence_pending
2807911162,unchanged,stable_raw_parent_code_only,2807911162,2807911162,1107,1107,743,1009,0.0,geometry_metrics_checked_parent_evidence_pending
2807911163,unchanged,stable_raw_parent_code_only,2807911163,2807911163,1107,1107,1358,1482,0.0,geometry_metrics_checked_parent_evidence_pending
2807911165,unchanged,stable_raw_parent_code_only,2807911165,2807911165,1107,1107,1713,1961,0.0,geometry_metrics_checked_parent_evidence_pending
2807911167,unchanged,stable_raw_parent_code_only,2807911167,2807911167,1107,1107,1056,1234,0.0,geometry_metrics_checked_parent_evidence_pending
2807911168,unchanged,stable_raw_parent_code_only,2807911168,2807911168,1107,1107,1108,1098,0.0,geometry_metrics_checked_parent_evidence_pending
2807911169,unchanged,stable_raw_parent_code_only,2807911169,2807911169,1107,1107,2464,3045,0.0,geometry_metrics_checked_parent_evidence_pending
2807911170,unchanged,stable_raw_parent_code_only,2807911170,2807911170,1107,1107,909,1147,0.0,geometry_metrics_checked_parent_evidence_pending
2807911171,unchanged,stable_raw_parent_code_only,2807911171,2807911171,1107,1107,912,1166,0.0,geometry_metrics_checked_parent_evidence_pending
2807911173,unchanged,stable_raw_parent_code_only,2807911173,2807911173,1107,1107,1204,1601,0.0,geometry_metrics_checked_parent_evidence_pending
2807911174,unchanged,stable_raw_parent_code_only,2807911174,2807911174,1107,1107,778,928,0.0,geometry_metrics_checked_parent_evidence_pending
2807911175,unchanged,stable_raw_parent_code_only,2807911175,2807911175,1107,1107,1476,1782,0.0,geometry_metrics_checked_parent_evidence_pending
2807911176,unchanged,stable_raw_parent_code_only,2807911176,2807911176,1107,1107,1091,1328,0.0,geometry_metrics_checked_parent_evidence_pending
2807911177,unchanged,stable_raw_parent_code_only,2807911177,2807911177,1107,1107,2181,2710,0.0,geometry_metrics_checked_parent_evidence_pending
2807911178,unchanged,stable_raw_parent_code_only,2807911178,2807911178,1107,1107,788,1032,0.0,geometry_metrics_checked_parent_evidence_pending
2807911179,unchanged,stable_raw_parent_code_only,2807911179,2807911179,1104,1104,941,1026,0.0,geometry_metrics_checked_parent_evidence_pending
2807911180,unchanged,stable_raw_parent_code_only,2807911180,2807911180,1103,1103,1421,1397,0.0,geometry_metrics_checked_parent_evidence_pending
2807911181,unchanged,stable_raw_parent_code_only,2807911181,2807911181,1102,1102,984,998,0.0,geometry_metrics_checked_parent_evidence_pending
Z-4ce936294ef1,split,stable_raw_parent_code_only,2807911182,2807911182|2807911201,1107,1107,2690,2798,3.283692006559239e-08,geometry_metrics_checked_parent_evidence_pending
2807911183,unchanged,stable_raw_parent_code_only,2807911183,2807911183,1107,1107,2454,2572,0.0,geometry_metrics_checked_parent_evidence_pending
2807911184,unchanged,stable_raw_parent_code_only,2807911184,2807911184,1102,1102,1148,1147,0.0,geometry_metrics_checked_parent_evidence_pending
2807911185,unchanged,stable_raw_parent_code_only,2807911185,2807911185,1105,1105,1442,1701,0.0,geometry_metrics_checked_parent_evidence_pending
2807911186,unchanged,stable_raw_parent_code_only,2807911186,2807911186,1106,1106,1663,2090,0.0,geometry_metrics_checked_parent_evidence_pending
Z-d0fcc912fcc9,split,stable_raw_parent_code_only,2807911187,2807911187|2807911196,1106,1106,2800,3179,2.7010462333347143e-08,geometry_metrics_checked_parent_evidence_pending
2807911188,unchanged,stable_raw_parent_code_only,2807911188,2807911188,1106,1106,1850,1954,1.1617447784795311e-08,geometry_metrics_checked_parent_evidence_pending
2807911189,unchanged,stable_raw_parent_code_only,2807911189,2807911189,1106,1106,2275,2594,2.283791194760071e-08,geometry_metrics_checked_parent_evidence_pending
Z-ef1e7eb0f4c7,split,stable_raw_parent_code_only,2807911190,2807911190|2807911197,1106,1106,3075,3190,8.397195077955293e-09,geometry_metrics_checked_parent_evidence_pending
2807911191,unchanged,stable_raw_parent_code_only,2807911191,2807911191,1106,1106,2080,3059,3.183484640343707e-08,geometry_metrics_checked_parent_evidence_pending
Z-baebf6e3b1c1,split,stable_raw_parent_code_only,2807911192,2807911192|2807911198,1106,1106,2739,4216,1.6704611255777062e-09,geometry_metrics_checked_parent_evidence_pending
2807911193,unchanged,stable_raw_parent_code_only,2807911193,2807911193,1106,1106,1275,1926,1.1703053233090813e-09,geometry_metrics_checked_parent_evidence_pending
2807911194,unchanged,stable_raw_parent_code_only,2807911194,2807911194,1107,1107,1097,1183,0.0,geometry_metrics_checked_parent_evidence_pending
2807912001,unchanged,stable_raw_parent_code_only,2807912001,2807912001,1201,1201,665,695,0.0,geometry_metrics_checked_parent_evidence_pending
2807912002,unchanged,stable_raw_parent_code_only,2807912002,2807912002,1201,1201,726,842,0.0,geometry_metrics_checked_parent_evidence_pending
2807912003,unchanged,stable_raw_parent_code_only,2807912003,2807912003,1201,1201,1152,1299,0.0,geometry_metrics_checked_parent_evidence_pending
2807912005,unchanged,stable_raw_parent_code_only,2807912005,2807912005,1201,1201,1018,1159,0.0,geometry_metrics_checked_parent_evidence_pending
2807912006,unchanged,stable_raw_parent_code_only,2807912006,2807912006,1201,1201,728,824,0.0,geometry_metrics_checked_parent_evidence_pending
2807912007,unchanged,stable_raw_parent_code_only,2807912007,2807912007,1201,1201,1350,1513,0.0,geometry_metrics_checked_parent_evidence_pending
2807912008,unchanged,stable_raw_parent_code_only,2807912008,2807912008,1201,1201,1182,1286,0.0,geometry_metrics_checked_parent_evidence_pending
2807912009,unchanged,stable_raw_parent_code_only,2807912009,2807912009,1201,1201,1115,1158,0.0,geometry_metrics_checked_parent_evidence_pending
2807912010,unchanged,stable_raw_parent_code_only,2807912010,2807912010,1201,1201,891,1018,0.0,geometry_metrics_checked_parent_evidence_pending
2807912011,unchanged,stable_raw_parent_code_only,2807912011,2807912011,1201,1201,931,1037,0.0,geometry_metrics_checked_parent_evidence_pending
2807912012,unchanged,stable_raw_parent_code_only,2807912012,2807912012,1201,1201,977,1078,0.0,geometry_metrics_checked_parent_evidence_pending
2807912013,unchanged,stable_raw_parent_code_only,2807912013,2807912013,1201,1201,917,1055,0.0,geometry_metrics_checked_parent_evidence_pending
2807912014,unchanged,stable_raw_parent_code_only,2807912014,2807912014,1201,1201,1129,1069,0.0,geometry_metrics_checked_parent_evidence_pending
2807912015,unchanged,stable_raw_parent_code_only,2807912015,2807912015,1201,1201,1142,1177,0.0,geometry_metrics_checked_parent_evidence_pending
2807912016,unchanged,stable_raw_parent_code_only,2807912016,2807912016,1201,1201,1699,1723,0.0,geometry_metrics_checked_parent_evidence_pending
2807912018,unchanged,stable_raw_parent_code_only,2807912018,2807912018,1202,1202,1842,2002,0.0,geometry_metrics_checked_parent_evidence_pending
2807912019,unchanged,stable_raw_parent_code_only,2807912019,2807912019,1202,1202,1190,1342,0.0,geometry_metrics_checked_parent_evidence_pending
2807912020,unchanged,stable_raw_parent_code_only,2807912020,2807912020,1202,1202,1214,1534,0.0,geometry_metrics_checked_parent_evidence_pending
Z-8c690a1503b1,merged,stable_raw_parent_code_only,2807912021|2807912022,2807912022,1202,1202,1492,1866,0.0,geometry_metrics_checked_parent_evidence_pending
2807912023,unchanged,stable_raw_parent_code_only,2807912023,2807912023,1202,1202,1463,1613,0.0,geometry_metrics_checked_parent_evidence_pending
2807912024,unchanged,stable_raw_parent_code_only,2807912024,2807912024,1202,1202,2090,2221,0.0,geometry_metrics_checked_parent_evidence_pending
2807912027,unchanged,stable_raw_parent_code_only,2807912027,2807912027,1203,1203,1676,1841,0.0,geometry_metrics_checked_parent_evidence_pending
2807912028,unchanged,stable_raw_parent_code_only,2807912028,2807912028,1203,1203,887,1016,0.0,geometry_metrics_checked_parent_evidence_pending
2807912029,unchanged,stable_raw_parent_code_only,2807912029,2807912029,1203,1203,1311,1516,0.0,geometry_metrics_checked_parent_evidence_pending
2807912030,unchanged,stable_raw_parent_code_only,2807912030,2807912030,1203,1203,1197,1436,0.0,geometry_metrics_checked_parent_evidence_pending
2807912031,unchanged,stable_raw_parent_code_only,2807912031,2807912031,1203,1203,780,941,0.0,geometry_metrics_checked_parent_evidence_pending
2807912032,unchanged,stable_raw_parent_code_only,2807912032,2807912032,1203,1203,2659,2855,1.70534547688312e-08,geometry_metrics_checked_parent_evidence_pending
2807912033,unchanged,stable_raw_parent_code_only,2807912033,2807912033,1203,1203,1212,1361,0.0,geometry_metrics_checked_parent_evidence_pending
Z-51b9a15068b1,merged,stable_raw_parent_code_only,2807912034|2807912036,2807912034,1203,1203,2019,2423,0.0,geometry_metrics_checked_parent_evidence_pending
2807912037,unchanged,stable_raw_parent_code_only,2807912037,2807912037,1203,1203,1370,1433,0.0,geometry_metrics_checked_parent_evidence_pending
2807912039,unchanged,stable_raw_parent_code_only,2807912039,2807912039,1204,1204,1045,1207,0.0,geometry_metrics_checked_parent_evidence_pending
2807912041,unchanged,stable_raw_parent_code_only,2807912041,2807912041,1204,1204,1533,1812,0.0,geometry_metrics_checked_parent_evidence_pending
2807912042,unchanged,stable_raw_parent_code_only,2807912042,2807912042,1204,1204,1080,1416,0.0,geometry_metrics_checked_parent_evidence_pending
2807912043,unchanged,stable_raw_parent_code_only,2807912043,2807912043,1204,1204,1316,1478,0.0,geometry_metrics_checked_parent_evidence_pending
2807912044,unchanged,stable_raw_parent_code_only,2807912044,2807912044,1204,1204,1589,1826,0.0,geometry_metrics_checked_parent_evidence_pending
2807912045,unchanged,stable_raw_parent_code_only,2807912045,2807912045,1204,1204,1686,2118,0.0,geometry_metrics_checked_parent_evidence_pending
2807912046,unchanged,stable_raw_parent_code_only,2807912046,2807912046,1204,1204,1645,2087,0.0,geometry_metrics_checked_parent_evidence_pending
2807912047,unchanged,stable_raw_parent_code_only,2807912047,2807912047,1204,1204,1129,1317,0.0,geometry_metrics_checked_parent_evidence_pending
2807912048,unchanged,stable_raw_parent_code_only,2807912048,2807912048,1204,1204,1498,1830,0.0,geometry_metrics_checked_parent_evidence_pending
2807912049,unchanged,stable_raw_parent_code_only,2807912049,2807912049,1204,1204,1653,1913,0.0,geometry_metrics_checked_parent_evidence_pending
2807912050,unchanged,stable_raw_parent_code_only,2807912050,2807912050,1204,1204,1361,1603,0.0,geometry_metrics_checked_parent_evidence_pending
2807912051,unchanged,stable_raw_parent_code_only,2807912051,2807912051,1204,1204,1267,1457,0.0,geometry_metrics_checked_parent_evidence_pending
2807912052,unchanged,stable_raw_parent_code_only,2807912052,2807912052,1204,1204,1176,2443,4.5678748799909435e-08,geometry_metrics_checked_parent_evidence_pending
2807912053,unchanged,stable_raw_parent_code_only,2807912053,2807912053,1205,1205,1967,1949,0.0,geometry_metrics_checked_parent_evidence_pending
2807912054,unchanged,stable_raw_parent_code_only,2807912054,2807912054,1205,1205,1390,1371,0.0,geometry_metrics_checked_parent_evidence_pending
2807912055,unchanged,stable_raw_parent_code_only,2807912055,2807912055,1205,1205,1766,1896,0.0,geometry_metrics_checked_parent_evidence_pending
2807912056,unchanged,stable_raw_parent_code_only,2807912056,2807912056,1205,1205,1736,2045,0.0,geometry_metrics_checked_parent_evidence_pending
2807912057,unchanged,stable_raw_parent_code_only,2807912057,2807912057,1205,1205,1375,1847,0.0,geometry_metrics_checked_parent_evidence_pending
2807912059,unchanged,stable_raw_parent_code_only,2807912059,2807912059,1205,1205,1735,1729,0.0,geometry_metrics_checked_parent_evidence_pending
2807912061,unchanged,stable_raw_parent_code_only,2807912061,2807912061,1205,1205,2227,2425,0.0,geometry_metrics_checked_parent_evidence_pending
2807912062,unchanged,stable_raw_parent_code_only,2807912062,2807912062,1205,1205,1353,1688,0.0,geometry_metrics_checked_parent_evidence_pending
2807912064,unchanged,stable_raw_parent_code_only,2807912064,2807912064,1205,1205,1282,1515,0.0,geometry_metrics_checked_parent_evidence_pending
2807912065,unchanged,stable_raw_parent_code_only,2807912065,2807912065,1205,1205,1183,1506,0.0,geometry_metrics_checked_parent_evidence_pending
2807912066,unchanged,stable_raw_parent_code_only,2807912066,2807912066,1205,1205,1468,1938,0.0,geometry_metrics_checked_parent_evidence_pending
2807912067,unchanged,stable_raw_parent_code_only,2807912067,2807912067,1205,1205,1937,2492,0.0,geometry_metrics_checked_parent_evidence_pending
2807912069,unchanged,stable_raw_parent_code_only,2807912069,2807912069,1205,1205,1232,1389,0.0,geometry_metrics_checked_parent_evidence_pending
2807912070,unchanged,stable_raw_parent_code_only,2807912070,2807912070,1205,1205,1093,1206,0.0,geometry_metrics_checked_parent_evidence_pending
2807912071,unchanged,stable_raw_parent_code_only,2807912071,2807912071,1205,1205,1537,1954,0.0,geometry_metrics_checked_parent_evidence_pending
2807912073,unchanged,stable_raw_parent_code_only,2807912073,2807912073,1205,1205,853,1284,0.0,geometry_metrics_checked_parent_evidence_pending
2807912074,unchanged,stable_raw_parent_code_only,2807912074,2807912074,1205,1205,796,1053,0.0,geometry_metrics_checked_parent_evidence_pending
2807912075,unchanged,stable_raw_parent_code_only,2807912075,2807912075,1206,1206,1521,1901,0.0,geometry_metrics_checked_parent_evidence_pending
2807912077,unchanged,stable_raw_parent_code_only,2807912077,2807912077,1206,1206,1457,1618,0.0,geometry_metrics_checked_parent_evidence_pending
2807912078,unchanged,stable_raw_parent_code_only,2807912078,2807912078,1206,1206,1365,1658,0.0,geometry_metrics_checked_parent_evidence_pending
2807912079,unchanged,stable_raw_parent_code_only,2807912079,2807912079,1206,1206,1048,1362,0.0,geometry_metrics_checked_parent_evidence_pending
2807912080,unchanged,stable_raw_parent_code_only,2807912080,2807912080,1206,1206,1443,1795,0.0,geometry_metrics_checked_parent_evidence_pending
2807912081,unchanged,stable_raw_parent_code_only,2807912081,2807912081,1206,1206,1293,1630,0.0,geometry_metrics_checked_parent_evidence_pending
2807912082,unchanged,stable_raw_parent_code_only,2807912082,2807912082,1206,1206,1047,1181,0.0,geometry_metrics_checked_parent_evidence_pending
2807912083,unchanged,stable_raw_parent_code_only,2807912083,2807912083,1206,1206,1240,1482,0.0,geometry_metrics_checked_parent_evidence_pending
2807912084,unchanged,stable_raw_parent_code_only,2807912084,2807912084,1206,1206,998,1270,0.0,geometry_metrics_checked_parent_evidence_pending
2807912086,unchanged,stable_raw_parent_code_only,2807912086,2807912086,1207,1207,1104,1205,2.367506058604506e-10,geometry_metrics_checked_parent_evidence_pending
2807912087,unchanged,stable_raw_parent_code_only,2807912087,2807912087,1207,1207,1795,2185,0.0,geometry_metrics_checked_parent_evidence_pending
2807912088,unchanged,stable_raw_parent_code_only,2807912088,2807912088,1207,1207,1841,2424,0.0,geometry_metrics_checked_parent_evidence_pending
2807912089,unchanged,stable_raw_parent_code_only,2807912089,2807912089,1207,1207,1234,1418,0.0,geometry_metrics_checked_parent_evidence_pending
2807912090,unchanged,stable_raw_parent_code_only,2807912090,2807912090,1207,1207,1199,1444,0.0,geometry_metrics_checked_parent_evidence_pending
2807912091,unchanged,stable_raw_parent_code_only,2807912091,2807912091,1207,1207,1764,2034,0.0,geometry_metrics_checked_parent_evidence_pending
2807912092,unchanged,stable_raw_parent_code_only,2807912092,2807912092,1207,1207,1318,1609,0.0,geometry_metrics_checked_parent_evidence_pending
2807912093,unchanged,stable_raw_parent_code_only,2807912093,2807912093,1207,1207,1842,2253,0.0,geometry_metrics_checked_parent_evidence_pending
2807912094,unchanged,stable_raw_parent_code_only,2807912094,2807912094,1207,1207,1905,2610,0.0,geometry_metrics_checked_parent_evidence_pending
2807912096,unchanged,stable_raw_parent_code_only,2807912096,2807912096,1207,1207,1342,1798,0.0,geometry_metrics_checked_parent_evidence_pending
2807912097,unchanged,stable_raw_parent_code_only,2807912097,2807912097,1207,1207,1131,1438,0.0,geometry_metrics_checked_parent_evidence_pending
2807912098,unchanged,stable_raw_parent_code_only,2807912098,2807912098,1206,1206,1865,1799,0.0,geometry_metrics_checked_parent_evidence_pending
2807912099,unchanged,stable_raw_parent_code_only,2807912099,2807912099,1202,1202,1217,1325,0.0,geometry_metrics_checked_parent_evidence_pending
2807912100,unchanged,stable_raw_parent_code_only,2807912100,2807912100,1203,1203,1578,1737,0.0,geometry_metrics_checked_parent_evidence_pending
2807912101,unchanged,stable_raw_parent_code_only,2807912101,2807912101,1201,1201,1812,1854,0.0,geometry_metrics_checked_parent_evidence_pending
2807912102,unchanged,stable_raw_parent_code_only,2807912102,2807912102,1201,1201,2513,2585,0.0,geometry_metrics_checked_parent_evidence_pending
2807912103,unchanged,stable_raw_parent_code_only,2807912103,2807912103,1203,1203,2356,2488,0.0,geometry_metrics_checked_parent_evidence_pending
2807912104,unchanged,stable_raw_parent_code_only,2807912104,2807912104,1203,1203,1760,1951,0.0,geometry_metrics_checked_parent_evidence_pending
2807912105,unchanged,stable_raw_parent_code_only,2807912105,2807912105,1203,1203,1600,1702,0.0,geometry_metrics_checked_parent_evidence_pending
2807912106,unchanged,stable_raw_parent_code_only,2807912106,2807912106,1201,1201,2303,2448,0.0,geometry_metrics_checked_parent_evidence_pending
2807912107,unchanged,stable_raw_parent_code_only,2807912107,2807912107,1204,1204,2358,2575,0.0,geometry_metrics_checked_parent_evidence_pending
Z-acdd889337fa,split,stable_raw_parent_code_only,2807912108,2807912108|2807912110,1202,1202,2753,3341,2.4556697623937306e-09,geometry_metrics_checked_parent_evidence_pending
2807912109,unchanged,stable_raw_parent_code_only,2807912109,2807912109,1203,1203,2096,2309,0.0,geometry_metrics_checked_parent_evidence_pending
2807913002,unchanged,stable_raw_parent_code_only,2807913002,2807913002,1301,1301,1207,1283,0.0,geometry_metrics_checked_parent_evidence_pending
2807913003,unchanged,stable_raw_parent_code_only,2807913003,2807913003,1301,1301,788,989,0.0,geometry_metrics_checked_parent_evidence_pending
2807913004,unchanged,stable_raw_parent_code_only,2807913004,2807913004,1301,1301,705,771,0.0,geometry_metrics_checked_parent_evidence_pending
2807913005,unchanged,stable_raw_parent_code_only,2807913005,2807913005,1301,1301,816,968,0.0,geometry_metrics_checked_parent_evidence_pending
2807913006,unchanged,stable_raw_parent_code_only,2807913006,2807913006,1301,1301,922,975,0.0,geometry_metrics_checked_parent_evidence_pending
2807913007,unchanged,stable_raw_parent_code_only,2807913007,2807913007,1301,1301,1040,1077,0.0,geometry_metrics_checked_parent_evidence_pending
2807913008,unchanged,stable_raw_parent_code_only,2807913008,2807913008,1301,1301,1506,1865,0.0,geometry_metrics_checked_parent_evidence_pending
2807913010,unchanged,stable_raw_parent_code_only,2807913010,2807913010,1301,1301,1085,1161,0.0,geometry_metrics_checked_parent_evidence_pending
2807913011,unchanged,stable_raw_parent_code_only,2807913011,2807913011,1301,1301,813,974,0.0,geometry_metrics_checked_parent_evidence_pending
2807913012,unchanged,stable_raw_parent_code_only,2807913012,2807913012,1301,1301,1199,1380,0.0,geometry_metrics_checked_parent_evidence_pending
2807913013,unchanged,stable_raw_parent_code_only,2807913013,2807913013,1301,1301,1348,1448,0.0,geometry_metrics_checked_parent_evidence_pending
Z-b57743f03236,merged,stable_raw_parent_code_only,2807913014|2807913027,2807913014,1301,1301,1992,2301,0.0,geometry_metrics_checked_parent_evidence_pending
2807913016,unchanged,stable_raw_parent_code_only,2807913016,2807913016,1301,1301,1153,1387,0.0,geometry_metrics_checked_parent_evidence_pending
2807913017,unchanged,stable_raw_parent_code_only,2807913017,2807913017,1301,1301,964,1053,0.0,geometry_metrics_checked_parent_evidence_pending
2807913018,unchanged,stable_raw_parent_code_only,2807913018,2807913018,1301,1301,944,1008,0.0,geometry_metrics_checked_parent_evidence_pending
2807913019,unchanged,stable_raw_parent_code_only,2807913019,2807913019,1301,1301,744,804,0.0,geometry_metrics_checked_parent_evidence_pending
2807913021,unchanged,stable_raw_parent_code_only,2807913021,2807913021,1301,1301,977,1048,0.0,geometry_metrics_checked_parent_evidence_pending
2807913022,unchanged,stable_raw_parent_code_only,2807913022,2807913022,1301,1301,995,1071,0.0,geometry_metrics_checked_parent_evidence_pending
2807913023,unchanged,stable_raw_parent_code_only,2807913023,2807913023,1301,1301,836,885,0.0,geometry_metrics_checked_parent_evidence_pending
2807913024,unchanged,stable_raw_parent_code_only,2807913024,2807913024,1301,1301,875,955,0.0,geometry_metrics_checked_parent_evidence_pending
2807913026,unchanged,stable_raw_parent_code_only,2807913026,2807913026,1301,1301,909,1025,0.0,geometry_metrics_checked_parent_evidence_pending
2807913028,unchanged,stable_raw_parent_code_only,2807913028,2807913028,1301,1301,805,902,0.0,geometry_metrics_checked_parent_evidence_pending
2807913029,unchanged,stable_raw_parent_code_only,2807913029,2807913029,1301,1301,1206,1410,0.0,geometry_metrics_checked_parent_evidence_pending
2807913030,unchanged,stable_raw_parent_code_only,2807913030,2807913030,1301,1301,1816,1984,0.0,geometry_metrics_checked_parent_evidence_pending
2807913031,unchanged,stable_raw_parent_code_only,2807913031,2807913031,1301,1301,1070,1290,0.0,geometry_metrics_checked_parent_evidence_pending
2807913032,unchanged,stable_raw_parent_code_only,2807913032,2807913032,1301,1301,1880,2242,0.0,geometry_metrics_checked_parent_evidence_pending
2807913033,unchanged,stable_raw_parent_code_only,2807913033,2807913033,1301,1301,1225,1535,0.0,geometry_metrics_checked_parent_evidence_pending
2807913034,unchanged,stable_raw_parent_code_only,2807913034,2807913034,1301,1301,1181,1489,0.0,geometry_metrics_checked_parent_evidence_pending
2807913035,unchanged,stable_raw_parent_code_only,2807913035,2807913035,1301,1301,2537,2918,0.0,geometry_metrics_checked_parent_evidence_pending
2807913036,unchanged,stable_raw_parent_code_only,2807913036,2807913036,1302,1302,1042,1448,0.0,geometry_metrics_checked_parent_evidence_pending
2807913037,unchanged,stable_raw_parent_code_only,2807913037,2807913037,1302,1302,1266,1670,0.0,geometry_metrics_checked_parent_evidence_pending
2807913038,unchanged,stable_raw_parent_code_only,2807913038,2807913038,1302,1302,910,1283,0.0,geometry_metrics_checked_parent_evidence_pending
2807913039,unchanged,stable_raw_parent_code_only,2807913039,2807913039,1302,1302,977,1163,0.0,geometry_metrics_checked_parent_evidence_pending
2807913040,unchanged,stable_raw_parent_code_only,2807913040,2807913040,1302,1302,1370,1696,0.0,geometry_metrics_checked_parent_evidence_pending
2807913041,unchanged,stable_raw_parent_code_only,2807913041,2807913041,1302,1302,1727,2379,7.520061268097325e-09,geometry_metrics_checked_parent_evidence_pending
2807913042,unchanged,stable_raw_parent_code_only,2807913042,2807913042,1302,1302,1449,1654,0.0,geometry_metrics_checked_parent_evidence_pending
2807913043,unchanged,stable_raw_parent_code_only,2807913043,2807913043,1302,1302,1370,1799,0.0,geometry_metrics_checked_parent_evidence_pending
2807913044,unchanged,stable_raw_parent_code_only,2807913044,2807913044,1302,1302,1930,2534,0.0,geometry_metrics_checked_parent_evidence_pending
2807913045,unchanged,stable_raw_parent_code_only,2807913045,2807913045,1302,1302,1317,1716,0.0,geometry_metrics_checked_parent_evidence_pending
2807913046,unchanged,stable_raw_parent_code_only,2807913046,2807913046,1302,1302,1760,2375,0.0,geometry_metrics_checked_parent_evidence_pending
2807913047,unchanged,stable_raw_parent_code_only,2807913047,2807913047,1302,1302,1439,1878,0.0,geometry_metrics_checked_parent_evidence_pending
2807913048,unchanged,stable_raw_parent_code_only,2807913048,2807913048,1302,1302,1309,1758,0.0,geometry_metrics_checked_parent_evidence_pending
2807913049,unchanged,stable_raw_parent_code_only,2807913049,2807913049,1302,1302,1925,2289,0.0,geometry_metrics_checked_parent_evidence_pending
2807913050,unchanged,stable_raw_parent_code_only,2807913050,2807913050,1302,1302,1124,1389,0.0,geometry_metrics_checked_parent_evidence_pending
2807913052,unchanged,stable_raw_parent_code_only,2807913052,2807913052,1302,1302,1025,1318,0.0,geometry_metrics_checked_parent_evidence_pending
2807913053,unchanged,stable_raw_parent_code_only,2807913053,2807913053,1302,1302,1330,1574,0.0,geometry_metrics_checked_parent_evidence_pending
2807913054,unchanged,stable_raw_parent_code_only,2807913054,2807913054,1302,1302,1754,2279,0.0,geometry_metrics_checked_parent_evidence_pending
2807913055,unchanged,stable_raw_parent_code_only,2807913055,2807913055,1302,1302,1192,1537,0.0,geometry_metrics_checked_parent_evidence_pending
Z-2cb5e454a44d,split,stable_raw_parent_code_only,2807913056,2807913056|2807913218,1302,1302,1163,3588,8.109369003882397e-09,geometry_metrics_checked_parent_evidence_pending
2807913057,unchanged,stable_raw_parent_code_only,2807913057,2807913057,1302,1302,1538,1818,0.0,geometry_metrics_checked_parent_evidence_pending
2807913058,unchanged,stable_raw_parent_code_only,2807913058,2807913058,1302,1302,998,1375,0.0,geometry_metrics_checked_parent_evidence_pending
2807913059,unchanged,stable_raw_parent_code_only,2807913059,2807913059,1302,1302,1106,1413,0.0,geometry_metrics_checked_parent_evidence_pending
2807913060,unchanged,stable_raw_parent_code_only,2807913060,2807913060,1302,1302,1118,1365,0.0,geometry_metrics_checked_parent_evidence_pending
2807913061,unchanged,stable_raw_parent_code_only,2807913061,2807913061,1302,1302,893,1240,0.0,geometry_metrics_checked_parent_evidence_pending
2807913062,unchanged,stable_raw_parent_code_only,2807913062,2807913062,1302,1302,1093,1408,0.0,geometry_metrics_checked_parent_evidence_pending
2807913063,unchanged,stable_raw_parent_code_only,2807913063,2807913063,1302,1302,896,1148,0.0,geometry_metrics_checked_parent_evidence_pending
Z-c757005e3913,merged,stable_raw_parent_code_only,2807913064|2807913065,2807913065,1302,1302,1674,2249,0.0,geometry_metrics_checked_parent_evidence_pending
2807913066,unchanged,stable_raw_parent_code_only,2807913066,2807913066,1302,1302,1049,1208,0.0,geometry_metrics_checked_parent_evidence_pending
2807913069,unchanged,stable_raw_parent_code_only,2807913069,2807913069,1302,1302,826,919,0.0,geometry_metrics_checked_parent_evidence_pending
2807913074,unchanged,stable_raw_parent_code_only,2807913074,2807913074,1303,1303,2108,2065,0.0,geometry_metrics_checked_parent_evidence_pending
2807913077,unchanged,stable_raw_parent_code_only,2807913077,2807913077,1303,1303,1466,1413,0.0,geometry_metrics_checked_parent_evidence_pending
2807913078,unchanged,stable_raw_parent_code_only,2807913078,2807913078,1303,1303,1723,1733,0.0,geometry_metrics_checked_parent_evidence_pending
2807913079,unchanged,stable_raw_parent_code_only,2807913079,2807913079,1303,1303,1496,1968,0.0,geometry_metrics_checked_parent_evidence_pending
2807913080,unchanged,stable_raw_parent_code_only,2807913080,2807913080,1303,1303,1400,1830,0.0,geometry_metrics_checked_parent_evidence_pending
2807913083,unchanged,stable_raw_parent_code_only,2807913083,2807913083,1303,1303,1746,2201,0.0,geometry_metrics_checked_parent_evidence_pending
2807913084,unchanged,stable_raw_parent_code_only,2807913084,2807913084,1303,1303,910,1217,0.0,geometry_metrics_checked_parent_evidence_pending
2807913086,unchanged,stable_raw_parent_code_only,2807913086,2807913086,1303,1303,1276,1610,0.0,geometry_metrics_checked_parent_evidence_pending
2807913087,unchanged,stable_raw_parent_code_only,2807913087,2807913087,1303,1303,787,800,0.0,geometry_metrics_checked_parent_evidence_pending
2807913088,unchanged,stable_raw_parent_code_only,2807913088,2807913088,1303,1303,1005,1105,0.0,geometry_metrics_checked_parent_evidence_pending
2807913089,unchanged,stable_raw_parent_code_only,2807913089,2807913089,1303,1303,731,967,0.0,geometry_metrics_checked_parent_evidence_pending
2807913090,unchanged,stable_raw_parent_code_only,2807913090,2807913090,1303,1303,862,1133,0.0,geometry_metrics_checked_parent_evidence_pending
2807913091,unchanged,stable_raw_parent_code_only,2807913091,2807913091,1303,1303,1080,1186,0.0,geometry_metrics_checked_parent_evidence_pending
2807913092,unchanged,stable_raw_parent_code_only,2807913092,2807913092,1303,1303,2217,2311,0.0,geometry_metrics_checked_parent_evidence_pending
2807913094,unchanged,stable_raw_parent_code_only,2807913094,2807913094,1303,1303,2101,2144,0.0,geometry_metrics_checked_parent_evidence_pending
2807913103,unchanged,stable_raw_parent_code_only,2807913103,2807913103,1303,1303,779,941,0.0,geometry_metrics_checked_parent_evidence_pending
2807913104,unchanged,stable_raw_parent_code_only,2807913104,2807913104,1303,1303,1708,1823,0.0,geometry_metrics_checked_parent_evidence_pending
2807913108,unchanged,stable_raw_parent_code_only,2807913108,2807913108,1304,1304,1818,1911,0.0,geometry_metrics_checked_parent_evidence_pending
2807913109,unchanged,stable_raw_parent_code_only,2807913109,2807913109,1304,1304,2200,2186,0.0,geometry_metrics_checked_parent_evidence_pending
2807913110,unchanged,stable_raw_parent_code_only,2807913110,2807913110,1304,1304,798,943,0.0,geometry_metrics_checked_parent_evidence_pending
2807913111,unchanged,stable_raw_parent_code_only,2807913111,2807913111,1304,1304,827,865,0.0,geometry_metrics_checked_parent_evidence_pending
2807913112,unchanged,stable_raw_parent_code_only,2807913112,2807913112,1304,1304,1338,1410,0.0,geometry_metrics_checked_parent_evidence_pending
Z-281c81573a01,merged,stable_raw_parent_code_only,2807913114|2807913115,2807913115,1304,1304,2234,2538,0.0,geometry_metrics_checked_parent_evidence_pending
2807913116,unchanged,stable_raw_parent_code_only,2807913116,2807913116,1304,1304,787,834,0.0,geometry_metrics_checked_parent_evidence_pending
Z-9470400c2792,merged,stable_raw_parent_code_only,2807913117|2807913126,2807913117,1304,1304,1608,1866,0.0,geometry_metrics_checked_parent_evidence_pending
2807913118,unchanged,stable_raw_parent_code_only,2807913118,2807913118,1304,1304,828,795,0.0,geometry_metrics_checked_parent_evidence_pending
2807913119,unchanged,stable_raw_parent_code_only,2807913119,2807913119,1304,1304,1291,1460,0.0,geometry_metrics_checked_parent_evidence_pending
2807913120,unchanged,stable_raw_parent_code_only,2807913120,2807913120,1304,1304,1280,1344,0.0,geometry_metrics_checked_parent_evidence_pending
2807913121,unchanged,stable_raw_parent_code_only,2807913121,2807913121,1304,1304,1014,1025,0.0,geometry_metrics_checked_parent_evidence_pending
2807913122,unchanged,stable_raw_parent_code_only,2807913122,2807913122,1304,1304,829,937,0.0,geometry_metrics_checked_parent_evidence_pending
2807913123,unchanged,stable_raw_parent_code_only,2807913123,2807913123,1304,1304,1280,1326,0.0,geometry_metrics_checked_parent_evidence_pending
2807913124,unchanged,stable_raw_parent_code_only,2807913124,2807913124,1304,1304,1404,1576,0.0,geometry_metrics_checked_parent_evidence_pending
2807913125,unchanged,stable_raw_parent_code_only,2807913125,2807913125,1304,1304,1158,1300,0.0,geometry_metrics_checked_parent_evidence_pending
2807913127,unchanged,stable_raw_parent_code_only,2807913127,2807913127,1304,1304,2507,2707,0.0,geometry_metrics_checked_parent_evidence_pending
2807913128,unchanged,stable_raw_parent_code_only,2807913128,2807913128,1304,1304,1357,1377,0.0,geometry_metrics_checked_parent_evidence_pending
2807913129,unchanged,stable_raw_parent_code_only,2807913129,2807913129,1304,1304,858,841,0.0,geometry_metrics_checked_parent_evidence_pending
2807913131,unchanged,stable_raw_parent_code_only,2807913131,2807913131,1304,1304,735,768,0.0,geometry_metrics_checked_parent_evidence_pending
2807913132,unchanged,stable_raw_parent_code_only,2807913132,2807913132,1304,1304,1174,1197,0.0,geometry_metrics_checked_parent_evidence_pending
2807913133,unchanged,stable_raw_parent_code_only,2807913133,2807913133,1304,1304,964,1084,0.0,geometry_metrics_checked_parent_evidence_pending
2807913134,unchanged,stable_raw_parent_code_only,2807913134,2807913134,1304,1304,1027,1135,0.0,geometry_metrics_checked_parent_evidence_pending
2807913135,unchanged,stable_raw_parent_code_only,2807913135,2807913135,1304,1304,863,845,0.0,geometry_metrics_checked_parent_evidence_pending
2807913136,unchanged,stable_raw_parent_code_only,2807913136,2807913136,1304,1304,1099,1128,0.0,geometry_metrics_checked_parent_evidence_pending
2807913137,unchanged,stable_raw_parent_code_only,2807913137,2807913137,1304,1304,1724,1695,0.0,geometry_metrics_checked_parent_evidence_pending
2807913138,unchanged,stable_raw_parent_code_only,2807913138,2807913138,1304,1304,935,1031,0.0,geometry_metrics_checked_parent_evidence_pending
2807913139,unchanged,stable_raw_parent_code_only,2807913139,2807913139,1304,1304,1041,1184,0.0,geometry_metrics_checked_parent_evidence_pending
2807913140,unchanged,stable_raw_parent_code_only,2807913140,2807913140,1304,1304,1500,1583,0.0,geometry_metrics_checked_parent_evidence_pending
2807913142,unchanged,stable_raw_parent_code_only,2807913142,2807913142,1305,1305,1409,1603,0.0,geometry_metrics_checked_parent_evidence_pending
2807913143,unchanged,stable_raw_parent_code_only,2807913143,2807913143,1305,1305,771,788,0.0,geometry_metrics_checked_parent_evidence_pending
2807913144,unchanged,stable_raw_parent_code_only,2807913144,2807913144,1305,1305,1464,1561,0.0,geometry_metrics_checked_parent_evidence_pending
2807913145,unchanged,stable_raw_parent_code_only,2807913145,2807913145,1305,1305,919,1164,0.0,geometry_metrics_checked_parent_evidence_pending
2807913146,unchanged,stable_raw_parent_code_only,2807913146,2807913146,1305,1305,1051,1313,0.0,geometry_metrics_checked_parent_evidence_pending
2807913147,unchanged,stable_raw_parent_code_only,2807913147,2807913147,1305,1305,1269,1407,0.0,geometry_metrics_checked_parent_evidence_pending
2807913148,unchanged,stable_raw_parent_code_only,2807913148,2807913148,1305,1305,1167,1488,0.0,geometry_metrics_checked_parent_evidence_pending
2807913150,unchanged,stable_raw_parent_code_only,2807913150,2807913150,1305,1305,1449,1737,0.0,geometry_metrics_checked_parent_evidence_pending
2807913153,unchanged,stable_raw_parent_code_only,2807913153,2807913153,1305,1305,1432,1684,0.0,geometry_metrics_checked_parent_evidence_pending
2807913154,unchanged,stable_raw_parent_code_only,2807913154,2807913154,1305,1305,1186,1250,0.0,geometry_metrics_checked_parent_evidence_pending
2807913155,unchanged,stable_raw_parent_code_only,2807913155,2807913155,1305,1305,2009,2453,0.0,geometry_metrics_checked_parent_evidence_pending
2807913156,unchanged,stable_raw_parent_code_only,2807913156,2807913156,1305,1305,808,972,0.0,geometry_metrics_checked_parent_evidence_pending
2807913157,unchanged,stable_raw_parent_code_only,2807913157,2807913157,1305,1305,1174,1455,0.0,geometry_metrics_checked_parent_evidence_pending
2807913158,unchanged,stable_raw_parent_code_only,2807913158,2807913158,1305,1305,1982,2147,0.0,geometry_metrics_checked_parent_evidence_pending
2807913160,unchanged,stable_raw_parent_code_only,2807913160,2807913160,1305,1305,1751,1823,0.0,geometry_metrics_checked_parent_evidence_pending
2807913161,unchanged,stable_raw_parent_code_only,2807913161,2807913161,1305,1305,1127,1081,0.0,geometry_metrics_checked_parent_evidence_pending
2807913162,unchanged,stable_raw_parent_code_only,2807913162,2807913162,1305,1305,743,736,0.0,geometry_metrics_checked_parent_evidence_pending
2807913163,unchanged,stable_raw_parent_code_only,2807913163,2807913163,1305,1305,909,950,0.0,geometry_metrics_checked_parent_evidence_pending
2807913164,unchanged,stable_raw_parent_code_only,2807913164,2807913164,1305,1305,850,865,0.0,geometry_metrics_checked_parent_evidence_pending
2807913166,unchanged,stable_raw_parent_code_only,2807913166,2807913166,1306,1306,1827,2052,0.0,geometry_metrics_checked_parent_evidence_pending
2807913168,unchanged,stable_raw_parent_code_only,2807913168,2807913168,1306,1306,2279,2699,0.0,geometry_metrics_checked_parent_evidence_pending
2807913169,unchanged,stable_raw_parent_code_only,2807913169,2807913169,1306,1306,1336,1615,0.0,geometry_metrics_checked_parent_evidence_pending
2807913170,unchanged,stable_raw_parent_code_only,2807913170,2807913170,1306,1306,1041,1153,0.0,geometry_metrics_checked_parent_evidence_pending
2807913171,unchanged,stable_raw_parent_code_only,2807913171,2807913171,1306,1306,1021,1169,0.0,geometry_metrics_checked_parent_evidence_pending
2807913172,unchanged,stable_raw_parent_code_only,2807913172,2807913172,1306,1306,1099,1451,0.0,geometry_metrics_checked_parent_evidence_pending
2807913173,unchanged,stable_raw_parent_code_only,2807913173,2807913173,1306,1306,1040,1231,0.0,geometry_metrics_checked_parent_evidence_pending
2807913174,unchanged,stable_raw_parent_code_only,2807913174,2807913174,1306,1306,1402,1723,0.0,geometry_metrics_checked_parent_evidence_pending
2807913175,unchanged,stable_raw_parent_code_only,2807913175,2807913175,1306,1306,1316,1623,0.0,geometry_metrics_checked_parent_evidence_pending
2807913176,unchanged,stable_raw_parent_code_only,2807913176,2807913176,1306,1306,1056,1296,0.0,geometry_metrics_checked_parent_evidence_pending
2807913177,unchanged,stable_raw_parent_code_only,2807913177,2807913177,1306,1306,1081,1286,0.0,geometry_metrics_checked_parent_evidence_pending
2807913178,unchanged,stable_raw_parent_code_only,2807913178,2807913178,1306,1306,1248,1200,0.0,geometry_metrics_checked_parent_evidence_pending
2807913179,unchanged,stable_raw_parent_code_only,2807913179,2807913179,1306,1306,676,662,0.0,geometry_metrics_checked_parent_evidence_pending
2807913180,unchanged,stable_raw_parent_code_only,2807913180,2807913180,1306,1306,1001,1086,0.0,geometry_metrics_checked_parent_evidence_pending
2807913181,unchanged,stable_raw_parent_code_only,2807913181,2807913181,1306,1306,1218,1356,0.0,geometry_metrics_checked_parent_evidence_pending
2807913182,unchanged,stable_raw_parent_code_only,2807913182,2807913182,1306,1306,1196,1137,0.0,geometry_metrics_checked_parent_evidence_pending
2807913183,unchanged,stable_raw_parent_code_only,2807913183,2807913183,1306,1306,1281,1286,0.0,geometry_metrics_checked_parent_evidence_pending
2807913184,unchanged,stable_raw_parent_code_only,2807913184,2807913184,1306,1306,1637,1903,0.0,geometry_metrics_checked_parent_evidence_pending
2807913185,unchanged,stable_raw_parent_code_only,2807913185,2807913185,1306,1306,1479,1797,0.0,geometry_metrics_checked_parent_evidence_pending
2807913186,unchanged,stable_raw_parent_code_only,2807913186,2807913186,1306,1306,2091,2434,0.0,geometry_metrics_checked_parent_evidence_pending
2807913187,unchanged,stable_raw_parent_code_only,2807913187,2807913187,1306,1306,1666,2009,0.0,geometry_metrics_checked_parent_evidence_pending
2807913189,unchanged,stable_raw_parent_code_only,2807913189,2807913189,1306,1306,1064,1371,5.336012465757899e-09,geometry_metrics_checked_parent_evidence_pending
Z-1204d2c0357e,split,stable_raw_parent_code_only,2807913190,2807913190|2807913217,1306,1306,3021,3687,3.105820273461517e-09,geometry_metrics_checked_parent_evidence_pending
2807913191,unchanged,stable_raw_parent_code_only,2807913191,2807913191,1306,1306,2059,2145,0.0,geometry_metrics_checked_parent_evidence_pending
2807913192,unchanged,stable_raw_parent_code_only,2807913192,2807913192,1306,1306,1354,1575,0.0,geometry_metrics_checked_parent_evidence_pending
2807913193,unchanged,stable_raw_parent_code_only,2807913193,2807913193,1306,1306,1311,1525,6.527721434963354e-09,geometry_metrics_checked_parent_evidence_pending
2807913194,unchanged,stable_raw_parent_code_only,2807913194,2807913194,1306,1306,1503,1855,0.0,geometry_metrics_checked_parent_evidence_pending
2807913195,unchanged,stable_raw_parent_code_only,2807913195,2807913195,1306,1306,1029,1215,0.0,geometry_metrics_checked_parent_evidence_pending
2807913196,unchanged,stable_raw_parent_code_only,2807913196,2807913196,1306,1306,1258,1470,0.0,geometry_metrics_checked_parent_evidence_pending
2807913197,unchanged,stable_raw_parent_code_only,2807913197,2807913197,1306,1306,1516,1903,0.0,geometry_metrics_checked_parent_evidence_pending
2807913198,unchanged,stable_raw_parent_code_only,2807913198,2807913198,1305,1305,1291,1332,0.0,geometry_metrics_checked_parent_evidence_pending
2807913199,unchanged,stable_raw_parent_code_only,2807913199,2807913199,1304,1304,1652,1526,0.0,geometry_metrics_checked_parent_evidence_pending
2807913200,unchanged,stable_raw_parent_code_only,2807913200,2807913200,1305,1305,1528,1511,0.0,geometry_metrics_checked_parent_evidence_pending
2807913201,unchanged,stable_raw_parent_code_only,2807913201,2807913201,1306,1306,1081,1092,0.0,geometry_metrics_checked_parent_evidence_pending
2807913202,unchanged,stable_raw_parent_code_only,2807913202,2807913202,1306,1306,1678,1517,0.0,geometry_metrics_checked_parent_evidence_pending
2807913203,unchanged,stable_raw_parent_code_only,2807913203,2807913203,1303,1303,1520,1402,0.0,geometry_metrics_checked_parent_evidence_pending
2807913204,unchanged,stable_raw_parent_code_only,2807913204,2807913204,1303,1303,1518,1396,0.0,geometry_metrics_checked_parent_evidence_pending
2807913205,unchanged,stable_raw_parent_code_only,2807913205,2807913205,1303,1303,1249,1217,0.0,geometry_metrics_checked_parent_evidence_pending
Z-712f3325ea5f,split,stable_raw_parent_code_only,2807913206,2807913206|2807913219,1303,1303,2327,3335,3.4823022991850713e-09,geometry_metrics_checked_parent_evidence_pending
2807913207,unchanged,stable_raw_parent_code_only,2807913207,2807913207,1303,1303,2225,2114,0.0,geometry_metrics_checked_parent_evidence_pending
2807913208,unchanged,stable_raw_parent_code_only,2807913208,2807913208,1303,1303,1796,1703,0.0,geometry_metrics_checked_parent_evidence_pending
2807913209,unchanged,stable_raw_parent_code_only,2807913209,2807913209,1303,1303,1568,1468,0.0,geometry_metrics_checked_parent_evidence_pending
2807913210,unchanged,stable_raw_parent_code_only,2807913210,2807913210,1303,1303,2524,2459,0.0,geometry_metrics_checked_parent_evidence_pending
2807913211,unchanged,stable_raw_parent_code_only,2807913211,2807913211,1304,1304,1111,1016,0.0,geometry_metrics_checked_parent_evidence_pending
2807913212,unchanged,stable_raw_parent_code_only,2807913212,2807913212,1306,1306,937,892,0.0,geometry_metrics_checked_parent_evidence_pending
2807913213,unchanged,stable_raw_parent_code_only,2807913213,2807913213,1303,1303,1274,1334,0.0,geometry_metrics_checked_parent_evidence_pending
2807913214,unchanged,stable_raw_parent_code_only,2807913214,2807913214,1305,1305,1304,1364,0.0,geometry_metrics_checked_parent_evidence_pending
2807913215,unchanged,stable_raw_parent_code_only,2807913215,2807913215,1304,1304,1072,1305,0.0,geometry_metrics_checked_parent_evidence_pending
2807913216,unchanged,stable_raw_parent_code_only,2807913216,2807913216,1304,1304,1532,2807,0.0,geometry_metrics_checked_parent_evidence_pending
2807914002,unchanged,stable_raw_parent_code_only,2807914002,2807914002,1401,1401,1332,1405,0.0,geometry_metrics_checked_parent_evidence_pending
Z-6f3547a9f40a,merged,stable_raw_parent_code_only,2807914001|2807914003,2807914003,1401,1401,1303,1386,0.0,geometry_metrics_checked_parent_evidence_pending
2807914004,unchanged,stable_raw_parent_code_only,2807914004,2807914004,1401,1401,1270,1225,0.0,geometry_metrics_checked_parent_evidence_pending
Z-d613ebb1117e,merged,stable_raw_parent_code_only,2807914005|2807914006,2807914005,1401,1401,1365,1339,0.0,geometry_metrics_checked_parent_evidence_pending
2807914010,unchanged,stable_raw_parent_code_only,2807914010,2807914010,1403,1403,1290,1194,0.0,geometry_metrics_checked_parent_evidence_pending
2807914012,unchanged,stable_raw_parent_code_only,2807914012,2807914012,1403,1403,1459,1476,0.0,geometry_metrics_checked_parent_evidence_pending
2807914013,unchanged,stable_raw_parent_code_only,2807914013,2807914013,1403,1403,1056,995,0.0,geometry_metrics_checked_parent_evidence_pending
2807914014,unchanged,stable_raw_parent_code_only,2807914014,2807914014,1403,1403,668,632,0.0,geometry_metrics_checked_parent_evidence_pending
2807914015,unchanged,stable_raw_parent_code_only,2807914015,2807914015,1403,1403,886,858,0.0,geometry_metrics_checked_parent_evidence_pending
2807914016,unchanged,stable_raw_parent_code_only,2807914016,2807914016,1403,1403,743,714,0.0,geometry_metrics_checked_parent_evidence_pending
2807914017,unchanged,stable_raw_parent_code_only,2807914017,2807914017,1403,1403,786,822,0.0,geometry_metrics_checked_parent_evidence_pending
2807914018,unchanged,stable_raw_parent_code_only,2807914018,2807914018,1403,1403,1133,1121,0.0,geometry_metrics_checked_parent_evidence_pending
Z-31ab8b69a58f,merged,stable_raw_parent_code_only,2807914019|2807914020,2807914020,1403,1403,1580,1434,0.0,geometry_metrics_checked_parent_evidence_pending
2807914021,unchanged,stable_raw_parent_code_only,2807914021,2807914021,1403,1403,948,919,0.0,geometry_metrics_checked_parent_evidence_pending
2807914022,unchanged,stable_raw_parent_code_only,2807914022,2807914022,1403,1403,861,849,0.0,geometry_metrics_checked_parent_evidence_pending
Z-e906ade78909,merged,stable_raw_parent_code_only,2807914023|2807914024,2807914024,1403,1403,1492,1422,0.0,geometry_metrics_checked_parent_evidence_pending
2807914025,unchanged,stable_raw_parent_code_only,2807914025,2807914025,1403,1403,1077,1195,0.0,geometry_metrics_checked_parent_evidence_pending
2807914026,unchanged,stable_raw_parent_code_only,2807914026,2807914026,1403,1403,887,932,0.0,geometry_metrics_checked_parent_evidence_pending
2807914027,unchanged,stable_raw_parent_code_only,2807914027,2807914027,1403,1403,1137,1131,0.0,geometry_metrics_checked_parent_evidence_pending
2807914028,unchanged,stable_raw_parent_code_only,2807914028,2807914028,1403,1403,977,1042,0.0,geometry_metrics_checked_parent_evidence_pending
2807914029,unchanged,stable_raw_parent_code_only,2807914029,2807914029,1403,1403,930,910,0.0,geometry_metrics_checked_parent_evidence_pending
2807914030,unchanged,stable_raw_parent_code_only,2807914030,2807914030,1404,1404,1790,1680,0.0,geometry_metrics_checked_parent_evidence_pending
2807914031,unchanged,stable_raw_parent_code_only,2807914031,2807914031,1404,1404,887,875,0.0,geometry_metrics_checked_parent_evidence_pending
2807914032,unchanged,stable_raw_parent_code_only,2807914032,2807914032,1404,1404,1015,943,0.0,geometry_metrics_checked_parent_evidence_pending
2807914033,unchanged,stable_raw_parent_code_only,2807914033,2807914033,1404,1404,755,755,0.0,geometry_metrics_checked_parent_evidence_pending
2807914034,unchanged,stable_raw_parent_code_only,2807914034,2807914034,1404,1404,901,893,0.0,geometry_metrics_checked_parent_evidence_pending
2807914035,unchanged,stable_raw_parent_code_only,2807914035,2807914035,1404,1404,728,758,0.0,geometry_metrics_checked_parent_evidence_pending
2807914036,unchanged,stable_raw_parent_code_only,2807914036,2807914036,1404,1404,1026,1225,0.0,geometry_metrics_checked_parent_evidence_pending
2807914037,unchanged,stable_raw_parent_code_only,2807914037,2807914037,1404,1404,952,1045,0.0,geometry_metrics_checked_parent_evidence_pending
2807914038,unchanged,stable_raw_parent_code_only,2807914038,2807914038,1404,1404,778,909,0.0,geometry_metrics_checked_parent_evidence_pending
2807914039,unchanged,stable_raw_parent_code_only,2807914039,2807914039,1404,1404,1107,1142,0.0,geometry_metrics_checked_parent_evidence_pending
2807914040,unchanged,stable_raw_parent_code_only,2807914040,2807914040,1404,1404,1901,1782,0.0,geometry_metrics_checked_parent_evidence_pending
2807914041,unchanged,stable_raw_parent_code_only,2807914041,2807914041,1404,1404,914,813,0.0,geometry_metrics_checked_parent_evidence_pending
2807914042,unchanged,stable_raw_parent_code_only,2807914042,2807914042,1404,1404,1148,1086,0.0,geometry_metrics_checked_parent_evidence_pending
2807914043,unchanged,stable_raw_parent_code_only,2807914043,2807914043,1405,1405,793,843,0.0,geometry_metrics_checked_parent_evidence_pending
2807914044,unchanged,stable_raw_parent_code_only,2807914044,2807914044,1405,1405,940,981,0.0,geometry_metrics_checked_parent_evidence_pending
2807914045,unchanged,stable_raw_parent_code_only,2807914045,2807914045,1405,1405,948,989,0.0,geometry_metrics_checked_parent_evidence_pending
2807914046,unchanged,stable_raw_parent_code_only,2807914046,2807914046,1405,1405,1068,1178,0.0,geometry_metrics_checked_parent_evidence_pending
2807914047,unchanged,stable_raw_parent_code_only,2807914047,2807914047,1405,1405,1112,1245,0.0,geometry_metrics_checked_parent_evidence_pending
2807914048,unchanged,stable_raw_parent_code_only,2807914048,2807914048,1405,1405,1090,1171,0.0,geometry_metrics_checked_parent_evidence_pending
2807914049,unchanged,stable_raw_parent_code_only,2807914049,2807914049,1405,1405,1138,1240,0.0,geometry_metrics_checked_parent_evidence_pending
2807914050,unchanged,stable_raw_parent_code_only,2807914050,2807914050,1405,1405,1046,1226,0.0,geometry_metrics_checked_parent_evidence_pending
2807914051,unchanged,stable_raw_parent_code_only,2807914051,2807914051,1405,1405,978,1036,0.0,geometry_metrics_checked_parent_evidence_pending
2807914052,unchanged,stable_raw_parent_code_only,2807914052,2807914052,1405,1405,947,1023,0.0,geometry_metrics_checked_parent_evidence_pending
2807914053,unchanged,stable_raw_parent_code_only,2807914053,2807914053,1405,1405,776,935,0.0,geometry_metrics_checked_parent_evidence_pending
2807914054,unchanged,stable_raw_parent_code_only,2807914054,2807914054,1405,1405,1075,1212,0.0,geometry_metrics_checked_parent_evidence_pending
2807914055,unchanged,stable_raw_parent_code_only,2807914055,2807914055,1405,1405,895,975,0.0,geometry_metrics_checked_parent_evidence_pending
2807914056,unchanged,stable_raw_parent_code_only,2807914056,2807914056,1405,1405,777,828,0.0,geometry_metrics_checked_parent_evidence_pending
2807914057,unchanged,stable_raw_parent_code_only,2807914057,2807914057,1405,1405,987,1102,0.0,geometry_metrics_checked_parent_evidence_pending
2807914058,unchanged,stable_raw_parent_code_only,2807914058,2807914058,1405,1405,855,962,0.0,geometry_metrics_checked_parent_evidence_pending
2807914059,unchanged,stable_raw_parent_code_only,2807914059,2807914059,1405,1405,1324,1482,0.0,geometry_metrics_checked_parent_evidence_pending
2807914060,unchanged,stable_raw_parent_code_only,2807914060,2807914060,1406,1406,747,724,0.0,geometry_metrics_checked_parent_evidence_pending
2807914061,unchanged,stable_raw_parent_code_only,2807914061,2807914061,1406,1406,1345,1254,0.0,geometry_metrics_checked_parent_evidence_pending
2807914062,unchanged,stable_raw_parent_code_only,2807914062,2807914062,1406,1406,1015,1029,0.0,geometry_metrics_checked_parent_evidence_pending
2807914063,unchanged,stable_raw_parent_code_only,2807914063,2807914063,1406,1406,895,930,0.0,geometry_metrics_checked_parent_evidence_pending
Z-3c1443e45b99,merged,stable_raw_parent_code_only,2807914064|2807914074,2807914064,1406,1406,1817,1912,0.0,geometry_metrics_checked_parent_evidence_pending
2807914065,unchanged,stable_raw_parent_code_only,2807914065,2807914065,1406,1406,947,944,0.0,geometry_metrics_checked_parent_evidence_pending
Z-66430e873d6f,merged,stable_raw_parent_code_only,2807914066|2807914067,2807914067,1406,1406,1734,1935,0.0,geometry_metrics_checked_parent_evidence_pending
Z-8fccac255f27,merged,stable_raw_parent_code_only,2807914068|2807914069,2807914069,1406,1406,1399,1484,0.0,geometry_metrics_checked_parent_evidence_pending
2807914070,unchanged,stable_raw_parent_code_only,2807914070,2807914070,1406,1406,907,931,0.0,geometry_metrics_checked_parent_evidence_pending
2807914071,unchanged,stable_raw_parent_code_only,2807914071,2807914071,1406,1406,972,1043,0.0,geometry_metrics_checked_parent_evidence_pending
2807914072,unchanged,stable_raw_parent_code_only,2807914072,2807914072,1406,1406,920,912,0.0,geometry_metrics_checked_parent_evidence_pending
2807914073,unchanged,stable_raw_parent_code_only,2807914073,2807914073,1406,1406,1067,1065,0.0,geometry_metrics_checked_parent_evidence_pending
2807914075,unchanged,stable_raw_parent_code_only,2807914075,2807914075,1406,1406,877,917,0.0,geometry_metrics_checked_parent_evidence_pending
2807914076,unchanged,stable_raw_parent_code_only,2807914076,2807914076,1406,1406,865,903,0.0,geometry_metrics_checked_parent_evidence_pending
Z-3b69411c0b9c,merged,stable_raw_parent_code_only,2807914077|2807914078,2807914077,1406,1406,1417,1544,0.0,geometry_metrics_checked_parent_evidence_pending
2807914079,unchanged,stable_raw_parent_code_only,2807914079,2807914079,1401,1401,1241,1699,0.0,geometry_metrics_checked_parent_evidence_pending
2807914080,unchanged,stable_raw_parent_code_only,2807914080,2807914080,1403,1403,1282,1138,0.0,geometry_metrics_checked_parent_evidence_pending
Z-1378523991ce,split,stable_raw_parent_code_only,2807914081,2807914081|2807914094,1403,1403,2573,2434,6.356290298058492e-10,geometry_metrics_checked_parent_evidence_pending
2807914082,unchanged,stable_raw_parent_code_only,2807914082,2807914082,1404,1404,1313,1319,0.0,geometry_metrics_checked_parent_evidence_pending
2807914083,unchanged,stable_raw_parent_code_only,2807914083,2807914083,1404,1404,1721,1610,0.0,geometry_metrics_checked_parent_evidence_pending
2807914084,unchanged,stable_raw_parent_code_only,2807914084,2807914084,1404,1404,1138,1059,0.0,geometry_metrics_checked_parent_evidence_pending
Z-f90682e0eb72,split,stable_raw_parent_code_only,2807914085,2807914085|2807914095,1403,1403,2373,2104,1.1630829141644339e-08,geometry_metrics_checked_parent_evidence_pending
2807914086,unchanged,stable_raw_parent_code_only,2807914086,2807914086,1403,1403,2232,2051,0.0,geometry_metrics_checked_parent_evidence_pending
2807914087,unchanged,stable_raw_parent_code_only,2807914087,2807914087,1403,1403,1415,1284,2.4197942293908416e-08,geometry_metrics_checked_parent_evidence_pending
2807914088,unchanged,stable_raw_parent_code_only,2807914088,2807914088,1401,1401,1151,980,0.0,geometry_metrics_checked_parent_evidence_pending
2807914089,unchanged,stable_raw_parent_code_only,2807914089,2807914089,1402,1402,1524,1620,0.0,geometry_metrics_checked_parent_evidence_pending
2807914090,unchanged,stable_raw_parent_code_only,2807914090,2807914090,1402,1402,1491,1606,1.2924210461476624e-09,geometry_metrics_checked_parent_evidence_pending
2807914091,unchanged,stable_raw_parent_code_only,2807914091,2807914091,1402,1402,1953,1836,0.0,geometry_metrics_checked_parent_evidence_pending
2807914092,unchanged,stable_raw_parent_code_only,2807914092,2807914092,1401,1401,1399,1331,0.0,geometry_metrics_checked_parent_evidence_pending
2807914093,unchanged,stable_raw_parent_code_only,2807914093,2807914093,1402,1402,1470,1423,0.0,geometry_metrics_checked_parent_evidence_pending
2807915001,unchanged,stable_raw_parent_code_only,2807915001,2807915001,1501,1501,978,1135,0.0,geometry_metrics_checked_parent_evidence_pending
2807915002,unchanged,stable_raw_parent_code_only,2807915002,2807915002,1501,1501,938,999,0.0,geometry_metrics_checked_parent_evidence_pending
2807915003,unchanged,stable_raw_parent_code_only,2807915003,2807915003,1501,1501,1000,1083,0.0,geometry_metrics_checked_parent_evidence_pending
2807915005,unchanged,stable_raw_parent_code_only,2807915005,2807915005,1501,1501,849,853,0.0,geometry_metrics_checked_parent_evidence_pending
2807915006,unchanged,stable_raw_parent_code_only,2807915006,2807915006,1501,1501,1263,1454,0.0,geometry_metrics_checked_parent_evidence_pending
2807915008,unchanged,stable_raw_parent_code_only,2807915008,2807915008,1501,1501,1927,2062,0.0,geometry_metrics_checked_parent_evidence_pending
2807915009,unchanged,stable_raw_parent_code_only,2807915009,2807915009,1501,1501,1326,1473,0.0,geometry_metrics_checked_parent_evidence_pending
2807915010,unchanged,stable_raw_parent_code_only,2807915010,2807915010,1501,1501,887,1050,0.0,geometry_metrics_checked_parent_evidence_pending
2807915011,unchanged,stable_raw_parent_code_only,2807915011,2807915011,1501,1501,1305,1586,0.0,geometry_metrics_checked_parent_evidence_pending
2807915012,unchanged,stable_raw_parent_code_only,2807915012,2807915012,1501,1501,903,925,0.0,geometry_metrics_checked_parent_evidence_pending
2807915013,unchanged,stable_raw_parent_code_only,2807915013,2807915013,1501,1501,1008,1065,0.0,geometry_metrics_checked_parent_evidence_pending
2807915014,unchanged,stable_raw_parent_code_only,2807915014,2807915014,1501,1501,1289,1384,0.0,geometry_metrics_checked_parent_evidence_pending
2807915015,unchanged,stable_raw_parent_code_only,2807915015,2807915015,1501,1501,779,836,0.0,geometry_metrics_checked_parent_evidence_pending
2807915016,unchanged,stable_raw_parent_code_only,2807915016,2807915016,1501,1501,1210,1416,0.0,geometry_metrics_checked_parent_evidence_pending
2807915017,unchanged,stable_raw_parent_code_only,2807915017,2807915017,1501,1501,865,858,0.0,geometry_metrics_checked_parent_evidence_pending
2807915018,unchanged,stable_raw_parent_code_only,2807915018,2807915018,1501,1501,854,887,0.0,geometry_metrics_checked_parent_evidence_pending
2807915019,unchanged,stable_raw_parent_code_only,2807915019,2807915019,1501,1501,841,961,0.0,geometry_metrics_checked_parent_evidence_pending
2807915020,unchanged,stable_raw_parent_code_only,2807915020,2807915020,1501,1501,1027,1208,0.0,geometry_metrics_checked_parent_evidence_pending
2807915021,unchanged,stable_raw_parent_code_only,2807915021,2807915021,1501,1501,788,830,0.0,geometry_metrics_checked_parent_evidence_pending
2807915022,unchanged,stable_raw_parent_code_only,2807915022,2807915022,1501,1501,1189,1306,0.0,geometry_metrics_checked_parent_evidence_pending
2807915023,unchanged,stable_raw_parent_code_only,2807915023,2807915023,1501,1501,1536,1687,0.0,geometry_metrics_checked_parent_evidence_pending
2807915024,unchanged,stable_raw_parent_code_only,2807915024,2807915024,1501,1501,1057,1209,0.0,geometry_metrics_checked_parent_evidence_pending
2807915025,unchanged,stable_raw_parent_code_only,2807915025,2807915025,1501,1501,1289,1413,0.0,geometry_metrics_checked_parent_evidence_pending
2807915026,unchanged,stable_raw_parent_code_only,2807915026,2807915026,1501,1501,879,1041,0.0,geometry_metrics_checked_parent_evidence_pending
2807915027,unchanged,stable_raw_parent_code_only,2807915027,2807915027,1501,1501,899,991,0.0,geometry_metrics_checked_parent_evidence_pending
2807915028,unchanged,stable_raw_parent_code_only,2807915028,2807915028,1501,1501,867,1004,0.0,geometry_metrics_checked_parent_evidence_pending
2807915029,unchanged,stable_raw_parent_code_only,2807915029,2807915029,1501,1501,1124,1227,0.0,geometry_metrics_checked_parent_evidence_pending
2807915030,unchanged,stable_raw_parent_code_only,2807915030,2807915030,1501,1501,1198,1302,0.0,geometry_metrics_checked_parent_evidence_pending
2807915031,unchanged,stable_raw_parent_code_only,2807915031,2807915031,1501,1501,1086,1147,0.0,geometry_metrics_checked_parent_evidence_pending
2807915032,unchanged,stable_raw_parent_code_only,2807915032,2807915032,1501,1501,1206,1354,0.0,geometry_metrics_checked_parent_evidence_pending
2807915033,unchanged,stable_raw_parent_code_only,2807915033,2807915033,1501,1501,1396,1659,0.0,geometry_metrics_checked_parent_evidence_pending
2807915034,unchanged,stable_raw_parent_code_only,2807915034,2807915034,1501,1501,889,1024,0.0,geometry_metrics_checked_parent_evidence_pending
2807915035,unchanged,stable_raw_parent_code_only,2807915035,2807915035,1501,1501,1150,1313,0.0,geometry_metrics_checked_parent_evidence_pending
2807915036,unchanged,stable_raw_parent_code_only,2807915036,2807915036,1501,1501,892,1024,0.0,geometry_metrics_checked_parent_evidence_pending
2807915037,unchanged,stable_raw_parent_code_only,2807915037,2807915037,1501,1501,1266,1391,0.0,geometry_metrics_checked_parent_evidence_pending
2807915038,unchanged,stable_raw_parent_code_only,2807915038,2807915038,1501,1501,1704,1961,0.0,geometry_metrics_checked_parent_evidence_pending
2807915039,unchanged,stable_raw_parent_code_only,2807915039,2807915039,1501,1501,1565,1909,0.0,geometry_metrics_checked_parent_evidence_pending
2807915040,unchanged,stable_raw_parent_code_only,2807915040,2807915040,1501,1501,1538,1925,0.0,geometry_metrics_checked_parent_evidence_pending
2807915041,unchanged,stable_raw_parent_code_only,2807915041,2807915041,1501,1501,1647,1976,0.0,geometry_metrics_checked_parent_evidence_pending
2807915042,unchanged,stable_raw_parent_code_only,2807915042,2807915042,1501,1501,1729,1896,0.0,geometry_metrics_checked_parent_evidence_pending
2807915043,unchanged,stable_raw_parent_code_only,2807915043,2807915043,1501,1501,1289,1547,0.0,geometry_metrics_checked_parent_evidence_pending
2807915044,unchanged,stable_raw_parent_code_only,2807915044,2807915044,1502,1502,1363,1532,0.0,geometry_metrics_checked_parent_evidence_pending
2807915045,unchanged,stable_raw_parent_code_only,2807915045,2807915045,1502,1502,1225,1296,0.0,geometry_metrics_checked_parent_evidence_pending
2807915046,unchanged,stable_raw_parent_code_only,2807915046,2807915046,1502,1502,1495,1629,0.0,geometry_metrics_checked_parent_evidence_pending
2807915047,unchanged,stable_raw_parent_code_only,2807915047,2807915047,1502,1502,997,1085,0.0,geometry_metrics_checked_parent_evidence_pending
2807915048,unchanged,stable_raw_parent_code_only,2807915048,2807915048,1502,1502,1294,1525,0.0,geometry_metrics_checked_parent_evidence_pending
2807915049,unchanged,stable_raw_parent_code_only,2807915049,2807915049,1502,1502,1377,1617,0.0,geometry_metrics_checked_parent_evidence_pending
2807915050,unchanged,stable_raw_parent_code_only,2807915050,2807915050,1502,1502,1340,1528,0.0,geometry_metrics_checked_parent_evidence_pending
2807915051,unchanged,stable_raw_parent_code_only,2807915051,2807915051,1502,1502,1717,1917,0.0,geometry_metrics_checked_parent_evidence_pending
2807915052,unchanged,stable_raw_parent_code_only,2807915052,2807915052,1502,1502,748,864,0.0,geometry_metrics_checked_parent_evidence_pending
2807915053,unchanged,stable_raw_parent_code_only,2807915053,2807915053,1502,1502,1521,1724,0.0,geometry_metrics_checked_parent_evidence_pending
2807915054,unchanged,stable_raw_parent_code_only,2807915054,2807915054,1502,1502,1578,1881,0.0,geometry_metrics_checked_parent_evidence_pending
2807915056,unchanged,stable_raw_parent_code_only,2807915056,2807915056,1502,1502,1535,1738,0.0,geometry_metrics_checked_parent_evidence_pending
2807915057,unchanged,stable_raw_parent_code_only,2807915057,2807915057,1502,1502,1372,1568,0.0,geometry_metrics_checked_parent_evidence_pending
2807915058,unchanged,stable_raw_parent_code_only,2807915058,2807915058,1502,1502,1217,1399,0.0,geometry_metrics_checked_parent_evidence_pending
2807915059,unchanged,stable_raw_parent_code_only,2807915059,2807915059,1502,1502,945,1042,0.0,geometry_metrics_checked_parent_evidence_pending
2807915060,unchanged,stable_raw_parent_code_only,2807915060,2807915060,1502,1502,1219,1272,0.0,geometry_metrics_checked_parent_evidence_pending
2807915061,unchanged,stable_raw_parent_code_only,2807915061,2807915061,1502,1502,1444,1526,0.0,geometry_metrics_checked_parent_evidence_pending
2807915062,unchanged,stable_raw_parent_code_only,2807915062,2807915062,1502,1502,2310,2582,0.0,geometry_metrics_checked_parent_evidence_pending
2807915065,unchanged,stable_raw_parent_code_only,2807915065,2807915065,1502,1502,1448,1469,0.0,geometry_metrics_checked_parent_evidence_pending
2807915066,unchanged,stable_raw_parent_code_only,2807915066,2807915066,1502,1502,688,738,0.0,geometry_metrics_checked_parent_evidence_pending
2807915067,unchanged,stable_raw_parent_code_only,2807915067,2807915067,1502,1502,971,1144,0.0,geometry_metrics_checked_parent_evidence_pending
2807915068,unchanged,stable_raw_parent_code_only,2807915068,2807915068,1502,1502,1250,1176,0.0,geometry_metrics_checked_parent_evidence_pending
2807915069,unchanged,stable_raw_parent_code_only,2807915069,2807915069,1502,1502,1924,1941,0.0,geometry_metrics_checked_parent_evidence_pending
2807915070,unchanged,stable_raw_parent_code_only,2807915070,2807915070,1502,1502,2113,2502,0.0,geometry_metrics_checked_parent_evidence_pending
2807915071,unchanged,stable_raw_parent_code_only,2807915071,2807915071,1502,1502,1297,1538,0.0,geometry_metrics_checked_parent_evidence_pending
2807915073,unchanged,stable_raw_parent_code_only,2807915073,2807915073,1502,1502,1143,1371,0.0,geometry_metrics_checked_parent_evidence_pending
2807915074,unchanged,stable_raw_parent_code_only,2807915074,2807915074,1502,1502,1772,2129,0.0,geometry_metrics_checked_parent_evidence_pending
2807915075,unchanged,stable_raw_parent_code_only,2807915075,2807915075,1502,1502,1473,1588,0.0,geometry_metrics_checked_parent_evidence_pending
2807915076,unchanged,stable_raw_parent_code_only,2807915076,2807915076,1502,1502,936,976,0.0,geometry_metrics_checked_parent_evidence_pending
2807915077,unchanged,stable_raw_parent_code_only,2807915077,2807915077,1502,1502,1065,1143,0.0,geometry_metrics_checked_parent_evidence_pending
2807915078,unchanged,stable_raw_parent_code_only,2807915078,2807915078,1502,1502,839,1017,0.0,geometry_metrics_checked_parent_evidence_pending
2807915079,unchanged,stable_raw_parent_code_only,2807915079,2807915079,1502,1502,735,862,0.0,geometry_metrics_checked_parent_evidence_pending
2807915080,unchanged,stable_raw_parent_code_only,2807915080,2807915080,1502,1502,836,966,0.0,geometry_metrics_checked_parent_evidence_pending
2807915081,unchanged,stable_raw_parent_code_only,2807915081,2807915081,1502,1502,1628,2014,0.0,geometry_metrics_checked_parent_evidence_pending
2807915082,unchanged,stable_raw_parent_code_only,2807915082,2807915082,1502,1502,1217,1335,0.0,geometry_metrics_checked_parent_evidence_pending
2807915083,unchanged,stable_raw_parent_code_only,2807915083,2807915083,1502,1502,1395,1689,0.0,geometry_metrics_checked_parent_evidence_pending
2807915084,unchanged,stable_raw_parent_code_only,2807915084,2807915084,1502,1502,1016,1260,0.0,geometry_metrics_checked_parent_evidence_pending
2807915085,unchanged,stable_raw_parent_code_only,2807915085,2807915085,1502,1502,1491,1604,0.0,geometry_metrics_checked_parent_evidence_pending
2807915086,unchanged,stable_raw_parent_code_only,2807915086,2807915086,1502,1502,1040,1185,0.0,geometry_metrics_checked_parent_evidence_pending
2807915087,unchanged,stable_raw_parent_code_only,2807915087,2807915087,1502,1502,1201,1519,0.0,geometry_metrics_checked_parent_evidence_pending
2807915088,unchanged,stable_raw_parent_code_only,2807915088,2807915088,1502,1502,1153,1372,0.0,geometry_metrics_checked_parent_evidence_pending
2807915089,unchanged,stable_raw_parent_code_only,2807915089,2807915089,1502,1502,1177,1379,0.0,geometry_metrics_checked_parent_evidence_pending
2807915090,unchanged,stable_raw_parent_code_only,2807915090,2807915090,1502,1502,1877,1883,0.0,geometry_metrics_checked_parent_evidence_pending
2807915092,unchanged,stable_raw_parent_code_only,2807915092,2807915092,1503,1503,1583,1715,0.0,geometry_metrics_checked_parent_evidence_pending
2807915093,unchanged,stable_raw_parent_code_only,2807915093,2807915093,1503,1503,1307,1420,0.0,geometry_metrics_checked_parent_evidence_pending
2807915094,unchanged,stable_raw_parent_code_only,2807915094,2807915094,1503,1503,1359,1507,0.0,geometry_metrics_checked_parent_evidence_pending
2807915095,unchanged,stable_raw_parent_code_only,2807915095,2807915095,1503,1503,840,971,0.0,geometry_metrics_checked_parent_evidence_pending
2807915096,unchanged,stable_raw_parent_code_only,2807915096,2807915096,1503,1503,1312,1453,0.0,geometry_metrics_checked_parent_evidence_pending
2807915097,unchanged,stable_raw_parent_code_only,2807915097,2807915097,1503,1503,932,1000,0.0,geometry_metrics_checked_parent_evidence_pending
2807915098,unchanged,stable_raw_parent_code_only,2807915098,2807915098,1503,1503,1034,1280,0.0,geometry_metrics_checked_parent_evidence_pending
2807915099,unchanged,stable_raw_parent_code_only,2807915099,2807915099,1503,1503,1510,1715,0.0,geometry_metrics_checked_parent_evidence_pending
2807915100,unchanged,stable_raw_parent_code_only,2807915100,2807915100,1503,1503,808,927,0.0,geometry_metrics_checked_parent_evidence_pending
2807915101,unchanged,stable_raw_parent_code_only,2807915101,2807915101,1503,1503,1017,1255,0.0,geometry_metrics_checked_parent_evidence_pending
2807915102,unchanged,stable_raw_parent_code_only,2807915102,2807915102,1503,1503,1010,1151,0.0,geometry_metrics_checked_parent_evidence_pending
2807915103,unchanged,stable_raw_parent_code_only,2807915103,2807915103,1503,1503,1230,1427,0.0,geometry_metrics_checked_parent_evidence_pending
2807915105,unchanged,stable_raw_parent_code_only,2807915105,2807915105,1503,1503,1384,1552,0.0,geometry_metrics_checked_parent_evidence_pending
2807915106,unchanged,stable_raw_parent_code_only,2807915106,2807915106,1503,1503,1271,1561,0.0,geometry_metrics_checked_parent_evidence_pending
2807915108,unchanged,stable_raw_parent_code_only,2807915108,2807915108,1503,1503,902,1034,0.0,geometry_metrics_checked_parent_evidence_pending
2807915109,unchanged,stable_raw_parent_code_only,2807915109,2807915109,1503,1503,1377,1547,0.0,geometry_metrics_checked_parent_evidence_pending
Z-85f27622e7fa,merged,stable_raw_parent_code_only,2807915104|2807915110,2807915110,1503,1503,1623,1820,0.0,geometry_metrics_checked_parent_evidence_pending
2807915111,unchanged,stable_raw_parent_code_only,2807915111,2807915111,1503,1503,820,958,0.0,geometry_metrics_checked_parent_evidence_pending
2807915112,unchanged,stable_raw_parent_code_only,2807915112,2807915112,1503,1503,1357,1580,0.0,geometry_metrics_checked_parent_evidence_pending
2807915113,unchanged,stable_raw_parent_code_only,2807915113,2807915113,1503,1503,1348,1567,0.0,geometry_metrics_checked_parent_evidence_pending
2807915114,unchanged,stable_raw_parent_code_only,2807915114,2807915114,1504,1504,829,953,0.0,geometry_metrics_checked_parent_evidence_pending
2807915115,unchanged,stable_raw_parent_code_only,2807915115,2807915115,1504,1504,1815,1990,0.0,geometry_metrics_checked_parent_evidence_pending
2807915116,unchanged,stable_raw_parent_code_only,2807915116,2807915116,1504,1504,1136,1208,0.0,geometry_metrics_checked_parent_evidence_pending
2807915117,unchanged,stable_raw_parent_code_only,2807915117,2807915117,1504,1504,1359,1517,0.0,geometry_metrics_checked_parent_evidence_pending
2807915118,unchanged,stable_raw_parent_code_only,2807915118,2807915118,1504,1504,901,1085,0.0,geometry_metrics_checked_parent_evidence_pending
2807915119,unchanged,stable_raw_parent_code_only,2807915119,2807915119,1504,1504,1088,1234,0.0,geometry_metrics_checked_parent_evidence_pending
2807915120,unchanged,stable_raw_parent_code_only,2807915120,2807915120,1504,1504,883,1001,0.0,geometry_metrics_checked_parent_evidence_pending
2807915121,unchanged,stable_raw_parent_code_only,2807915121,2807915121,1504,1504,705,776,0.0,geometry_metrics_checked_parent_evidence_pending
2807915122,unchanged,stable_raw_parent_code_only,2807915122,2807915122,1504,1504,1092,1227,0.0,geometry_metrics_checked_parent_evidence_pending
2807915123,unchanged,stable_raw_parent_code_only,2807915123,2807915123,1504,1504,1115,1268,0.0,geometry_metrics_checked_parent_evidence_pending
2807915124,unchanged,stable_raw_parent_code_only,2807915124,2807915124,1504,1504,937,1123,0.0,geometry_metrics_checked_parent_evidence_pending
2807915125,unchanged,stable_raw_parent_code_only,2807915125,2807915125,1504,1504,862,907,0.0,geometry_metrics_checked_parent_evidence_pending
2807915126,unchanged,stable_raw_parent_code_only,2807915126,2807915126,1504,1504,1173,1328,0.0,geometry_metrics_checked_parent_evidence_pending
2807915127,unchanged,stable_raw_parent_code_only,2807915127,2807915127,1504,1504,1609,1625,0.0,geometry_metrics_checked_parent_evidence_pending
2807915128,unchanged,stable_raw_parent_code_only,2807915128,2807915128,1504,1504,2144,2142,0.0,geometry_metrics_checked_parent_evidence_pending
2807915129,unchanged,stable_raw_parent_code_only,2807915129,2807915129,1504,1504,875,1155,0.0,geometry_metrics_checked_parent_evidence_pending
2807915130,unchanged,stable_raw_parent_code_only,2807915130,2807915130,1504,1504,942,1096,0.0,geometry_metrics_checked_parent_evidence_pending
2807915131,unchanged,stable_raw_parent_code_only,2807915131,2807915131,1504,1504,912,1146,0.0,geometry_metrics_checked_parent_evidence_pending
2807915132,unchanged,stable_raw_parent_code_only,2807915132,2807915132,1505,1505,1304,1292,0.0,geometry_metrics_checked_parent_evidence_pending
2807915133,unchanged,stable_raw_parent_code_only,2807915133,2807915133,1505,1505,1585,1676,0.0,geometry_metrics_checked_parent_evidence_pending
2807915134,unchanged,stable_raw_parent_code_only,2807915134,2807915134,1505,1505,1082,1160,0.0,geometry_metrics_checked_parent_evidence_pending
2807915135,unchanged,stable_raw_parent_code_only,2807915135,2807915135,1505,1505,2221,2239,0.0,geometry_metrics_checked_parent_evidence_pending
2807915136,unchanged,stable_raw_parent_code_only,2807915136,2807915136,1505,1505,982,1116,0.0,geometry_metrics_checked_parent_evidence_pending
2807915138,unchanged,stable_raw_parent_code_only,2807915138,2807915138,1505,1505,1185,1380,0.0,geometry_metrics_checked_parent_evidence_pending
Z-3ae8813ad3c3,merged,stable_raw_parent_code_only,2807915139|2807915140,2807915140,1505,1505,1382,1586,0.0,geometry_metrics_checked_parent_evidence_pending
2807915141,unchanged,stable_raw_parent_code_only,2807915141,2807915141,1505,1505,1108,1232,0.0,geometry_metrics_checked_parent_evidence_pending
2807915142,unchanged,stable_raw_parent_code_only,2807915142,2807915142,1505,1505,1167,1171,0.0,geometry_metrics_checked_parent_evidence_pending
2807915143,unchanged,stable_raw_parent_code_only,2807915143,2807915143,1505,1505,1884,2135,0.0,geometry_metrics_checked_parent_evidence_pending
2807915144,unchanged,stable_raw_parent_code_only,2807915144,2807915144,1505,1505,1763,1859,0.0,geometry_metrics_checked_parent_evidence_pending
2807915146,unchanged,stable_raw_parent_code_only,2807915146,2807915146,1505,1505,1013,1120,0.0,geometry_metrics_checked_parent_evidence_pending
Z-d1afc80a4982,merged,stable_raw_parent_code_only,2807915145|2807915147,2807915147,1505,1505,1439,1433,0.0,geometry_metrics_checked_parent_evidence_pending
2807915148,unchanged,stable_raw_parent_code_only,2807915148,2807915148,1506,1506,982,1047,0.0,geometry_metrics_checked_parent_evidence_pending
2807915149,unchanged,stable_raw_parent_code_only,2807915149,2807915149,1506,1506,1455,1505,0.0,geometry_metrics_checked_parent_evidence_pending
2807915150,unchanged,stable_raw_parent_code_only,2807915150,2807915150,1506,1506,1704,1974,0.0,geometry_metrics_checked_parent_evidence_pending
2807915151,unchanged,stable_raw_parent_code_only,2807915151,2807915151,1506,1506,1547,1813,0.0,geometry_metrics_checked_parent_evidence_pending
2807915153,unchanged,stable_raw_parent_code_only,2807915153,2807915153,1506,1506,728,722,0.0,geometry_metrics_checked_parent_evidence_pending
2807915154,unchanged,stable_raw_parent_code_only,2807915154,2807915154,1507,1507,1060,1203,0.0,geometry_metrics_checked_parent_evidence_pending
2807915155,unchanged,stable_raw_parent_code_only,2807915155,2807915155,1507,1507,1439,1648,0.0,geometry_metrics_checked_parent_evidence_pending
2807915156,unchanged,stable_raw_parent_code_only,2807915156,2807915156,1507,1507,1265,1504,0.0,geometry_metrics_checked_parent_evidence_pending
2807915157,unchanged,stable_raw_parent_code_only,2807915157,2807915157,1507,1507,986,1122,0.0,geometry_metrics_checked_parent_evidence_pending
2807915158,unchanged,stable_raw_parent_code_only,2807915158,2807915158,1507,1507,1253,1494,0.0,geometry_metrics_checked_parent_evidence_pending
2807915159,unchanged,stable_raw_parent_code_only,2807915159,2807915159,1508,1508,1599,1700,0.0,geometry_metrics_checked_parent_evidence_pending
2807915160,unchanged,stable_raw_parent_code_only,2807915160,2807915160,1509,1509,1910,2156,0.0,geometry_metrics_checked_parent_evidence_pending
2807915161,unchanged,stable_raw_parent_code_only,2807915161,2807915161,1509,1509,2238,2380,1.98632254996097e-11,geometry_metrics_checked_parent_evidence_pending
2807915162,unchanged,stable_raw_parent_code_only,2807915162,2807915162,1509,1509,1912,1901,0.0,geometry_metrics_checked_parent_evidence_pending
2807915163,unchanged,stable_raw_parent_code_only,2807915163,2807915163,1509,1509,1225,1246,0.0,geometry_metrics_checked_parent_evidence_pending
2807915164,unchanged,stable_raw_parent_code_only,2807915164,2807915164,1509,1509,1118,1089,0.0,geometry_metrics_checked_parent_evidence_pending
2807915165,unchanged,stable_raw_parent_code_only,2807915165,2807915165,1509,1509,1029,1019,0.0,geometry_metrics_checked_parent_evidence_pending
2807915166,unchanged,stable_raw_parent_code_only,2807915166,2807915166,1509,1509,879,858,0.0,geometry_metrics_checked_parent_evidence_pending
2807915167,unchanged,stable_raw_parent_code_only,2807915167,2807915167,1509,1509,1054,1046,4.910281990802267e-09,geometry_metrics_checked_parent_evidence_pending
2807915168,unchanged,stable_raw_parent_code_only,2807915168,2807915168,1509,1509,1620,1681,0.0,geometry_metrics_checked_parent_evidence_pending
2807915170,unchanged,stable_raw_parent_code_only,2807915170,2807915170,1509,1509,2233,2131,0.0,geometry_metrics_checked_parent_evidence_pending
2807915171,unchanged,stable_raw_parent_code_only,2807915171,2807915171,1509,1509,1310,1386,0.0,geometry_metrics_checked_parent_evidence_pending
2807915172,unchanged,stable_raw_parent_code_only,2807915172,2807915172,1509,1509,1111,1057,0.0,geometry_metrics_checked_parent_evidence_pending
2807915173,unchanged,stable_raw_parent_code_only,2807915173,2807915173,1509,1509,1887,1980,7.865474485548053e-09,geometry_metrics_checked_parent_evidence_pending
2807915174,unchanged,stable_raw_parent_code_only,2807915174,2807915174,1506,1506,1393,1514,0.0,geometry_metrics_checked_parent_evidence_pending
2807915175,unchanged,stable_raw_parent_code_only,2807915175,2807915175,1506,1506,1114,1172,0.0,geometry_metrics_checked_parent_evidence_pending
2807915176,unchanged,stable_raw_parent_code_only,2807915176,2807915176,1509,1509,1834,1951,0.0,geometry_metrics_checked_parent_evidence_pending
2807915177,unchanged,stable_raw_parent_code_only,2807915177,2807915177,1502,1502,1254,1307,0.0,geometry_metrics_checked_parent_evidence_pending
2807915178,unchanged,stable_raw_parent_code_only,2807915178,2807915178,1506,1506,1325,1401,0.0,geometry_metrics_checked_parent_evidence_pending
2807915179,unchanged,stable_raw_parent_code_only,2807915179,2807915179,1502,1502,1440,1405,0.0,geometry_metrics_checked_parent_evidence_pending
2807915180,unchanged,stable_raw_parent_code_only,2807915180,2807915180,1506,1506,2034,2254,0.0,geometry_metrics_checked_parent_evidence_pending
2807915181,unchanged,stable_raw_parent_code_only,2807915181,2807915181,1502,1502,1218,1149,0.0,geometry_metrics_checked_parent_evidence_pending
2807915182,unchanged,stable_raw_parent_code_only,2807915182,2807915182,1509,1509,775,677,0.0,geometry_metrics_checked_parent_evidence_pending
2807916001,unchanged,stable_raw_parent_code_only,2807916001,2807916001,1601,1601,1856,2176,0.0,geometry_metrics_checked_parent_evidence_pending
2807916002,unchanged,stable_raw_parent_code_only,2807916002,2807916002,1601,1601,1734,1901,0.0,geometry_metrics_checked_parent_evidence_pending
2807916003,unchanged,stable_raw_parent_code_only,2807916003,2807916003,1602,1602,2044,2100,0.0,geometry_metrics_checked_parent_evidence_pending
2807916004,unchanged,stable_raw_parent_code_only,2807916004,2807916004,1602,1602,2263,2660,0.0,geometry_metrics_checked_parent_evidence_pending
2807916005,unchanged,stable_raw_parent_code_only,2807916005,2807916005,1602,1602,1895,2149,0.0,geometry_metrics_checked_parent_evidence_pending
2807916006,unchanged,stable_raw_parent_code_only,2807916006,2807916006,1603,1603,1874,2064,0.0,geometry_metrics_checked_parent_evidence_pending
2807916007,unchanged,stable_raw_parent_code_only,2807916007,2807916007,1603,1603,2080,2277,0.0,geometry_metrics_checked_parent_evidence_pending
2807916008,unchanged,stable_raw_parent_code_only,2807916008,2807916008,1603,1603,994,1139,0.0,geometry_metrics_checked_parent_evidence_pending
2807916009,unchanged,stable_raw_parent_code_only,2807916009,2807916009,1603,1603,1019,1137,0.0,geometry_metrics_checked_parent_evidence_pending
2807916011,unchanged,stable_raw_parent_code_only,2807916011,2807916011,1603,1603,1256,1418,0.0,geometry_metrics_checked_parent_evidence_pending
2807916012,unchanged,stable_raw_parent_code_only,2807916012,2807916012,1603,1603,727,747,0.0,geometry_metrics_checked_parent_evidence_pending
2807916013,unchanged,stable_raw_parent_code_only,2807916013,2807916013,1603,1603,1080,1009,0.0,geometry_metrics_checked_parent_evidence_pending
2807916014,unchanged,stable_raw_parent_code_only,2807916014,2807916014,1603,1603,867,813,0.0,geometry_metrics_checked_parent_evidence_pending
2807916015,unchanged,stable_raw_parent_code_only,2807916015,2807916015,1603,1603,1260,1271,0.0,geometry_metrics_checked_parent_evidence_pending
2807916016,unchanged,stable_raw_parent_code_only,2807916016,2807916016,1603,1603,1041,1039,0.0,geometry_metrics_checked_parent_evidence_pending
2807916017,unchanged,stable_raw_parent_code_only,2807916017,2807916017,1603,1603,1039,995,0.0,geometry_metrics_checked_parent_evidence_pending
2807916018,unchanged,stable_raw_parent_code_only,2807916018,2807916018,1603,1603,829,821,0.0,geometry_metrics_checked_parent_evidence_pending
2807916019,unchanged,stable_raw_parent_code_only,2807916019,2807916019,1603,1603,941,948,0.0,geometry_metrics_checked_parent_evidence_pending
2807916020,unchanged,stable_raw_parent_code_only,2807916020,2807916020,1603,1603,1262,1158,0.0,geometry_metrics_checked_parent_evidence_pending
2807916021,unchanged,stable_raw_parent_code_only,2807916021,2807916021,1603,1603,1167,1095,0.0,geometry_metrics_checked_parent_evidence_pending
2807916022,unchanged,stable_raw_parent_code_only,2807916022,2807916022,1603,1603,1414,1299,0.0,geometry_metrics_checked_parent_evidence_pending
2807916024,unchanged,stable_raw_parent_code_only,2807916024,2807916024,1603,1603,2060,2220,0.0,geometry_metrics_checked_parent_evidence_pending
2807916025,unchanged,stable_raw_parent_code_only,2807916025,2807916025,1603,1603,2235,2157,0.0,geometry_metrics_checked_parent_evidence_pending
2807916026,unchanged,stable_raw_parent_code_only,2807916026,2807916026,1603,1603,788,806,0.0,geometry_metrics_checked_parent_evidence_pending
2807916027,unchanged,stable_raw_parent_code_only,2807916027,2807916027,1603,1603,759,761,0.0,geometry_metrics_checked_parent_evidence_pending
2807916028,unchanged,stable_raw_parent_code_only,2807916028,2807916028,1603,1603,970,954,0.0,geometry_metrics_checked_parent_evidence_pending
2807916029,unchanged,stable_raw_parent_code_only,2807916029,2807916029,1603,1603,1243,1175,0.0,geometry_metrics_checked_parent_evidence_pending
2807916030,unchanged,stable_raw_parent_code_only,2807916030,2807916030,1603,1603,1832,1843,0.0,geometry_metrics_checked_parent_evidence_pending
2807916031,unchanged,stable_raw_parent_code_only,2807916031,2807916031,1603,1603,1364,1224,0.0,geometry_metrics_checked_parent_evidence_pending
2807916032,unchanged,stable_raw_parent_code_only,2807916032,2807916032,1603,1603,1673,1496,0.0,geometry_metrics_checked_parent_evidence_pending
2807916033,unchanged,stable_raw_parent_code_only,2807916033,2807916033,1603,1603,1529,1727,0.0,geometry_metrics_checked_parent_evidence_pending
2807916034,unchanged,stable_raw_parent_code_only,2807916034,2807916034,1603,1603,1836,2125,0.0,geometry_metrics_checked_parent_evidence_pending
2807916035,unchanged,stable_raw_parent_code_only,2807916035,2807916035,1603,1603,1653,1694,0.0,geometry_metrics_checked_parent_evidence_pending
2807916036,unchanged,stable_raw_parent_code_only,2807916036,2807916036,1604,1604,2661,2642,0.0,geometry_metrics_checked_parent_evidence_pending
2807916037,unchanged,stable_raw_parent_code_only,2807916037,2807916037,1604,1604,1043,1101,0.0,geometry_metrics_checked_parent_evidence_pending
2807916038,unchanged,stable_raw_parent_code_only,2807916038,2807916038,1604,1604,1250,1369,0.0,geometry_metrics_checked_parent_evidence_pending
2807916039,unchanged,stable_raw_parent_code_only,2807916039,2807916039,1604,1604,1043,1135,0.0,geometry_metrics_checked_parent_evidence_pending
Z-5c00f5cd5693,merged,stable_raw_parent_code_only,2807916040|2807916041,2807916040,1604,1604,1807,2032,0.0,geometry_metrics_checked_parent_evidence_pending
Z-5fba1c482f42,merged,stable_raw_parent_code_only,2807916042|2807916047,2807916042,1604,1604,1389,1467,0.0,geometry_metrics_checked_parent_evidence_pending
2807916043,unchanged,stable_raw_parent_code_only,2807916043,2807916043,1604,1604,948,989,0.0,geometry_metrics_checked_parent_evidence_pending
2807916044,unchanged,stable_raw_parent_code_only,2807916044,2807916044,1604,1604,1080,1110,0.0,geometry_metrics_checked_parent_evidence_pending
2807916045,unchanged,stable_raw_parent_code_only,2807916045,2807916045,1604,1604,1610,1622,0.0,geometry_metrics_checked_parent_evidence_pending
2807916046,unchanged,stable_raw_parent_code_only,2807916046,2807916046,1604,1604,1793,1736,0.0,geometry_metrics_checked_parent_evidence_pending
2807916048,unchanged,stable_raw_parent_code_only,2807916048,2807916048,1604,1604,2217,2237,0.0,geometry_metrics_checked_parent_evidence_pending
2807916049,unchanged,stable_raw_parent_code_only,2807916049,2807916049,1604,1604,1271,1138,0.0,geometry_metrics_checked_parent_evidence_pending
2807916050,unchanged,stable_raw_parent_code_only,2807916050,2807916050,1604,1604,1517,1545,0.0,geometry_metrics_checked_parent_evidence_pending
2807916051,unchanged,stable_raw_parent_code_only,2807916051,2807916051,1604,1604,1042,1038,0.0,geometry_metrics_checked_parent_evidence_pending
2807916052,unchanged,stable_raw_parent_code_only,2807916052,2807916052,1604,1604,1192,1193,0.0,geometry_metrics_checked_parent_evidence_pending
2807916053,unchanged,stable_raw_parent_code_only,2807916053,2807916053,1604,1604,920,996,0.0,geometry_metrics_checked_parent_evidence_pending
2807916054,unchanged,stable_raw_parent_code_only,2807916054,2807916054,1604,1604,806,834,0.0,geometry_metrics_checked_parent_evidence_pending
Z-918616051b0f,merged,stable_raw_parent_code_only,2807916055|2807916056,2807916055,1604,1604,1477,1581,0.0,geometry_metrics_checked_parent_evidence_pending
2807916057,unchanged,stable_raw_parent_code_only,2807916057,2807916057,1604,1604,1001,1013,0.0,geometry_metrics_checked_parent_evidence_pending
2807916058,unchanged,stable_raw_parent_code_only,2807916058,2807916058,1604,1604,1403,1488,0.0,geometry_metrics_checked_parent_evidence_pending
2807916059,unchanged,stable_raw_parent_code_only,2807916059,2807916059,1604,1604,1848,1867,0.0,geometry_metrics_checked_parent_evidence_pending
2807916060,unchanged,stable_raw_parent_code_only,2807916060,2807916060,1604,1604,1556,1525,0.0,geometry_metrics_checked_parent_evidence_pending
2807916061,unchanged,stable_raw_parent_code_only,2807916061,2807916061,1604,1604,1414,1392,0.0,geometry_metrics_checked_parent_evidence_pending
Z-7b06668ac4e4,merged,stable_raw_parent_code_only,2807916062|2807916063,2807916063,1604,1604,1670,1560,0.0,geometry_metrics_checked_parent_evidence_pending
2807916064,unchanged,stable_raw_parent_code_only,2807916064,2807916064,1604,1604,1185,1299,0.0,geometry_metrics_checked_parent_evidence_pending
2807916065,unchanged,stable_raw_parent_code_only,2807916065,2807916065,1604,1604,903,1126,0.0,geometry_metrics_checked_parent_evidence_pending
2807916066,unchanged,stable_raw_parent_code_only,2807916066,2807916066,1604,1604,942,1139,0.0,geometry_metrics_checked_parent_evidence_pending
2807916067,unchanged,stable_raw_parent_code_only,2807916067,2807916067,1604,1604,1354,2010,0.0,geometry_metrics_checked_parent_evidence_pending
2807916069,unchanged,stable_raw_parent_code_only,2807916069,2807916069,1604,1604,1149,1247,0.0,geometry_metrics_checked_parent_evidence_pending
2807916070,unchanged,stable_raw_parent_code_only,2807916070,2807916070,1604,1604,1860,1731,0.0,geometry_metrics_checked_parent_evidence_pending
Z-29afdef0a42f,merged,stable_raw_parent_code_only,2807916071|2807916072,2807916071,1604,1604,2331,1392,0.0,geometry_metrics_checked_parent_evidence_pending
2807916073,unchanged,stable_raw_parent_code_only,2807916073,2807916073,1604,1604,1464,1813,0.0,geometry_metrics_checked_parent_evidence_pending
2807916074,unchanged,stable_raw_parent_code_only,2807916074,2807916074,1604,1604,1075,1145,0.0,geometry_metrics_checked_parent_evidence_pending
2807916075,unchanged,stable_raw_parent_code_only,2807916075,2807916075,1604,1604,1206,1302,0.0,geometry_metrics_checked_parent_evidence_pending
2807916076,unchanged,stable_raw_parent_code_only,2807916076,2807916076,1604,1604,1187,1506,0.0,geometry_metrics_checked_parent_evidence_pending
2807916077,unchanged,stable_raw_parent_code_only,2807916077,2807916077,1604,1604,1362,1579,0.0,geometry_metrics_checked_parent_evidence_pending
2807916078,unchanged,stable_raw_parent_code_only,2807916078,2807916078,1604,1604,873,937,0.0,geometry_metrics_checked_parent_evidence_pending
2807916079,unchanged,stable_raw_parent_code_only,2807916079,2807916079,1605,1605,2249,2394,0.0,geometry_metrics_checked_parent_evidence_pending
2807916080,unchanged,stable_raw_parent_code_only,2807916080,2807916080,1605,1605,870,896,0.0,geometry_metrics_checked_parent_evidence_pending
2807916081,unchanged,stable_raw_parent_code_only,2807916081,2807916081,1605,1605,1091,1227,0.0,geometry_metrics_checked_parent_evidence_pending
2807916082,unchanged,stable_raw_parent_code_only,2807916082,2807916082,1605,1605,819,852,0.0,geometry_metrics_checked_parent_evidence_pending
2807916083,unchanged,stable_raw_parent_code_only,2807916083,2807916083,1605,1605,2171,2314,0.0,geometry_metrics_checked_parent_evidence_pending
2807916085,unchanged,stable_raw_parent_code_only,2807916085,2807916085,1605,1605,1325,1405,0.0,geometry_metrics_checked_parent_evidence_pending
2807916086,unchanged,stable_raw_parent_code_only,2807916086,2807916086,1605,1605,2130,2216,0.0,geometry_metrics_checked_parent_evidence_pending
2807916087,unchanged,stable_raw_parent_code_only,2807916087,2807916087,1605,1605,877,859,0.0,geometry_metrics_checked_parent_evidence_pending
2807916088,unchanged,stable_raw_parent_code_only,2807916088,2807916088,1605,1605,1440,1525,0.0,geometry_metrics_checked_parent_evidence_pending
2807916089,unchanged,stable_raw_parent_code_only,2807916089,2807916089,1605,1605,800,830,0.0,geometry_metrics_checked_parent_evidence_pending
2807916090,unchanged,stable_raw_parent_code_only,2807916090,2807916090,1605,1605,1470,1578,0.0,geometry_metrics_checked_parent_evidence_pending
2807916091,unchanged,stable_raw_parent_code_only,2807916091,2807916091,1606,1606,2471,2562,0.0,geometry_metrics_checked_parent_evidence_pending
2807916092,unchanged,stable_raw_parent_code_only,2807916092,2807916092,1606,1606,1239,1237,0.0,geometry_metrics_checked_parent_evidence_pending
2807916093,unchanged,stable_raw_parent_code_only,2807916093,2807916093,1606,1606,1070,1036,0.0,geometry_metrics_checked_parent_evidence_pending
Z-57b172e30c85,materially_redrawn,multi_parent_zone,2807916096|2807916107|2807916123|2807916124|2807921015|2807921019|2807921029|2807921031,2807916096|2807916107|2807916123|2807916124|2807916126|2807916128|2807916129|2807916130|2807916131|2807916132|2807916134|2807916136|2807916137|2807921015|2807921019|2807921029|2807921031|2807921033|2807921034,1606|2102|2103|2104|2105,1606|2102|2103|2104|2105,14912,40929,4.2148320962156813e-10,geometry_metrics_checked_parent_evidence_pending
2807916097,unchanged,stable_raw_parent_code_only,2807916097,2807916097,1604,1604,1584,1503,0.0,geometry_metrics_checked_parent_evidence_pending
2807916098,unchanged,stable_raw_parent_code_only,2807916098,2807916098,1603,1603,1487,1361,0.0,geometry_metrics_checked_parent_evidence_pending
2807916099,unchanged,stable_raw_parent_code_only,2807916099,2807916099,1606,1606,1736,1680,0.0,geometry_metrics_checked_parent_evidence_pending
2807916100,unchanged,stable_raw_parent_code_only,2807916100,2807916100,1603,1603,1072,967,0.0,geometry_metrics_checked_parent_evidence_pending
2807916101,unchanged,stable_raw_parent_code_only,2807916101,2807916101,1603,1603,1295,1163,0.0,geometry_metrics_checked_parent_evidence_pending
2807916102,unchanged,stable_raw_parent_code_only,2807916102,2807916102,1602,1602,2329,2497,0.0,geometry_metrics_checked_parent_evidence_pending
2807916103,unchanged,stable_raw_parent_code_only,2807916103,2807916103,1602,1602,1903,2149,0.0,geometry_metrics_checked_parent_evidence_pending
2807916104,unchanged,stable_raw_parent_code_only,2807916104,2807916104,1602,1602,2122,1999,0.0,geometry_metrics_checked_parent_evidence_pending
2807916105,unchanged,stable_raw_parent_code_only,2807916105,2807916105,1601,1601,1346,1301,0.0,geometry_metrics_checked_parent_evidence_pending
2807916106,unchanged,stable_raw_parent_code_only,2807916106,2807916106,1606,1606,1680,2563,0.0,geometry_metrics_checked_parent_evidence_pending
Z-e1548bfa33f4,split,stable_raw_parent_code_only,2807916108,2807916108|2807916127,1606,1606,3358,3741,2.9676856299514773e-08,geometry_metrics_checked_parent_evidence_pending
2807916109,unchanged,stable_raw_parent_code_only,2807916109,2807916109,1606,1606,2475,2513,0.0,geometry_metrics_checked_parent_evidence_pending
2807916110,unchanged,stable_raw_parent_code_only,2807916110,2807916110,1606,1606,2293,2780,0.0,geometry_metrics_checked_parent_evidence_pending
Z-c67d0b21c02f,split,stable_raw_parent_code_only,2807916111,2807916111|2807916133,1606,1606,2929,3232,6.870895537817064e-08,geometry_metrics_checked_parent_evidence_pending
2807916112,unchanged,stable_raw_parent_code_only,2807916112,2807916112,1606,1606,1557,1446,0.0,geometry_metrics_checked_parent_evidence_pending
2807916113,unchanged,stable_raw_parent_code_only,2807916113,2807916113,1602,1602,1699,2116,0.0,geometry_metrics_checked_parent_evidence_pending
Z-f2b3fb5c1477,split,stable_raw_parent_code_only,2807916114,2807916114|2807916135,1606,1606,2587,3309,1.1255257930106578e-08,geometry_metrics_checked_parent_evidence_pending
2807916115,unchanged,stable_raw_parent_code_only,2807916115,2807916115,1606,1606,1632,1861,3.8276209917505925e-08,geometry_metrics_checked_parent_evidence_pending
2807916116,unchanged,stable_raw_parent_code_only,2807916116,2807916116,1606,1606,1394,1966,0.0,geometry_metrics_checked_parent_evidence_pending
2807916117,unchanged,stable_raw_parent_code_only,2807916117,2807916117,1606,1606,2383,2721,1.4431394581283365e-08,geometry_metrics_checked_parent_evidence_pending
2807916118,unchanged,stable_raw_parent_code_only,2807916118,2807916118,1606,1606,2474,2617,0.0,geometry_metrics_checked_parent_evidence_pending
2807916119,unchanged,stable_raw_parent_code_only,2807916119,2807916119,1606,1606,1455,2999,0.0,geometry_metrics_checked_parent_evidence_pending
2807916120,unchanged,stable_raw_parent_code_only,2807916120,2807916120,1606,1606,1817,2231,0.0,geometry_metrics_checked_parent_evidence_pending
2807916121,unchanged,stable_raw_parent_code_only,2807916121,2807916121,1601,1601,1695,1769,0.0,geometry_metrics_checked_parent_evidence_pending
2807916122,unchanged,stable_raw_parent_code_only,2807916122,2807916122,1606,1606,1513,2112,0.0,geometry_metrics_checked_parent_evidence_pending
2807916125,unchanged,stable_raw_parent_code_only,2807916125,2807916125,1606,1606,1926,2393,0.0,geometry_metrics_checked_parent_evidence_pending
2807917002,unchanged,stable_raw_parent_code_only,2807917002,2807917002,1701,1701,1294,1451,0.0,geometry_metrics_checked_parent_evidence_pending
2807917003,unchanged,stable_raw_parent_code_only,2807917003,2807917003,1701,1701,1272,1536,0.0,geometry_metrics_checked_parent_evidence_pending
2807917004,unchanged,stable_raw_parent_code_only,2807917004,2807917004,1701,1701,2097,2903,0.0,geometry_metrics_checked_parent_evidence_pending
2807917006,unchanged,stable_raw_parent_code_only,2807917006,2807917006,1701,1701,1520,1889,0.0,geometry_metrics_checked_parent_evidence_pending
2807917007,unchanged,stable_raw_parent_code_only,2807917007,2807917007,1701,1701,887,1128,0.0,geometry_metrics_checked_parent_evidence_pending
2807917008,unchanged,stable_raw_parent_code_only,2807917008,2807917008,1701,1701,1450,1720,0.0,geometry_metrics_checked_parent_evidence_pending
2807917009,unchanged,stable_raw_parent_code_only,2807917009,2807917009,1701,1701,950,1234,0.0,geometry_metrics_checked_parent_evidence_pending
2807917010,unchanged,stable_raw_parent_code_only,2807917010,2807917010,1701,1701,1239,1479,0.0,geometry_metrics_checked_parent_evidence_pending
2807917011,unchanged,stable_raw_parent_code_only,2807917011,2807917011,1701,1701,1202,1620,0.0,geometry_metrics_checked_parent_evidence_pending
2807917012,unchanged,stable_raw_parent_code_only,2807917012,2807917012,1701,1701,1464,2013,0.0,geometry_metrics_checked_parent_evidence_pending
2807917013,unchanged,stable_raw_parent_code_only,2807917013,2807917013,1701,1701,834,1048,0.0,geometry_metrics_checked_parent_evidence_pending
2807917014,unchanged,stable_raw_parent_code_only,2807917014,2807917014,1701,1701,1071,1443,0.0,geometry_metrics_checked_parent_evidence_pending
2807917015,unchanged,stable_raw_parent_code_only,2807917015,2807917015,1701,1701,1282,1716,0.0,geometry_metrics_checked_parent_evidence_pending
2807917016,unchanged,stable_raw_parent_code_only,2807917016,2807917016,1701,1701,893,1102,0.0,geometry_metrics_checked_parent_evidence_pending
2807917017,unchanged,stable_raw_parent_code_only,2807917017,2807917017,1701,1701,1121,1311,0.0,geometry_metrics_checked_parent_evidence_pending
2807917018,unchanged,stable_raw_parent_code_only,2807917018,2807917018,1701,1701,1015,1366,0.0,geometry_metrics_checked_parent_evidence_pending
2807917019,unchanged,stable_raw_parent_code_only,2807917019,2807917019,1701,1701,878,1095,0.0,geometry_metrics_checked_parent_evidence_pending
2807917020,unchanged,stable_raw_parent_code_only,2807917020,2807917020,1701,1701,829,988,0.0,geometry_metrics_checked_parent_evidence_pending
2807917021,unchanged,stable_raw_parent_code_only,2807917021,2807917021,1701,1701,1205,1224,0.0,geometry_metrics_checked_parent_evidence_pending
2807917022,unchanged,stable_raw_parent_code_only,2807917022,2807917022,1701,1701,1006,1223,0.0,geometry_metrics_checked_parent_evidence_pending
2807917023,unchanged,stable_raw_parent_code_only,2807917023,2807917023,1701,1701,1906,2150,0.0,geometry_metrics_checked_parent_evidence_pending
2807917024,unchanged,stable_raw_parent_code_only,2807917024,2807917024,1701,1701,1799,2170,0.0,geometry_metrics_checked_parent_evidence_pending
2807917025,unchanged,stable_raw_parent_code_only,2807917025,2807917025,1701,1701,824,995,0.0,geometry_metrics_checked_parent_evidence_pending
2807917026,unchanged,stable_raw_parent_code_only,2807917026,2807917026,1701,1701,1272,1527,0.0,geometry_metrics_checked_parent_evidence_pending
2807917027,unchanged,stable_raw_parent_code_only,2807917027,2807917027,1701,1701,1907,2002,0.0,geometry_metrics_checked_parent_evidence_pending
2807917028,unchanged,stable_raw_parent_code_only,2807917028,2807917028,1701,1701,1155,1350,0.0,geometry_metrics_checked_parent_evidence_pending
2807917029,unchanged,stable_raw_parent_code_only,2807917029,2807917029,1701,1701,1413,1730,0.0,geometry_metrics_checked_parent_evidence_pending
2807917031,unchanged,stable_raw_parent_code_only,2807917031,2807917031,1702,1702,1154,1357,0.0,geometry_metrics_checked_parent_evidence_pending
2807917032,unchanged,stable_raw_parent_code_only,2807917032,2807917032,1702,1702,1919,2507,0.0,geometry_metrics_checked_parent_evidence_pending
2807917033,unchanged,stable_raw_parent_code_only,2807917033,2807917033,1702,1702,1300,1814,0.0,geometry_metrics_checked_parent_evidence_pending
2807917035,unchanged,stable_raw_parent_code_only,2807917035,2807917035,1702,1702,1200,1456,0.0,geometry_metrics_checked_parent_evidence_pending
2807917036,unchanged,stable_raw_parent_code_only,2807917036,2807917036,1702,1702,892,1208,0.0,geometry_metrics_checked_parent_evidence_pending
2807917037,unchanged,stable_raw_parent_code_only,2807917037,2807917037,1702,1702,1103,1534,0.0,geometry_metrics_checked_parent_evidence_pending
2807917038,unchanged,stable_raw_parent_code_only,2807917038,2807917038,1702,1702,1215,1849,0.0,geometry_metrics_checked_parent_evidence_pending
2807917039,unchanged,stable_raw_parent_code_only,2807917039,2807917039,1702,1702,1703,2235,0.0,geometry_metrics_checked_parent_evidence_pending
2807917041,unchanged,stable_raw_parent_code_only,2807917041,2807917041,1702,1702,1138,1511,0.0,geometry_metrics_checked_parent_evidence_pending
2807917042,unchanged,stable_raw_parent_code_only,2807917042,2807917042,1702,1702,1516,2028,0.0,geometry_metrics_checked_parent_evidence_pending
2807917043,unchanged,stable_raw_parent_code_only,2807917043,2807917043,1702,1702,1890,2516,8.680396845341335e-08,geometry_metrics_checked_parent_evidence_pending
Z-6dea0d98c500,split,stable_raw_parent_code_only,2807917045,2807917045|2807917115,1703,1703,2754,4356,1.5771668721472372e-09,geometry_metrics_checked_parent_evidence_pending
2807917046,unchanged,stable_raw_parent_code_only,2807917046,2807917046,1703,1703,1781,2003,0.0,geometry_metrics_checked_parent_evidence_pending
2807917047,unchanged,stable_raw_parent_code_only,2807917047,2807917047,1703,1703,1507,1830,0.0,geometry_metrics_checked_parent_evidence_pending
2807917048,unchanged,stable_raw_parent_code_only,2807917048,2807917048,1704,1704,1930,1877,0.0,geometry_metrics_checked_parent_evidence_pending
2807917049,unchanged,stable_raw_parent_code_only,2807917049,2807917049,1704,1704,1076,1294,0.0,geometry_metrics_checked_parent_evidence_pending
2807917050,unchanged,stable_raw_parent_code_only,2807917050,2807917050,1704,1704,1392,1575,0.0,geometry_metrics_checked_parent_evidence_pending
2807917051,unchanged,stable_raw_parent_code_only,2807917051,2807917051,1704,1704,1060,1277,0.0,geometry_metrics_checked_parent_evidence_pending
2807917052,unchanged,stable_raw_parent_code_only,2807917052,2807917052,1704,1704,1124,1252,0.0,geometry_metrics_checked_parent_evidence_pending
2807917053,unchanged,stable_raw_parent_code_only,2807917053,2807917053,1704,1704,983,1078,0.0,geometry_metrics_checked_parent_evidence_pending
2807917054,unchanged,stable_raw_parent_code_only,2807917054,2807917054,1704,1704,1190,1441,0.0,geometry_metrics_checked_parent_evidence_pending
2807917055,unchanged,stable_raw_parent_code_only,2807917055,2807917055,1704,1704,1636,1763,0.0,geometry_metrics_checked_parent_evidence_pending
2807917057,unchanged,stable_raw_parent_code_only,2807917057,2807917057,1704,1704,1447,1763,0.0,geometry_metrics_checked_parent_evidence_pending
2807917058,unchanged,stable_raw_parent_code_only,2807917058,2807917058,1704,1704,1342,1624,0.0,geometry_metrics_checked_parent_evidence_pending
2807917059,unchanged,stable_raw_parent_code_only,2807917059,2807917059,1704,1704,1376,1608,0.0,geometry_metrics_checked_parent_evidence_pending
2807917060,unchanged,stable_raw_parent_code_only,2807917060,2807917060,1704,1704,940,1229,0.0,geometry_metrics_checked_parent_evidence_pending
2807917061,unchanged,stable_raw_parent_code_only,2807917061,2807917061,1704,1704,1293,1601,0.0,geometry_metrics_checked_parent_evidence_pending
2807917062,unchanged,stable_raw_parent_code_only,2807917062,2807917062,1704,1704,1459,1772,0.0,geometry_metrics_checked_parent_evidence_pending
2807917063,unchanged,stable_raw_parent_code_only,2807917063,2807917063,1704,1704,984,1207,0.0,geometry_metrics_checked_parent_evidence_pending
2807917064,unchanged,stable_raw_parent_code_only,2807917064,2807917064,1704,1704,1331,1820,0.0,geometry_metrics_checked_parent_evidence_pending
2807917065,unchanged,stable_raw_parent_code_only,2807917065,2807917065,1704,1704,1148,1407,0.0,geometry_metrics_checked_parent_evidence_pending
2807917066,unchanged,stable_raw_parent_code_only,2807917066,2807917066,1704,1704,1127,1508,0.0,geometry_metrics_checked_parent_evidence_pending
2807917068,unchanged,stable_raw_parent_code_only,2807917068,2807917068,1705,1705,1593,2433,0.0,geometry_metrics_checked_parent_evidence_pending
2807917069,unchanged,stable_raw_parent_code_only,2807917069,2807917069,1705,1705,1454,1699,0.0,geometry_metrics_checked_parent_evidence_pending
2807917070,unchanged,stable_raw_parent_code_only,2807917070,2807917070,1705,1705,1368,1268,0.0,geometry_metrics_checked_parent_evidence_pending
2807917071,unchanged,stable_raw_parent_code_only,2807917071,2807917071,1705,1705,1902,2113,0.0,geometry_metrics_checked_parent_evidence_pending
2807917072,unchanged,stable_raw_parent_code_only,2807917072,2807917072,1705,1705,1128,1462,0.0,geometry_metrics_checked_parent_evidence_pending
2807917073,unchanged,stable_raw_parent_code_only,2807917073,2807917073,1705,1705,948,1037,0.0,geometry_metrics_checked_parent_evidence_pending
2807917074,unchanged,stable_raw_parent_code_only,2807917074,2807917074,1705,1705,829,924,0.0,geometry_metrics_checked_parent_evidence_pending
2807917075,unchanged,stable_raw_parent_code_only,2807917075,2807917075,1705,1705,1521,1552,0.0,geometry_metrics_checked_parent_evidence_pending
2807917076,unchanged,stable_raw_parent_code_only,2807917076,2807917076,1705,1705,1187,1238,0.0,geometry_metrics_checked_parent_evidence_pending
2807917078,unchanged,stable_raw_parent_code_only,2807917078,2807917078,1705,1705,1333,1394,0.0,geometry_metrics_checked_parent_evidence_pending
2807917079,unchanged,stable_raw_parent_code_only,2807917079,2807917079,1705,1705,772,909,0.0,geometry_metrics_checked_parent_evidence_pending
Z-20eb2f64c048,split,stable_raw_parent_code_only,2807917080,2807917080|2807917118,1705,1705,1652,6212,1.5907205124077142e-09,geometry_metrics_checked_parent_evidence_pending
2807917082,unchanged,stable_raw_parent_code_only,2807917082,2807917082,1705,1705,1503,1642,2.2212632181388976e-08,geometry_metrics_checked_parent_evidence_pending
2807917083,unchanged,stable_raw_parent_code_only,2807917083,2807917083,1705,1705,1362,1581,0.0,geometry_metrics_checked_parent_evidence_pending
2807917084,unchanged,stable_raw_parent_code_only,2807917084,2807917084,1705,1705,1020,1184,0.0,geometry_metrics_checked_parent_evidence_pending
2807917085,unchanged,stable_raw_parent_code_only,2807917085,2807917085,1705,1705,758,772,0.0,geometry_metrics_checked_parent_evidence_pending
2807917086,unchanged,stable_raw_parent_code_only,2807917086,2807917086,1705,1705,755,825,0.0,geometry_metrics_checked_parent_evidence_pending
2807917087,unchanged,stable_raw_parent_code_only,2807917087,2807917087,1705,1705,1543,1684,0.0,geometry_metrics_checked_parent_evidence_pending
2807917089,unchanged,stable_raw_parent_code_only,2807917089,2807917089,1705,1705,1157,1220,0.0,geometry_metrics_checked_parent_evidence_pending
2807917090,unchanged,stable_raw_parent_code_only,2807917090,2807917090,1705,1705,1102,1162,0.0,geometry_metrics_checked_parent_evidence_pending
2807917091,unchanged,stable_raw_parent_code_only,2807917091,2807917091,1705,1705,1108,1216,0.0,geometry_metrics_checked_parent_evidence_pending
2807917092,unchanged,stable_raw_parent_code_only,2807917092,2807917092,1705,1705,807,886,0.0,geometry_metrics_checked_parent_evidence_pending
2807917093,unchanged,stable_raw_parent_code_only,2807917093,2807917093,1705,1705,703,696,0.0,geometry_metrics_checked_parent_evidence_pending
2807917094,unchanged,stable_raw_parent_code_only,2807917094,2807917094,1705,1705,831,875,0.0,geometry_metrics_checked_parent_evidence_pending
2807917095,unchanged,stable_raw_parent_code_only,2807917095,2807917095,1705,1705,841,880,0.0,geometry_metrics_checked_parent_evidence_pending
Z-cde0841c04b0,split,stable_raw_parent_code_only,2807917096,2807917096|2807917116,1704,1704,2570,2449,1.6451000874466122e-09,geometry_metrics_checked_parent_evidence_pending
2807917097,unchanged,stable_raw_parent_code_only,2807917097,2807917097,1704,1704,1622,1466,1.3654246907342062e-09,geometry_metrics_checked_parent_evidence_pending
2807917098,unchanged,stable_raw_parent_code_only,2807917098,2807917098,1701,1701,1261,1166,0.0,geometry_metrics_checked_parent_evidence_pending
2807917099,unchanged,stable_raw_parent_code_only,2807917099,2807917099,1701,1701,858,772,0.0,geometry_metrics_checked_parent_evidence_pending
2807917100,unchanged,stable_raw_parent_code_only,2807917100,2807917100,1701,1701,1053,1276,0.0,geometry_metrics_checked_parent_evidence_pending
2807917101,unchanged,stable_raw_parent_code_only,2807917101,2807917101,1703,1703,1686,2181,2.6653555769264257e-09,geometry_metrics_checked_parent_evidence_pending
2807917102,unchanged,stable_raw_parent_code_only,2807917102,2807917102,1705,1705,1246,1095,0.0,geometry_metrics_checked_parent_evidence_pending
2807917103,unchanged,stable_raw_parent_code_only,2807917103,2807917103,1704,1704,2278,2166,0.0,geometry_metrics_checked_parent_evidence_pending
2807917104,unchanged,stable_raw_parent_code_only,2807917104,2807917104,1704,1704,2002,2007,7.943692029007762e-10,geometry_metrics_checked_parent_evidence_pending
2807917105,unchanged,stable_raw_parent_code_only,2807917105,2807917105,1704,1704,1578,1533,0.0,geometry_metrics_checked_parent_evidence_pending
Z-bc9091279987,split,stable_raw_parent_code_only,2807917106,2807917106|2807917120,1701,1701,2941,3510,8.935738866801414e-10,geometry_metrics_checked_parent_evidence_pending
2807917107,unchanged,stable_raw_parent_code_only,2807917107,2807917107,1703,1703,2477,2649,0.0,geometry_metrics_checked_parent_evidence_pending
2807917108,unchanged,stable_raw_parent_code_only,2807917108,2807917108,1704,1704,1545,1547,0.0,geometry_metrics_checked_parent_evidence_pending
2807917109,unchanged,stable_raw_parent_code_only,2807917109,2807917109,1701,1701,1226,1255,0.0,geometry_metrics_checked_parent_evidence_pending
2807917110,unchanged,stable_raw_parent_code_only,2807917110,2807917110,1703,1703,2173,2266,0.0,geometry_metrics_checked_parent_evidence_pending
Z-ee0668b6cf33,split,stable_raw_parent_code_only,2807917111,2807917111|2807917117,1703,1703,2269,6247,1.1482523651465858e-09,geometry_metrics_checked_parent_evidence_pending
2807917112,unchanged,stable_raw_parent_code_only,2807917112,2807917112,1704,1704,1882,2060,0.0,geometry_metrics_checked_parent_evidence_pending
Z-f8f48940254a,split,stable_raw_parent_code_only,2807917113,2807917113|2807917119,1701,1701,1822,2869,1.3282287558392997e-08,geometry_metrics_checked_parent_evidence_pending
2807917114,unchanged,stable_raw_parent_code_only,2807917114,2807917114,1703,1703,1613,1781,0.0,geometry_metrics_checked_parent_evidence_pending
2807918002,unchanged,stable_raw_parent_code_only,2807918002,2807918002,1801,1801,1438,1434,0.0,geometry_metrics_checked_parent_evidence_pending
2807918003,unchanged,stable_raw_parent_code_only,2807918003,2807918003,1801,1801,874,929,0.0,geometry_metrics_checked_parent_evidence_pending
2807918004,unchanged,stable_raw_parent_code_only,2807918004,2807918004,1801,1801,1152,1244,0.0,geometry_metrics_checked_parent_evidence_pending
2807918005,unchanged,stable_raw_parent_code_only,2807918005,2807918005,1801,1801,1111,1309,0.0,geometry_metrics_checked_parent_evidence_pending
2807918006,unchanged,stable_raw_parent_code_only,2807918006,2807918006,1801,1801,1177,1421,0.0,geometry_metrics_checked_parent_evidence_pending
2807918007,unchanged,stable_raw_parent_code_only,2807918007,2807918007,1801,1801,926,1098,0.0,geometry_metrics_checked_parent_evidence_pending
2807918008,unchanged,stable_raw_parent_code_only,2807918008,2807918008,1801,1801,1137,1246,0.0,geometry_metrics_checked_parent_evidence_pending
2807918009,unchanged,stable_raw_parent_code_only,2807918009,2807918009,1801,1801,1540,1671,0.0,geometry_metrics_checked_parent_evidence_pending
2807918010,unchanged,stable_raw_parent_code_only,2807918010,2807918010,1801,1801,1061,1200,0.0,geometry_metrics_checked_parent_evidence_pending
2807918011,unchanged,stable_raw_parent_code_only,2807918011,2807918011,1801,1801,1182,1385,0.0,geometry_metrics_checked_parent_evidence_pending
2807918012,unchanged,stable_raw_parent_code_only,2807918012,2807918012,1801,1801,1546,1609,0.0,geometry_metrics_checked_parent_evidence_pending
2807918013,unchanged,stable_raw_parent_code_only,2807918013,2807918013,1801,1801,1190,1346,0.0,geometry_metrics_checked_parent_evidence_pending
2807918014,unchanged,stable_raw_parent_code_only,2807918014,2807918014,1801,1801,1319,1573,0.0,geometry_metrics_checked_parent_evidence_pending
2807918015,unchanged,stable_raw_parent_code_only,2807918015,2807918015,1801,1801,1070,1387,0.0,geometry_metrics_checked_parent_evidence_pending
2807918016,unchanged,stable_raw_parent_code_only,2807918016,2807918016,1801,1801,1136,1407,0.0,geometry_metrics_checked_parent_evidence_pending
2807918017,unchanged,stable_raw_parent_code_only,2807918017,2807918017,1801,1801,1076,1235,0.0,geometry_metrics_checked_parent_evidence_pending
2807918018,unchanged,stable_raw_parent_code_only,2807918018,2807918018,1801,1801,1806,2047,0.0,geometry_metrics_checked_parent_evidence_pending
2807918019,unchanged,stable_raw_parent_code_only,2807918019,2807918019,1801,1801,1693,1806,0.0,geometry_metrics_checked_parent_evidence_pending
2807918020,unchanged,stable_raw_parent_code_only,2807918020,2807918020,1801,1801,1488,1485,0.0,geometry_metrics_checked_parent_evidence_pending
2807918021,unchanged,stable_raw_parent_code_only,2807918021,2807918021,1801,1801,1073,1054,1.6974378923665614e-08,geometry_metrics_checked_parent_evidence_pending
2807918022,unchanged,stable_raw_parent_code_only,2807918022,2807918022,1801,1801,1352,1598,0.0,geometry_metrics_checked_parent_evidence_pending
Z-86df3b6b020d,materially_redrawn,multi_parent_zone,2807918023|2807918051,2807918023|2807918051,1801,1801|1803,2369,2891,3.208278885331601e-08,geometry_metrics_checked_parent_evidence_pending
2807918024,unchanged,stable_raw_parent_code_only,2807918024,2807918024,1801,1801,1005,1004,0.0,geometry_metrics_checked_parent_evidence_pending
2807918025,unchanged,stable_raw_parent_code_only,2807918025,2807918025,1801,1801,1763,1753,0.0,geometry_metrics_checked_parent_evidence_pending
Z-23333eb7f9c1,materially_redrawn,stable_raw_parent_code_only,2807918026|2807918036|2807918037,2807918026|2807918036|2807918037,1802,1802,3997,4116,1.977698286888007e-09,geometry_metrics_checked_parent_evidence_pending
2807918027,unchanged,stable_raw_parent_code_only,2807918027,2807918027,1802,1802,1788,1888,0.0,geometry_metrics_checked_parent_evidence_pending
2807918028,unchanged,stable_raw_parent_code_only,2807918028,2807918028,1802,1802,2167,1974,0.0,geometry_metrics_checked_parent_evidence_pending
2807918029,unchanged,stable_raw_parent_code_only,2807918029,2807918029,1802,1802,1184,1112,0.0,geometry_metrics_checked_parent_evidence_pending
2807918030,unchanged,stable_raw_parent_code_only,2807918030,2807918030,1802,1802,816,799,0.0,geometry_metrics_checked_parent_evidence_pending
2807918031,unchanged,stable_raw_parent_code_only,2807918031,2807918031,1802,1802,1172,1141,0.0,geometry_metrics_checked_parent_evidence_pending
2807918032,unchanged,stable_raw_parent_code_only,2807918032,2807918032,1802,1802,1365,1363,0.0,geometry_metrics_checked_parent_evidence_pending
2807918033,unchanged,stable_raw_parent_code_only,2807918033,2807918033,1802,1802,1313,1301,0.0,geometry_metrics_checked_parent_evidence_pending
2807918034,unchanged,stable_raw_parent_code_only,2807918034,2807918034,1802,1802,1353,1256,0.0,geometry_metrics_checked_parent_evidence_pending
2807918035,unchanged,stable_raw_parent_code_only,2807918035,2807918035,1802,1802,948,929,0.0,geometry_metrics_checked_parent_evidence_pending
2807918038,unchanged,stable_raw_parent_code_only,2807918038,2807918038,1802,1802,1009,1032,0.0,geometry_metrics_checked_parent_evidence_pending
2807918039,unchanged,stable_raw_parent_code_only,2807918039,2807918039,1802,1802,1406,1217,0.0,geometry_metrics_checked_parent_evidence_pending
2807918040,unchanged,stable_raw_parent_code_only,2807918040,2807918040,1802,1802,1874,2305,0.0,geometry_metrics_checked_parent_evidence_pending
2807918041,unchanged,stable_raw_parent_code_only,2807918041,2807918041,1802,1802,1325,1278,0.0,geometry_metrics_checked_parent_evidence_pending
Z-da9f03a6c74d,materially_redrawn,multi_parent_zone,2807918042|2807918046|2807918059|2807918063|2807918065,2807918042|2807918046|2807918059|2807918063|2807918065|2807918073,1801,1801|1803,9412,14607,5.077241823755014e-10,geometry_metrics_checked_parent_evidence_pending
2807918043,unchanged,stable_raw_parent_code_only,2807918043,2807918043,1801,1801,2018,2068,0.0,geometry_metrics_checked_parent_evidence_pending
2807918044,unchanged,stable_raw_parent_code_only,2807918044,2807918044,1802,1802,1410,1255,0.0,geometry_metrics_checked_parent_evidence_pending
Z-a736b610c183,materially_redrawn,multi_parent_zone,2807918045|2807918057,2807918045|2807918057|2807918075,1801,1801|1803,5504,6493,2.6648708370658267e-10,geometry_metrics_checked_parent_evidence_pending
2807918047,unchanged,raw_parent_reassignment,2807918047,2807918047,1801,1803,1233,1367,5.451577651905529e-08,geometry_metrics_checked_parent_evidence_pending
2807918048,unchanged,stable_raw_parent_code_only,2807918048,2807918048,1802,1802,1374,1297,0.0,geometry_metrics_checked_parent_evidence_pending
Z-e6a72b53ff34,materially_redrawn,raw_parent_reassignment,2807918049|2807918052,2807918049|2807918052|2807918070|2807918071,1801,1803,5434,7815,5.877685592014002e-08,geometry_metrics_checked_parent_evidence_pending
2807918050,unchanged,raw_parent_reassignment,2807918050,2807918050,1801,1803,1364,2822,0.0,geometry_metrics_checked_parent_evidence_pending
2807918053,unchanged,raw_parent_reassignment,2807918053,2807918053,1801,1803,1891,2742,0.0,geometry_metrics_checked_parent_evidence_pending
Z-9cf675e04118,split,raw_parent_reassignment,2807918054,2807918054|2807918074,1801,1803,1921,3249,5.735188529585831e-08,geometry_metrics_checked_parent_evidence_pending
Z-69494a0d7a2d,split,raw_parent_reassignment,2807918055,2807918055|2807918066,1801,1803,2739,4427,8.740668671486532e-09,geometry_metrics_checked_parent_evidence_pending
2807918056,unchanged,raw_parent_reassignment,2807918056,2807918056,1801,1803,1438,2249,7.154569560921401e-08,geometry_metrics_checked_parent_evidence_pending
Z-a75985b31bb1,split,raw_parent_reassignment,2807918058,2807918058|2807918076,1801,1803,2000,4232,1.7454622234281156e-08,geometry_metrics_checked_parent_evidence_pending
Z-b5f931c476fe,split,raw_parent_reassignment,2807918060,2807918060|2807918072,1801,1803,2138,3506,1.0034467077665941e-07,geometry_metrics_checked_parent_evidence_pending
Z-84693f008a48,split,raw_parent_reassignment,2807918061,2807918061|2807918069,1801,1803,1721,3540,5.286732212901868e-08,geometry_metrics_checked_parent_evidence_pending
Z-5bb20d556459,split,raw_parent_reassignment,2807918062,2807918062|2807918067,1801,1803,2235,4231,2.0543134051872533e-08,geometry_metrics_checked_parent_evidence_pending
Z-36c0d0f879f5,split,raw_parent_reassignment,2807918064,2807918064|2807918068,1801,1803,2669,4136,1.6450927328523568e-08,geometry_metrics_checked_parent_evidence_pending
Z-1df9e7e5672b,split,multi_parent_zone,2807919001,2807919001|2807919052|2807919053|2807919054|2807919055|2807919056|2807919058|2807919059|2807919060|2807919061,1901,1901|1904,2396,24575,5.036093204428071e-10,geometry_metrics_checked_parent_evidence_pending
Z-4d78973c30a3,materially_redrawn,multi_parent_zone,2807919002|2807919042|2807919044|2807919049,2807919002|2807919042|2807919044|2807919049|2807919057,1901,1901|1902|1903,8399,9688,4.757482502658279e-09,geometry_metrics_checked_parent_evidence_pending
2807919003,unchanged,stable_raw_parent_code_only,2807919003,2807919003,1901,1901,961,1016,0.0,geometry_metrics_checked_parent_evidence_pending
2807919004,unchanged,stable_raw_parent_code_only,2807919004,2807919004,1901,1901,836,1279,0.0,geometry_metrics_checked_parent_evidence_pending
Z-56f71c85422b,materially_redrawn,multi_parent_zone,2807919005|2807919048,2807919005|2807919048,1901,1901|1903,3257,3353,5.765401606505581e-08,geometry_metrics_checked_parent_evidence_pending
2807919006,unchanged,stable_raw_parent_code_only,2807919006,2807919006,1901,1901,1158,1322,0.0,geometry_metrics_checked_parent_evidence_pending
2807919007,unchanged,stable_raw_parent_code_only,2807919007,2807919007,1901,1901,1150,1268,0.0,geometry_metrics_checked_parent_evidence_pending
Z-025d61ba3a6a,materially_redrawn,multi_parent_zone,2807919008|2807919040,2807919008|2807919040,1901,1901|1903,3545,3729,1.8226741513403122e-08,geometry_metrics_checked_parent_evidence_pending
2807919009,unchanged,stable_raw_parent_code_only,2807919009,2807919009,1901,1901,1469,1605,0.0,geometry_metrics_checked_parent_evidence_pending
2807919011,unchanged,stable_raw_parent_code_only,2807919011,2807919011,1901,1901,1276,1336,0.0,geometry_metrics_checked_parent_evidence_pending
2807919012,unchanged,stable_raw_parent_code_only,2807919012,2807919012,1901,1901,1035,1077,0.0,geometry_metrics_checked_parent_evidence_pending
2807919014,unchanged,raw_parent_reassignment,2807919014,2807919014,1902,1901,1540,1603,0.0,geometry_metrics_checked_parent_evidence_pending
2807919015,unchanged,raw_parent_reassignment,2807919015,2807919015,1902,1901,1087,1036,0.0,geometry_metrics_checked_parent_evidence_pending
2807919016,unchanged,raw_parent_reassignment,2807919016,2807919016,1902,1901,954,975,0.0,geometry_metrics_checked_parent_evidence_pending
2807919018,unchanged,raw_parent_reassignment,2807919018,2807919018,1902,1901,1302,1306,0.0,geometry_metrics_checked_parent_evidence_pending
2807919019,unchanged,raw_parent_reassignment,2807919019,2807919019,1902,1901,994,1052,0.0,geometry_metrics_checked_parent_evidence_pending
2807919020,unchanged,raw_parent_reassignment,2807919020,2807919020,1902,1901,1069,1049,0.0,geometry_metrics_checked_parent_evidence_pending
2807919021,unchanged,raw_parent_reassignment,2807919021,2807919021,1902,1901,1338,1306,0.0,geometry_metrics_checked_parent_evidence_pending
2807919022,unchanged,raw_parent_reassignment,2807919022,2807919022,1902,1901,1180,1178,0.0,geometry_metrics_checked_parent_evidence_pending
2807919023,unchanged,raw_parent_reassignment,2807919023,2807919023,1902,1901,1094,1193,0.0,geometry_metrics_checked_parent_evidence_pending
2807919024,unchanged,raw_parent_reassignment,2807919024,2807919024,1902,1901,807,905,0.0,geometry_metrics_checked_parent_evidence_pending
2807919025,unchanged,raw_parent_reassignment,2807919025,2807919025,1902,1901,966,1167,0.0,geometry_metrics_checked_parent_evidence_pending
2807919026,unchanged,raw_parent_reassignment,2807919026,2807919026,1902,1901,943,994,0.0,geometry_metrics_checked_parent_evidence_pending
2807919027,unchanged,raw_parent_reassignment,2807919027,2807919027,1902,1901,931,1048,0.0,geometry_metrics_checked_parent_evidence_pending
2807919028,unchanged,raw_parent_reassignment,2807919028,2807919028,1902,1901,1396,1585,0.0,geometry_metrics_checked_parent_evidence_pending
2807919029,unchanged,raw_parent_reassignment,2807919029,2807919029,1902,1901,946,1011,0.0,geometry_metrics_checked_parent_evidence_pending
2807919032,unchanged,raw_parent_reassignment,2807919032,2807919032,1902,1901,2139,2438,0.0,geometry_metrics_checked_parent_evidence_pending
2807919033,unchanged,raw_parent_reassignment,2807919033,2807919033,1901,1902,2145,2111,0.0,geometry_metrics_checked_parent_evidence_pending
2807919034,unchanged,raw_parent_reassignment,2807919034,2807919034,1901,1902,1770,1704,0.0,geometry_metrics_checked_parent_evidence_pending
2807919035,unchanged,raw_parent_reassignment,2807919035,2807919035,1901,1902,1626,1622,0.0,geometry_metrics_checked_parent_evidence_pending
2807919036,unchanged,ambiguous_section_membership,2807919036,2807919036,1901,1901|1902,2118,2059,0.0,geometry_metrics_checked_parent_evidence_pending
2807919037,unchanged,raw_parent_reassignment,2807919037,2807919037,1901,1902,2156,2085,0.0,geometry_metrics_checked_parent_evidence_pending
2807919038,unchanged,raw_parent_reassignment,2807919038,2807919038,1901,1902,2009,1893,5.381074443203658e-09,geometry_metrics_checked_parent_evidence_pending
2807919039,unchanged,raw_parent_reassignment,2807919039,2807919039,1901,1902,1562,1793,0.0,geometry_metrics_checked_parent_evidence_pending
2807919041,unchanged,raw_parent_reassignment,2807919041,2807919041,1901,1903,1502,1505,0.0,geometry_metrics_checked_parent_evidence_pending
2807919043,unchanged,raw_parent_reassignment,2807919043,2807919043,1901,1902,1389,1317,0.0,geometry_metrics_checked_parent_evidence_pending
2807919045,unchanged,raw_parent_reassignment,2807919045,2807919045,1901,1903,1757,1713,4.303565949865622e-08,geometry_metrics_checked_parent_evidence_pending
2807919046,unchanged,raw_parent_reassignment,2807919046,2807919046,1901,1903,1757,1942,7.311497400472334e-08,geometry_metrics_checked_parent_evidence_pending
2807919047,unchanged,raw_parent_reassignment,2807919047,2807919047,1901,1903,2423,2530,2.186560372873644e-08,geometry_metrics_checked_parent_evidence_pending
2807919050,unchanged,raw_parent_reassignment,2807919050,2807919050,1901,1902,1189,1159,0.0,geometry_metrics_checked_parent_evidence_pending
2807919051,unchanged,raw_parent_reassignment,2807919051,2807919051,1901,1903,1886,1943,0.0,geometry_metrics_checked_parent_evidence_pending
2807920001,unchanged,stable_raw_parent_code_only,2807920001,2807920001,2001,2001,2021,2266,0.0,geometry_metrics_checked_parent_evidence_pending
2807920002,unchanged,stable_raw_parent_code_only,2807920002,2807920002,2001,2001,1656,1645,0.0,geometry_metrics_checked_parent_evidence_pending
2807920003,unchanged,stable_raw_parent_code_only,2807920003,2807920003,2001,2001,1060,1128,0.0,geometry_metrics_checked_parent_evidence_pending
2807920006,unchanged,stable_raw_parent_code_only,2807920006,2807920006,2001,2001,816,987,0.0,geometry_metrics_checked_parent_evidence_pending
2807920007,unchanged,stable_raw_parent_code_only,2807920007,2807920007,2001,2001,1486,1776,0.0,geometry_metrics_checked_parent_evidence_pending
2807920008,unchanged,stable_raw_parent_code_only,2807920008,2807920008,2001,2001,1239,1477,0.0,geometry_metrics_checked_parent_evidence_pending
2807920009,unchanged,stable_raw_parent_code_only,2807920009,2807920009,2001,2001,800,842,0.0,geometry_metrics_checked_parent_evidence_pending
2807920010,unchanged,stable_raw_parent_code_only,2807920010,2807920010,2001,2001,1129,1139,0.0,geometry_metrics_checked_parent_evidence_pending
2807920011,unchanged,stable_raw_parent_code_only,2807920011,2807920011,2001,2001,635,726,0.0,geometry_metrics_checked_parent_evidence_pending
2807920012,unchanged,stable_raw_parent_code_only,2807920012,2807920012,2001,2001,1262,1676,0.0,geometry_metrics_checked_parent_evidence_pending
2807920013,unchanged,stable_raw_parent_code_only,2807920013,2807920013,2001,2001,803,1003,0.0,geometry_metrics_checked_parent_evidence_pending
Z-b85830968170,merged,stable_raw_parent_code_only,2807920014|2807920015,2807920015,2001,2001,1562,1945,0.0,geometry_metrics_checked_parent_evidence_pending
Z-d41cb251cffe,merged,stable_raw_parent_code_only,2807920016|2807920017,2807920017,2001,2001,1711,2021,0.0,geometry_metrics_checked_parent_evidence_pending
2807920018,unchanged,stable_raw_parent_code_only,2807920018,2807920018,2001,2001,888,1212,0.0,geometry_metrics_checked_parent_evidence_pending
Z-b07233174aaf,merged,stable_raw_parent_code_only,2807920019|2807920020,2807920020,2001,2001,1566,1944,0.0,geometry_metrics_checked_parent_evidence_pending
2807920021,unchanged,stable_raw_parent_code_only,2807920021,2807920021,2002,2002,844,1070,0.0,geometry_metrics_checked_parent_evidence_pending
2807920022,unchanged,stable_raw_parent_code_only,2807920022,2807920022,2002,2002,1018,1303,0.0,geometry_metrics_checked_parent_evidence_pending
Z-5976220b4f8b,merged,stable_raw_parent_code_only,2807920023|2807920024,2807920023,2002,2002,1651,1909,0.0,geometry_metrics_checked_parent_evidence_pending
2807920025,unchanged,stable_raw_parent_code_only,2807920025,2807920025,2002,2002,942,1227,0.0,geometry_metrics_checked_parent_evidence_pending
2807920026,unchanged,stable_raw_parent_code_only,2807920026,2807920026,2002,2002,1243,1464,0.0,geometry_metrics_checked_parent_evidence_pending
2807920027,unchanged,stable_raw_parent_code_only,2807920027,2807920027,2002,2002,1022,1078,0.0,geometry_metrics_checked_parent_evidence_pending
2807920028,unchanged,stable_raw_parent_code_only,2807920028,2807920028,2002,2002,747,721,0.0,geometry_metrics_checked_parent_evidence_pending
2807920029,unchanged,stable_raw_parent_code_only,2807920029,2807920029,2002,2002,1288,1569,0.0,geometry_metrics_checked_parent_evidence_pending
2807920031,unchanged,stable_raw_parent_code_only,2807920031,2807920031,2003,2003,1086,1550,0.0,geometry_metrics_checked_parent_evidence_pending
2807920032,unchanged,stable_raw_parent_code_only,2807920032,2807920032,2003,2003,890,1441,0.0,geometry_metrics_checked_parent_evidence_pending
2807920033,unchanged,stable_raw_parent_code_only,2807920033,2807920033,2003,2003,957,1260,0.0,geometry_metrics_checked_parent_evidence_pending
2807920034,unchanged,stable_raw_parent_code_only,2807920034,2807920034,2003,2003,1067,1307,0.0,geometry_metrics_checked_parent_evidence_pending
2807920035,unchanged,stable_raw_parent_code_only,2807920035,2807920035,2003,2003,1033,1352,0.0,geometry_metrics_checked_parent_evidence_pending
2807920036,unchanged,stable_raw_parent_code_only,2807920036,2807920036,2003,2003,943,1298,0.0,geometry_metrics_checked_parent_evidence_pending
2807920037,unchanged,stable_raw_parent_code_only,2807920037,2807920037,2003,2003,787,821,0.0,geometry_metrics_checked_parent_evidence_pending
2807920038,unchanged,stable_raw_parent_code_only,2807920038,2807920038,2003,2003,662,710,0.0,geometry_metrics_checked_parent_evidence_pending
2807920039,unchanged,stable_raw_parent_code_only,2807920039,2807920039,2003,2003,708,739,0.0,geometry_metrics_checked_parent_evidence_pending
2807920040,unchanged,stable_raw_parent_code_only,2807920040,2807920040,2004,2004,947,893,0.0,geometry_metrics_checked_parent_evidence_pending
2807920041,unchanged,stable_raw_parent_code_only,2807920041,2807920041,2004,2004,939,922,0.0,geometry_metrics_checked_parent_evidence_pending
2807920042,unchanged,stable_raw_parent_code_only,2807920042,2807920042,2004,2004,719,735,0.0,geometry_metrics_checked_parent_evidence_pending
2807920043,unchanged,stable_raw_parent_code_only,2807920043,2807920043,2004,2004,868,833,3.358588386846448e-08,geometry_metrics_checked_parent_evidence_pending
2807920044,unchanged,stable_raw_parent_code_only,2807920044,2807920044,2004,2004,1105,1180,0.0,geometry_metrics_checked_parent_evidence_pending
2807920046,unchanged,stable_raw_parent_code_only,2807920046,2807920046,2004,2004,869,1165,0.0,geometry_metrics_checked_parent_evidence_pending
2807920047,unchanged,stable_raw_parent_code_only,2807920047,2807920047,2004,2004,1348,1694,0.0,geometry_metrics_checked_parent_evidence_pending
2807920048,unchanged,stable_raw_parent_code_only,2807920048,2807920048,2004,2004,928,1109,0.0,geometry_metrics_checked_parent_evidence_pending
2807920049,unchanged,stable_raw_parent_code_only,2807920049,2807920049,2004,2004,991,1022,0.0,geometry_metrics_checked_parent_evidence_pending
2807920050,unchanged,stable_raw_parent_code_only,2807920050,2807920050,2004,2004,953,1103,0.0,geometry_metrics_checked_parent_evidence_pending
2807920051,unchanged,stable_raw_parent_code_only,2807920051,2807920051,2004,2004,931,1118,0.0,geometry_metrics_checked_parent_evidence_pending
2807920053,unchanged,stable_raw_parent_code_only,2807920053,2807920053,2004,2004,1890,2386,0.0,geometry_metrics_checked_parent_evidence_pending
2807920055,unchanged,stable_raw_parent_code_only,2807920055,2807920055,2004,2004,1785,2045,0.0,geometry_metrics_checked_parent_evidence_pending
2807920056,unchanged,stable_raw_parent_code_only,2807920056,2807920056,2004,2004,1266,1342,0.0,geometry_metrics_checked_parent_evidence_pending
2807920058,unchanged,stable_raw_parent_code_only,2807920058,2807920058,2004,2004,1056,1071,0.0,geometry_metrics_checked_parent_evidence_pending
2807920059,unchanged,stable_raw_parent_code_only,2807920059,2807920059,2004,2004,763,749,0.0,geometry_metrics_checked_parent_evidence_pending
2807920062,unchanged,stable_raw_parent_code_only,2807920062,2807920062,2005,2005,1438,1425,0.0,geometry_metrics_checked_parent_evidence_pending
2807920063,unchanged,stable_raw_parent_code_only,2807920063,2807920063,2005,2005,1236,1150,0.0,geometry_metrics_checked_parent_evidence_pending
2807920064,unchanged,stable_raw_parent_code_only,2807920064,2807920064,2005,2005,982,992,0.0,geometry_metrics_checked_parent_evidence_pending
2807920065,unchanged,stable_raw_parent_code_only,2807920065,2807920065,2005,2005,1922,1819,0.0,geometry_metrics_checked_parent_evidence_pending
2807920066,unchanged,stable_raw_parent_code_only,2807920066,2807920066,2005,2005,1877,1767,0.0,geometry_metrics_checked_parent_evidence_pending
2807920067,unchanged,stable_raw_parent_code_only,2807920067,2807920067,2005,2005,2336,2243,3.0826981349863624e-10,geometry_metrics_checked_parent_evidence_pending
2807920068,unchanged,stable_raw_parent_code_only,2807920068,2807920068,2006,2006,2481,2924,7.872689543671093e-10,geometry_metrics_checked_parent_evidence_pending
2807920069,unchanged,stable_raw_parent_code_only,2807920069,2807920069,2006,2006,1023,1137,0.0,geometry_metrics_checked_parent_evidence_pending
2807920070,unchanged,stable_raw_parent_code_only,2807920070,2807920070,2006,2006,944,1023,2.0844079531371263e-09,geometry_metrics_checked_parent_evidence_pending
Z-b99f728dca6e,split,stable_raw_parent_code_only,2807920071,2807920071|2807920123,2006,2006,2672,3067,1.688108017513321e-09,geometry_metrics_checked_parent_evidence_pending
2807920072,unchanged,stable_raw_parent_code_only,2807920072,2807920072,2007,2007,1761,1836,0.0,geometry_metrics_checked_parent_evidence_pending
2807920073,unchanged,stable_raw_parent_code_only,2807920073,2807920073,2007,2007,1059,1089,0.0,geometry_metrics_checked_parent_evidence_pending
2807920074,unchanged,stable_raw_parent_code_only,2807920074,2807920074,2007,2007,899,1031,0.0,geometry_metrics_checked_parent_evidence_pending
2807920075,unchanged,stable_raw_parent_code_only,2807920075,2807920075,2007,2007,975,1206,0.0,geometry_metrics_checked_parent_evidence_pending
2807920076,unchanged,stable_raw_parent_code_only,2807920076,2807920076,2007,2007,1349,1444,0.0,geometry_metrics_checked_parent_evidence_pending
2807920077,unchanged,stable_raw_parent_code_only,2807920077,2807920077,2007,2007,2279,2455,0.0,geometry_metrics_checked_parent_evidence_pending
2807920078,unchanged,stable_raw_parent_code_only,2807920078,2807920078,2007,2007,1424,1626,0.0,geometry_metrics_checked_parent_evidence_pending
2807920079,unchanged,stable_raw_parent_code_only,2807920079,2807920079,2007,2007,1181,1210,0.0,geometry_metrics_checked_parent_evidence_pending
2807920080,unchanged,stable_raw_parent_code_only,2807920080,2807920080,2007,2007,1327,1300,0.0,geometry_metrics_checked_parent_evidence_pending
2807920082,unchanged,stable_raw_parent_code_only,2807920082,2807920082,2007,2007,1860,1989,0.0,geometry_metrics_checked_parent_evidence_pending
2807920083,unchanged,stable_raw_parent_code_only,2807920083,2807920083,2007,2007,952,928,0.0,geometry_metrics_checked_parent_evidence_pending
Z-0b95b788a381,merged,stable_raw_parent_code_only,2807920084|2807920085,2807920085,2007,2007,1886,1963,0.0,geometry_metrics_checked_parent_evidence_pending
2807920086,unchanged,stable_raw_parent_code_only,2807920086,2807920086,2007,2007,1596,1653,0.0,geometry_metrics_checked_parent_evidence_pending
2807920087,unchanged,stable_raw_parent_code_only,2807920087,2807920087,2007,2007,1151,1210,0.0,geometry_metrics_checked_parent_evidence_pending
2807920088,unchanged,stable_raw_parent_code_only,2807920088,2807920088,2007,2007,2005,2224,0.0,geometry_metrics_checked_parent_evidence_pending
2807920090,unchanged,stable_raw_parent_code_only,2807920090,2807920090,2007,2007,1302,1256,0.0,geometry_metrics_checked_parent_evidence_pending
2807920091,unchanged,stable_raw_parent_code_only,2807920091,2807920091,2007,2007,1356,1524,0.0,geometry_metrics_checked_parent_evidence_pending
2807920092,unchanged,stable_raw_parent_code_only,2807920092,2807920092,2007,2007,1669,1915,0.0,geometry_metrics_checked_parent_evidence_pending
2807920093,unchanged,stable_raw_parent_code_only,2807920093,2807920093,2007,2007,1267,1446,0.0,geometry_metrics_checked_parent_evidence_pending
2807920095,unchanged,stable_raw_parent_code_only,2807920095,2807920095,2008,2008,1236,1412,0.0,geometry_metrics_checked_parent_evidence_pending
Z-16b4295d27df,split,stable_raw_parent_code_only,2807920096,2807920096|2807920124,2008,2008,2566,2538,7.821159946479064e-09,geometry_metrics_checked_parent_evidence_pending
2807920097,unchanged,stable_raw_parent_code_only,2807920097,2807920097,2008,2008,1073,1122,0.0,geometry_metrics_checked_parent_evidence_pending
2807920098,unchanged,stable_raw_parent_code_only,2807920098,2807920098,2008,2008,1021,1001,0.0,geometry_metrics_checked_parent_evidence_pending
2807920099,unchanged,stable_raw_parent_code_only,2807920099,2807920099,2008,2008,1830,1764,7.771245418653034e-10,geometry_metrics_checked_parent_evidence_pending
2807920100,unchanged,stable_raw_parent_code_only,2807920100,2807920100,2001,2001,1469,1789,0.0,geometry_metrics_checked_parent_evidence_pending
2807920101,unchanged,stable_raw_parent_code_only,2807920101,2807920101,2007,2007,1434,1496,0.0,geometry_metrics_checked_parent_evidence_pending
2807920102,unchanged,stable_raw_parent_code_only,2807920102,2807920102,2005,2005,2016,1923,0.0,geometry_metrics_checked_parent_evidence_pending
2807920103,unchanged,stable_raw_parent_code_only,2807920103,2807920103,2005,2005,2403,2346,2.0082423332498962e-08,geometry_metrics_checked_parent_evidence_pending
2807920104,unchanged,stable_raw_parent_code_only,2807920104,2807920104,2005,2005,2459,2434,1.875502524876359e-09,geometry_metrics_checked_parent_evidence_pending
2807920105,unchanged,stable_raw_parent_code_only,2807920105,2807920105,2008,2008,1996,1940,0.0,geometry_metrics_checked_parent_evidence_pending
Z-86c6b0273e96,materially_redrawn,stable_raw_parent_code_only,2807920106|2807920115,2807920106|2807920115|2807920128,2005,2005,4635,4860,1.2362515867998729e-08,geometry_metrics_checked_parent_evidence_pending
2807920107,unchanged,stable_raw_parent_code_only,2807920107,2807920107,2005,2005,2134,2075,0.0,geometry_metrics_checked_parent_evidence_pending
2807920108,unchanged,stable_raw_parent_code_only,2807920108,2807920108,2008,2008,1729,1762,2.200289586675587e-09,geometry_metrics_checked_parent_evidence_pending
2807920109,unchanged,stable_raw_parent_code_only,2807920109,2807920109,2004,2004,1977,1878,0.0,geometry_metrics_checked_parent_evidence_pending
2807920110,unchanged,stable_raw_parent_code_only,2807920110,2807920110,2005,2005,2161,1997,0.0,geometry_metrics_checked_parent_evidence_pending
2807920111,unchanged,stable_raw_parent_code_only,2807920111,2807920111,2004,2004,1945,1928,2.9636732216506515e-08,geometry_metrics_checked_parent_evidence_pending
Z-3f6621599186,split,stable_raw_parent_code_only,2807920112,2807920112|2807920127,2004,2004,2054,3599,1.130654880681702e-08,geometry_metrics_checked_parent_evidence_pending
2807920113,unchanged,stable_raw_parent_code_only,2807920113,2807920113,2005,2005,2223,2213,0.0,geometry_metrics_checked_parent_evidence_pending
2807920114,unchanged,stable_raw_parent_code_only,2807920114,2807920114,2005,2005,1857,1918,0.0,geometry_metrics_checked_parent_evidence_pending
2807920116,unchanged,stable_raw_parent_code_only,2807920116,2807920116,2006,2006,1797,2043,0.0,geometry_metrics_checked_parent_evidence_pending
2807920117,unchanged,stable_raw_parent_code_only,2807920117,2807920117,2005,2005,1737,1681,0.0,geometry_metrics_checked_parent_evidence_pending
2807920118,unchanged,stable_raw_parent_code_only,2807920118,2807920118,2001,2001,1846,2011,0.0,geometry_metrics_checked_parent_evidence_pending
Z-b9c5d7186831,split,stable_raw_parent_code_only,2807920119,2807920119|2807920125,2001,2001,2624,3599,2.6180841989019606e-09,geometry_metrics_checked_parent_evidence_pending
Z-b77b85a714f0,split,stable_raw_parent_code_only,2807920120,2807920120|2807920126,2006,2006,3111,4990,1.0950064981934115e-09,geometry_metrics_checked_parent_evidence_pending
Z-51da16c330d6,split,stable_raw_parent_code_only,2807920121,2807920121|2807920129,2006,2006,2854,3579,2.769410678024709e-09,geometry_metrics_checked_parent_evidence_pending
2807920122,unchanged,stable_raw_parent_code_only,2807920122,2807920122,2001,2001,1504,1846,2.1256583545038493e-08,geometry_metrics_checked_parent_evidence_pending
2807921001,unchanged,stable_raw_parent_code_only,2807921001,2807921001,2101,2101,1581,1609,0.0,geometry_metrics_checked_parent_evidence_pending
2807921002,unchanged,stable_raw_parent_code_only,2807921002,2807921002,2101,2101,1503,1451,0.0,geometry_metrics_checked_parent_evidence_pending
2807921003,unchanged,stable_raw_parent_code_only,2807921003,2807921003,2101,2101,1254,1208,0.0,geometry_metrics_checked_parent_evidence_pending
2807921004,unchanged,stable_raw_parent_code_only,2807921004,2807921004,2101,2101,1193,1149,0.0,geometry_metrics_checked_parent_evidence_pending
2807921005,unchanged,stable_raw_parent_code_only,2807921005,2807921005,2101,2101,1903,2479,0.0,geometry_metrics_checked_parent_evidence_pending
2807921006,unchanged,stable_raw_parent_code_only,2807921006,2807921006,2101,2101,1309,1298,0.0,geometry_metrics_checked_parent_evidence_pending
2807921007,unchanged,stable_raw_parent_code_only,2807921007,2807921007,2101,2101,2016,1958,0.0,geometry_metrics_checked_parent_evidence_pending
2807921008,unchanged,stable_raw_parent_code_only,2807921008,2807921008,2101,2101,684,669,0.0,geometry_metrics_checked_parent_evidence_pending
2807921009,unchanged,stable_raw_parent_code_only,2807921009,2807921009,2101,2101,658,659,0.0,geometry_metrics_checked_parent_evidence_pending
2807921010,unchanged,stable_raw_parent_code_only,2807921010,2807921010,2101,2101,1312,1298,0.0,geometry_metrics_checked_parent_evidence_pending
2807921011,unchanged,stable_raw_parent_code_only,2807921011,2807921011,2101,2101,1709,1761,0.0,geometry_metrics_checked_parent_evidence_pending
2807921012,unchanged,stable_raw_parent_code_only,2807921012,2807921012,2101,2101,950,926,0.0,geometry_metrics_checked_parent_evidence_pending
2807921013,unchanged,stable_raw_parent_code_only,2807921013,2807921013,2101,2101,1359,1269,0.0,geometry_metrics_checked_parent_evidence_pending
2807921014,unchanged,stable_raw_parent_code_only,2807921014,2807921014,2101,2101,2054,2368,0.0,geometry_metrics_checked_parent_evidence_pending
2807921017,unchanged,stable_raw_parent_code_only,2807921017,2807921017,2103,2103,1483,1503,0.0,geometry_metrics_checked_parent_evidence_pending
2807921018,unchanged,stable_raw_parent_code_only,2807921018,2807921018,2103,2103,1483,1607,0.0,geometry_metrics_checked_parent_evidence_pending
2807921020,unchanged,stable_raw_parent_code_only,2807921020,2807921020,2103,2103,1777,1948,2.0085727722278513e-09,geometry_metrics_checked_parent_evidence_pending
2807921021,unchanged,stable_raw_parent_code_only,2807921021,2807921021,2103,2103,1209,1334,0.0,geometry_metrics_checked_parent_evidence_pending
2807921022,unchanged,stable_raw_parent_code_only,2807921022,2807921022,2104,2104,1680,1754,0.0,geometry_metrics_checked_parent_evidence_pending
2807921023,unchanged,stable_raw_parent_code_only,2807921023,2807921023,2104,2104,1110,1146,0.0,geometry_metrics_checked_parent_evidence_pending
2807921025,unchanged,stable_raw_parent_code_only,2807921025,2807921025,2105,2105,1393,1563,0.0,geometry_metrics_checked_parent_evidence_pending
2807921026,unchanged,stable_raw_parent_code_only,2807921026,2807921026,2104,2104,1607,1649,0.0,geometry_metrics_checked_parent_evidence_pending
2807921027,unchanged,stable_raw_parent_code_only,2807921027,2807921027,2105,2105,2623,2636,0.0,geometry_metrics_checked_parent_evidence_pending
2807921028,unchanged,stable_raw_parent_code_only,2807921028,2807921028,2104,2104,1330,1999,8.946961193580817e-09,geometry_metrics_checked_parent_evidence_pending
2807921030,unchanged,stable_raw_parent_code_only,2807921030,2807921030,2104,2104,1569,1595,0.0,geometry_metrics_checked_parent_evidence_pending
2807921032,unchanged,stable_raw_parent_code_only,2807921032,2807921032,2105,2105,1595,1898,0.0,geometry_metrics_checked_parent_evidence_pending
