id,name,level,parent_id,boundary_status,baseline,expected,actual,residual,residual_per_1000,rate_suppressed
B-1107,Abrantes · ámbito común,barrio,D-11,exact_harmonisation,28738.0,26232.297347552743,31630.0,5397.702652447257,205.76553326355221,False
B-0202,Acacias · ámbito común,barrio,D-02,exact_harmonisation,36092.0,32947.012881572904,34508.0,1560.987118427096,47.37871454501868,False
B-0302,Adelfas · ámbito común,barrio,D-03,exact_harmonisation,17236.0,15795.374125132043,17803.0,2007.6258748679575,127.10214135881854,False
B-2101,Alameda De Osuna · ámbito común,barrio,D-16+21,exact_harmonisation,19340.0,17868.614928422972,18587.0,718.3850715770277,40.203735681511496,False
B-0704,Almagro · ámbito común,barrio,D-07,exact_harmonisation,19164.0,17198.183129721212,18817.0,1618.816870278788,94.12720274394646,False
B-0604,Almenara · ámbito común,barrio,D-06,exact_harmonisation,21324.0,19058.731308420418,22986.0,3927.268691579582,206.0613913920104,False
B-1204,Almendrales · ámbito común,barrio,D-12,exact_harmonisation,20108.0,18334.582690968266,23064.0,4729.4173090317345,257.95063835085136,False
B-1004,Aluche · ámbito común,barrio,D-10,exact_harmonisation,65585.0,58011.4019834735,65619.0,7607.598016526499,131.1397028241755,False
B-2003,Amposta · ámbito común,barrio,D-20,exact_harmonisation,7996.0,7031.817992138551,9607.0,2575.182007861449,366.21852424799073,False
B-1705,Angeles · ámbito común,barrio,D-17,exact_harmonisation,30112.0,26484.30276602365,35036.0,8551.697233976349,322.8968234326034,False
B-1605,Apostol Santiago · ámbito común,barrio,D-16+21,exact_harmonisation,15080.0,13624.00154902555,15029.0,1404.99845097445,103.12670957343967,False
B-0702,Arapiles · ámbito común,barrio,D-07,exact_harmonisation,23770.0,21299.45059450769,23898.0,2598.549405492311,122.00077152048124,False
B-0907,Aravaca · ámbito común,barrio,D-09,exact_harmonisation,25358.0,23855.89868590127,25879.0,2023.1013140987307,84.80507654462728,False
B-2004,Arcos · ámbito común,barrio,D-20,exact_harmonisation,23108.0,21018.716740923257,24750.0,3731.283259076743,177.52193461991746,False
B-0902,Arguelles · ámbito común,barrio,D-09,exact_harmonisation,23413.0,20885.078181142584,23960.0,3074.921818857416,147.2305629975474,False
B-1508,Atalaya · ámbito común,barrio,D-15,exact_harmonisation,1583.0,1447.1415595604508,1552.0,104.85844043954921,72.4590070313498,False
B-0207,Atocha · ámbito común,barrio,D-02,exact_harmonisation,1085.0,1036.5522086009387,2000.0,963.4477913990613,929.4734827678885,False
B-0601,Bellas Vistas · ámbito común,barrio,D-06,exact_harmonisation,27660.0,25305.063118441765,29129.0,3823.9368815582347,151.1135089313978,False
B-0606,Berruguete · ámbito común,barrio,D-06,exact_harmonisation,23428.0,21494.355318190515,25640.0,4145.644681809485,192.8713199553864,False
B-1106,Buenavista · ámbito común,barrio,D-11,exact_harmonisation,43453.0,40695.08445086832,48511.0,7815.915549131678,192.0604332095177,False
B-1703,Butarque · ámbito común,barrio,D-17,exact_harmonisation,16214.0,15581.457521671491,21035.0,5453.542478328509,350.00207591256736,False
B-1005,Campamento · ámbito común,barrio,D-10,exact_harmonisation,18715.0,16772.635969978364,19645.0,2872.3640300216357,171.25298821025692,False
B-1603,Canillas · ámbito común,barrio,D-16+21,exact_harmonisation,40150.0,36093.19124661316,38262.0,2168.8087533868384,60.08913810275367,False
B-2007,Canillejas · ámbito común,barrio,D-20,exact_harmonisation,28453.0,25702.05314107141,28696.0,2993.94685892859,116.48668075253168,False
B-0901,Casa De Campo · ámbito común,barrio,D-09,exact_harmonisation,12398.0,10936.085184066686,12605.0,1668.9148159333145,152.60623777554673,False
B-1801+1803,Casco H.Vallecas + Ensanche De Vallecas · ámbito común,barrio,D-18,exact_harmonisation,74840.0,71168.96473126729,91508.0,20339.03526873271,285.78517820980727,False
B-1901+1902+1903+1904,Casco H.Vicalvaro + Valdebernardo + Valderrivas + El Cañaveral · ámbito común,barrio,D-19,exact_harmonisation,69100.0,64551.13172587444,86749.0,22197.86827412556,343.8803887806641,False
B-0406,Castellana · ámbito común,barrio,D-04,exact_harmonisation,16418.0,14834.7419069881,16748.0,1913.2580930119002,128.97144453255603,False
B-0506,Castilla · ámbito común,barrio,D-05,exact_harmonisation,16132.0,14513.547704600129,16310.0,1796.4522953998712,123.77761330060453,False
B-0603,Castillejos · ámbito común,barrio,D-06,exact_harmonisation,19380.0,17250.935851588467,20278.0,3027.064148411533,175.47245983949333,False
B-0203,Chopera · ámbito común,barrio,D-02,exact_harmonisation,19561.0,17515.036396002008,19247.0,1731.9636039979923,98.88438509858486,False
B-0503,Ciudad Jardin · ámbito común,barrio,D-05,exact_harmonisation,17778.0,15995.026025678442,17781.0,1785.9739743215578,111.65808492304745,False
B-0903,Ciudad Universitaria · ámbito común,barrio,D-09,exact_harmonisation,15492.0,13926.071594147466,15921.0,1994.9284058525336,143.25133921406214,False
B-1507,Colina · ámbito común,barrio,D-15,exact_harmonisation,5928.0,5368.538258889411,6422.0,1053.4617411105892,196.22878525010617,False
B-1101,Comillas · ámbito común,barrio,D-11,exact_harmonisation,21898.0,19492.54575974669,22199.0,2706.4542402533116,138.84560147306703,False
B-0103,Cortes · ámbito común,barrio,D-01,exact_harmonisation,10390.0,9573.82905635788,10742.0,1168.1709436421206,122.01710901307042,False
B-1509,Costillares · ámbito común,barrio,D-15,exact_harmonisation,21960.0,20210.096214572535,20854.0,643.9037854274648,31.860500741365914,False
B-0602,Cuatro Caminos · ámbito común,barrio,D-06,exact_harmonisation,32812.0,29498.203369859744,33827.0,4328.796630140256,146.74780615836667,False
B-1006,Cuatro Vientos · ámbito común,barrio,D-10,exact_harmonisation,4790.0,4621.716113199517,6074.0,1452.2838868004828,314.2304397824853,False
B-0205,Delicias · ámbito común,barrio,D-02,exact_harmonisation,26291.0,24297.577888921474,27609.0,3311.4221110785256,136.28609922425125,False
B-0808,El Goloso · ámbito común,barrio,D-08,exact_harmonisation,15900.0,15204.133561423623,17192.0,1987.8664385763768,130.7451312858794,False
B-0801,El Pardo · ámbito común,barrio,D-08,exact_harmonisation,3369.0,2925.500938654126,3258.0,332.499061345874,113.65542801665956,False
B-0804,El Pilar · ámbito común,barrio,D-08,exact_harmonisation,45226.0,39968.87132492916,44335.0,4366.128675070839,109.23822790931855,False
B-0906,El Plantio · ámbito común,barrio,D-09,exact_harmonisation,2437.0,2261.648654357837,2862.0,600.3513456421629,265.44854546057866,False
B-2008,El Salvador · ámbito común,barrio,D-20,exact_harmonisation,11337.0,10350.585928552506,10837.0,486.4140714474943,46.99386825104283,False
B-0501,El Viso · ámbito común,barrio,D-05,exact_harmonisation,16493.0,14950.864457651318,16107.0,1156.135542348682,77.32900967856833,False
B-0102,Embajadores · ámbito común,barrio,D-01,exact_harmonisation,43847.0,40640.29106833021,47322.0,6681.708931669789,164.41095169410954,False
B-1301,Entrevias · ámbito común,barrio,D-13,exact_harmonisation,33185.0,29814.803932100738,34914.0,5099.196067899262,171.02899886620096,False
B-0303,Estrella · ámbito común,barrio,D-03,exact_harmonisation,22930.0,20299.204001435744,21369.0,1069.7959985642556,52.70137678741442,False
B-1405,Fontarron · ámbito común,barrio,D-14,exact_harmonisation,16525.0,14352.61950268506,17160.0,2807.38049731494,195.60056593082123,False
B-0403,Fuente Del Berro · ámbito común,barrio,D-04,exact_harmonisation,20393.0,18259.92549553222,20344.0,2084.0745044677788,114.13379013937944,False
B-0802,Fuentelarreina · ámbito común,barrio,D-08,exact_harmonisation,3179.0,2846.5210067787793,3176.0,329.47899322122066,115.74795774792837,False
B-0701,Gaztambide · ámbito común,barrio,D-07,exact_harmonisation,22143.0,19694.89334520897,22701.0,3006.1066547910305,152.63381233401316,False
B-0402,Goya · ámbito común,barrio,D-04,exact_harmonisation,28397.0,25529.36257002092,28798.0,3268.6374299790805,128.03443176514853,False
B-0404,Guindalera · ámbito común,barrio,D-04,exact_harmonisation,39682.0,35163.9862447927,40732.0,5568.013755207299,158.34421377729453,False
B-2002,Hellin · ámbito común,barrio,D-20,exact_harmonisation,8599.0,7292.406740849307,9494.0,2201.5932591506926,301.902147999809,False
B-0504,Hispanoamerica · ámbito común,barrio,D-05,exact_harmonisation,30247.0,27007.23170773428,29594.0,2586.7682922657186,95.78057907819279,False
B-1402,Horcajo · ámbito común,barrio,D-14,exact_harmonisation,6414.0,6162.348204367151,6093.0,-69.34820436715108,-11.253535513946646,False
B-0304,Ibiza · ámbito común,barrio,D-03,exact_harmonisation,20906.0,18640.7571969602,20557.0,1916.2428030398005,102.79854958640239,False
B-0201,Imperial · ámbito común,barrio,D-02,exact_harmonisation,22322.0,20289.31201963112,22219.0,1929.687980368879,95.10859601852397,False
B-0104,Justicia · ámbito común,barrio,D-01,exact_harmonisation,16005.0,14751.342979557126,18224.0,3472.6570204428735,235.41294004589213,False
B-1504,La Concepcion · ámbito común,barrio,D-15,exact_harmonisation,19983.0,17639.7590470232,21330.0,3690.240952976801,209.2001904980413,False
B-0805,La Paz · ámbito común,barrio,D-08,exact_harmonisation,33964.0,30666.742120524097,30233.0,-433.7421205240971,-14.143729999731853,False
B-1007,Las Aguilas · ámbito común,barrio,D-10,exact_harmonisation,50824.0,45138.48861704612,49724.0,4585.511382953882,101.58761454902165,False
B-0204,Legazpi · ámbito común,barrio,D-02,exact_harmonisation,17817.0,17099.021957952842,18371.0,1271.978042047158,74.3889355294707,False
B-0405,Lista · ámbito común,barrio,D-04,exact_harmonisation,19951.0,17885.367446021777,20444.0,2558.632553978223,143.05730993227857,False
B-1001,Los Carmenes · ámbito común,barrio,D-10,exact_harmonisation,16757.0,15298.94252379939,17466.0,2167.057476200611,141.64753366642734,False
B-0305,Los Jeronimos · ámbito común,barrio,D-03,exact_harmonisation,6896.0,6075.147607259759,6496.0,420.85239274024116,69.27443083643358,False
B-1704,Los Rosales · ámbito común,barrio,D-17,exact_harmonisation,36084.0,33420.636078512835,37480.0,4059.3639214871655,121.46279657726373,False
B-1003,Lucero · ámbito común,barrio,D-10,exact_harmonisation,34881.0,31074.672214022015,36354.0,5279.327785977985,169.8916644918224,False
B-1403,Marroquina · ámbito común,barrio,D-14,exact_harmonisation,27518.0,24566.38559997887,25178.0,611.6144000211316,24.89639338811232,False
B-1404,Media Legua · ámbito común,barrio,D-14,exact_harmonisation,17861.0,15853.938886423774,16674.0,820.0611135762265,51.72601707695938,False
B-0807,Mirasierra · ámbito común,barrio,D-08,exact_harmonisation,28776.0,27096.522883135138,32700.0,5603.477116864862,206.79690678513083,False
B-1205,Moscardo · ámbito común,barrio,D-12,exact_harmonisation,24525.0,22162.584472419538,27218.0,5055.415527580462,228.10586616699544,False
B-0306,Niño Jesus · ámbito común,barrio,D-03,exact_harmonisation,14988.0,13412.081506372657,14143.0,730.9184936273432,54.497021456367705,False
B-0505,Nueva España · ámbito común,barrio,D-05,exact_harmonisation,23028.0,20886.638901337137,22934.0,2047.3610986628628,98.02252570813552,False
B-1306,Numancia · ámbito común,barrio,D-13,exact_harmonisation,45309.0,41287.87471598192,48671.0,7383.125284018082,178.82066671647272,False
B-1102,Opañel · ámbito común,barrio,D-11,exact_harmonisation,31069.0,27956.670858375906,34076.0,6119.329141624094,218.8861890109753,False
B-1201,Orcasitas · ámbito común,barrio,D-12,exact_harmonisation,22035.0,19879.15644847843,22089.0,2209.8435515215715,111.16384929355064,False
B-1202,Orcasur · ámbito común,barrio,D-12,exact_harmonisation,13140.0,12186.195994871785,13958.0,1771.804005128215,145.3943466750271,False
B-0301,Pacifico · ámbito común,barrio,D-03,exact_harmonisation,33188.0,29722.48768146925,32199.0,2476.5123185307493,83.32116561275431,False
B-0101,Palacio · ámbito común,barrio,D-01,exact_harmonisation,21893.0,20004.48132529843,23157.0,3152.5186747015687,157.59062299279776,False
B-1601,Palomas · ámbito común,barrio,D-16+21,exact_harmonisation,6604.0,6247.580978276218,6543.0,295.41902172378195,47.285344960073104,False
B-1303,Palomeras Bajas · ámbito común,barrio,D-13,exact_harmonisation,38993.0,35865.452976570166,39994.0,4128.547023429834,115.11208365685192,False
B-1304,Palomeras Sureste · ámbito común,barrio,D-13,exact_harmonisation,41505.0,37827.663649424896,42171.0,4343.336350575104,114.81904858909088,False
B-0206,Palos De La Frontera · ámbito común,barrio,D-02,exact_harmonisation,25201.0,22860.67917830777,24857.0,1996.3208216922285,87.32552546323794,False
B-1401,Pavones · ámbito común,barrio,D-14,exact_harmonisation,8960.0,8069.259856303017,8881.0,811.7401436969831,100.5966046641714,False
B-0803,Peña Grande · ámbito común,barrio,D-08,exact_harmonisation,43787.0,39744.36965053906,42178.0,2433.6303494609383,61.23207817507632,False
B-1604,Pinar Del Rey · ámbito común,barrio,D-16+21,exact_harmonisation,51867.0,46362.132810527946,50853.0,4490.867189472054,96.86498263195227,False
B-1602,Piovera · ámbito común,barrio,D-16+21,exact_harmonisation,14178.0,13377.193114731517,14314.0,936.8068852684828,70.03015335383269,False
B-1305,Portazgo · ámbito común,barrio,D-13,exact_harmonisation,27199.0,24443.456034569746,28290.0,3846.5439654302536,157.3649798126004,False
B-1207,Pradolongo · ámbito común,barrio,D-12,exact_harmonisation,16295.0,14863.847884172672,18785.0,3921.152115827328,263.8046450948042,False
B-0502,Prosperidad · ámbito común,barrio,D-05,exact_harmonisation,35536.0,32030.38791251027,34966.0,2935.6120874897315,91.65084405184975,False
B-1502,Pueblo Nuevo · ámbito común,barrio,D-15,exact_harmonisation,59575.0,53604.8336494529,63035.0,9430.1663505471,175.92007489875584,False
B-1105,Puerta Bonita · ámbito común,barrio,D-11,exact_harmonisation,32103.0,29133.614659946626,36900.0,7766.3853400533735,266.57815827881905,False
B-1002,Puerta Del Angel · ámbito común,barrio,D-10,exact_harmonisation,40313.0,36121.12049485425,43542.0,7420.879505145749,205.44433294097047,False
B-1503,Quintana · ámbito común,barrio,D-15,exact_harmonisation,23573.0,20943.333669350803,25724.0,4780.666330649197,228.26673184534081,False
B-0401,Recoletos · ámbito común,barrio,D-04,exact_harmonisation,15028.0,13622.44016603612,14712.0,1089.55983396388,79.98272120735048,False
B-2006,Rejas · ámbito común,barrio,D-20,exact_harmonisation,14772.0,13832.614301579879,17057.0,3224.385698420121,233.10023890797353,False
B-0705,Rios Rosas · ámbito común,barrio,D-07,exact_harmonisation,26350.0,23697.944737866575,26537.0,2839.0552621334245,119.80175046981786,False
B-2005,Rosas · ámbito común,barrio,D-20,exact_harmonisation,31284.0,29561.593294807288,29186.0,-375.59329480728775,-12.70544828425278,False
B-1702,San Cristobal · ámbito común,barrio,D-17,exact_harmonisation,14923.0,13659.156903660549,17775.0,4115.843096339451,301.32482739373444,False
B-1302,San Diego · ámbito común,barrio,D-13,exact_harmonisation,38189.0,35133.428564511014,46927.0,11793.571435488986,335.67949150860585,False
B-1203,San Fermin · ámbito común,barrio,D-12,exact_harmonisation,22359.0,20843.944230400873,23156.0,2312.0557695991265,110.92218171582878,False
B-1103,San Isidro · ámbito común,barrio,D-11,exact_harmonisation,37310.0,33840.92478338347,40269.0,6428.075216616533,189.94975042091164,False
B-1506,San Juan Bautista · ámbito común,barrio,D-15,exact_harmonisation,12188.0,11096.248410804863,12311.0,1214.751589195137,109.47408026773127,False
B-1505,San Pascual · ámbito común,barrio,D-15,exact_harmonisation,17888.0,16021.733720001048,18127.0,2105.266279998952,131.40065343682508,False
B-1802,Santa Eugenia · ámbito común,barrio,D-18,exact_harmonisation,24313.0,22477.28437750839,22677.0,199.7156224916107,8.885220257810753,False
B-2001,Simancas · ámbito común,barrio,D-20,exact_harmonisation,25762.0,23437.446362584862,28802.0,5364.553637415138,228.88814568036813,False
B-0106,Sol · ámbito común,barrio,D-01,exact_harmonisation,7291.0,6740.900150329492,8296.0,1555.0998496705079,230.69617039120442,False
B-0703,Trafalgar · ámbito común,barrio,D-07,exact_harmonisation,23883.0,21615.786619620594,24164.0,2548.213380379406,117.88668278518253,False
B-0105,Universidad · ámbito común,barrio,D-01,exact_harmonisation,30355.0,27973.809488613784,33041.0,5067.190511386216,181.14052408374056,False
B-0605,Valdeacederas · ámbito común,barrio,D-06,exact_harmonisation,24425.0,22579.078215129066,26789.0,4209.921784870934,186.45233187819352,False
B-1606+2102+2103+2104+2105,Valdefuentes + Aeropuerto + Casco H.Barajas + Timon + Corralejos · ámbito común,barrio,D-16+21,exact_harmonisation,71350.0,68226.76043469517,92969.0,24742.23956530483,362.64714032534846,False
B-0905,Valdemarin · ámbito común,barrio,D-09,exact_harmonisation,6212.0,5937.1015444741915,6691.0,753.8984555258085,126.98089292871883,False
B-0904,Valdezarza · ámbito común,barrio,D-09,exact_harmonisation,29183.0,26149.567030606275,29576.0,3426.432969393725,131.03211098613298,False
B-0706,Vallehermoso · ámbito común,barrio,D-07,exact_harmonisation,19343.0,17064.149688308004,19205.0,2140.8503116919965,125.45895053644907,False
B-0806,Valverde · ámbito común,barrio,D-08,exact_harmonisation,56734.0,53185.32236222066,61034.0,7848.677637779343,147.57224905633976,False
B-1501,Ventas · ámbito común,barrio,D-15,exact_harmonisation,46692.0,41315.40221589658,50107.0,8791.597784103418,212.7922593652192,False
B-1701,Villaverde Alto C.H. · ámbito común,barrio,D-17,exact_harmonisation,42604.0,39014.619588170295,47706.0,8691.380411829705,222.7723992588931,False
B-1406,Vinateros · ámbito común,barrio,D-14,exact_harmonisation,16705.0,14389.118274424554,16420.0,2030.8817255754457,141.14010927168255,False
B-1104,Vista Alegre · ámbito común,barrio,D-11,exact_harmonisation,43388.0,38936.18484760852,47850.0,8913.815152391478,228.93396431312064,False
B-1206,Zofio · ámbito común,barrio,D-12,exact_harmonisation,13113.0,11926.03067957663,14536.0,2609.96932042337,218.8464368864111,False
MAD-MAPPED,Madrid · secciones cartografiadas,city,,exact_harmonisation,3109689.0,2827020.9725018987,3275653.0,448632.02749810135,158.69426928979036,False
D-02,Arganzuela · ámbito común,district,MAD-MAPPED,exact_harmonisation,148369.0,136045.19253098906,148811.0,12765.807469010935,93.83505018821648,False
D-11,Carabanchel · ámbito común,district,MAD-MAPPED,exact_harmonisation,237959.0,216287.3227074823,261435.0,45147.67729251771,208.73935988184414,False
D-01,Centro · ámbito común,district,MAD-MAPPED,exact_harmonisation,129781.0,119684.65406848693,140782.0,21097.345931513075,176.27444467058058,False
D-05,Chamartin · ámbito común,district,MAD-MAPPED,exact_harmonisation,139214.0,125383.69670951157,137692.0,12308.303290488431,98.16510131300609,False
D-07,Chamberi · ámbito común,district,MAD-MAPPED,exact_harmonisation,134653.0,120570.40811523305,135322.0,14751.591884766953,122.34836155376017,False
D-15,Ciudad Lineal · ámbito común,district,MAD-MAPPED,exact_harmonisation,209370.0,187647.0867455518,219462.0,31814.913254448213,169.5465344345528,False
D-08,Fuencarral-El Pardo · ámbito común,district,MAD-MAPPED,exact_harmonisation,230935.0,211637.98384820466,234106.0,22468.01615179534,106.16249381732113,False
D-16+21,Hortaleza + Barajas · ámbito común,district,MAD-MAPPED,exact_harmonisation,218569.0,201799.47506229253,236557.0,34757.524937707465,172.23793534139932,False
D-10,Latina · ámbito común,district,MAD-MAPPED,exact_harmonisation,231865.0,207038.97791637314,238424.0,31385.022083626856,151.58991992466193,False
D-09,Moncloa-Aravaca · ámbito común,district,MAD-MAPPED,exact_harmonisation,114493.0,103951.45087469631,117494.0,13542.549125303689,130.27763452410065,False
D-14,Moratalaz · ámbito común,district,MAD-MAPPED,exact_harmonisation,93983.0,83393.67032418241,90406.0,7012.329675817586,84.08707337808775,False
D-13,Puente De Vallecas · ámbito común,district,MAD-MAPPED,exact_harmonisation,224380.0,204372.6798731585,240967.0,36594.320126841514,179.05681008612967,False
D-03,Retiro · ámbito común,district,MAD-MAPPED,exact_harmonisation,116144.0,103945.05211862965,112567.0,8621.947881370346,82.94716973666388,False
D-04,Salamanca · ámbito común,district,MAD-MAPPED,exact_harmonisation,139869.0,125295.82382939184,141778.0,16482.17617060816,131.54609361163543,False
D-20,San Blas-Canillejas · ámbito común,district,MAD-MAPPED,exact_harmonisation,151311.0,138227.23450250705,158429.0,20201.765497492946,146.14895226835014,False
D-06,Tetuan · ámbito común,district,MAD-MAPPED,exact_harmonisation,149029.0,135186.36718162996,158649.0,23462.63281837004,173.55768416238868,False
D-12,Usera · ámbito común,district,MAD-MAPPED,exact_harmonisation,131575.0,120196.3424008882,142806.0,22609.6575991118,188.10603673531352,False
D-19,Vicalvaro · ámbito común,district,MAD-MAPPED,exact_harmonisation,69100.0,64551.13172587444,86749.0,22197.86827412556,343.8803887806641,False
D-18,Villa De Vallecas · ámbito común,district,MAD-MAPPED,exact_harmonisation,99153.0,93646.2491087757,114185.0,20538.750891224307,219.32272874450447,False
D-17,Villaverde · ámbito común,district,MAD-MAPPED,exact_harmonisation,139937.0,128160.17285803882,159032.0,30871.827141961185,240.88471834504674,False
2807901001,Zona 2807901001,section,B-0101,unchanged,1096.0,988.2719530950689,1192.0,203.72804690493115,206.1457337394792,False
2807901002,Zona 2807901002,section,B-0101,unchanged,875.0,816.816809458431,895.0,78.18319054156905,95.7169216355946,False
2807901006,Zona 2807901006,section,B-0101,unchanged,1637.0,1499.7641085737032,1719.0,219.2358914262968,146.18024939588213,False
2807901007,Zona 2807901007,section,B-0101,unchanged,767.0,695.2580712037068,835.0,139.74192879629322,200.99288966808643,False
2807901008,Zona 2807901008,section,B-0101,unchanged,773.0,710.9452038182083,760.0,49.054796181791744,68.99940518388428,False
2807901009,Zona 2807901009,section,B-0101,unchanged,1229.0,1114.1301666417046,1374.0,259.8698333582954,233.24907729732757,False
2807901011,Zona 2807901011,section,B-0101,unchanged,1034.0,942.2915076876811,1091.0,148.70849231231887,157.8158044501954,False
2807901012,Zona 2807901012,section,B-0101,unchanged,820.0,754.1343590058248,763.0,8.865640994175237,11.756049685712252,False
2807901013,Zona 2807901013,section,B-0101,unchanged,1098.0,1018.3271181149745,1209.0,190.6728818850255,187.24128867154212,False
2807901014,Zona 2807901014,section,B-0101,unchanged,1323.0,1217.5916506229978,1336.0,118.4083493770022,97.24799715603905,False
2807901015,Zona 2807901015,section,B-0101,unchanged,1586.0,1439.9566309407605,1553.0,113.04336905923947,78.50470398222018,False
2807901016,Zona 2807901016,section,B-0101,unchanged,1011.0,933.7071336540321,1110.0,176.29286634596792,188.80959563418094,False
2807901018,Zona 2807901018,section,B-0101,unchanged,1698.0,1529.0129904189064,1687.0,157.98700958109362,103.32613952338602,False
2807901019,Zona 2807901019,section,B-0101,unchanged,1183.0,1079.5273170108824,1287.0,207.47268298911763,192.18845111172502,False
2807901020,Zona 2807901020,section,B-0101,unchanged,1155.0,1043.4528057342957,1263.0,219.54719426570432,210.40452721884742,False
2807901021,Zona 2807901021,section,B-0101,unchanged,1789.0,1630.9392627113252,1859.0,228.06073728867477,139.83398554618114,False
2807901022,Zona 2807901022,section,B-0102,unchanged,1169.0,1075.1463842992002,1266.0,190.85361570079976,177.51407481614848,False
2807901023,Zona 2807901023,section,B-0102,unchanged,1416.0,1316.2764469462008,1458.0,141.72355305379915,107.67005166931449,False
2807901024,Zona 2807901024,section,B-0102,unchanged,1221.0,1121.3086823677875,1213.0,91.69131763221253,81.77170040152951,False
2807901025,Zona 2807901025,section,B-0102,unchanged,888.0,819.0908292411833,1053.0,233.90917075881669,285.5717124503924,False
2807901026,Zona 2807901026,section,B-0102,unchanged,1350.0,1244.391884309107,1520.0,275.6081156908931,221.4801616485246,False
2807901027,Zona 2807901027,section,B-0102,unchanged,1121.0,1044.0983385457496,1229.0,184.90166145425042,177.09219010135274,False
2807901028,Zona 2807901028,section,B-0102,unchanged,1334.0,1244.8253916974918,1659.0,414.1746083025082,332.71703089035145,False
2807901029,Zona 2807901029,section,B-0102,unchanged,1284.0,1201.658716566635,1382.0,180.3412834333651,150.0769569155493,False
2807901030,Zona 2807901030,section,B-0102,unchanged,958.0,882.810080119533,1047.0,164.18991988046696,185.98555179414757,False
2807901031,Zona 2807901031,section,B-0102,unchanged,1119.0,1041.3006722342311,1183.0,141.69932776576889,136.07916670382684,False
2807901032,Zona 2807901032,section,B-0102,unchanged,1774.0,1658.8611984332217,2197.0,538.1388015667783,324.4025492157181,False
2807901033,Zona 2807901033,section,B-0102,unchanged,1190.0,1097.33025631304,1267.0,169.66974368695992,154.6204916075489,False
2807901034,Zona 2807901034,section,B-0102,unchanged,1566.0,1483.4381743958131,1658.0,174.56182560418688,117.67381251010603,False
2807901035,Zona 2807901035,section,B-0102,unchanged,1527.0,1415.5439413380248,1475.0,59.45605866197525,42.00226988769785,False
2807901036,Zona 2807901036,section,B-0102,unchanged,1110.0,1030.6468495446525,1176.0,145.35315045534753,141.03099477727568,False
2807901037,Zona 2807901037,section,B-0102,unchanged,1122.0,1041.615368318159,1010.0,-31.61536831815897,-30.352248324836673,False
2807901038,Zona 2807901038,section,B-0102,unchanged,1142.0,1063.7719358459378,1632.0,568.2280641540622,534.1634282748709,False
2807901039,Zona 2807901039,section,B-0102,unchanged,988.0,916.0860307085611,1040.0,123.91396929143889,135.26455500647214,False
2807901040,Zona 2807901040,section,B-0102,unchanged,787.0,733.5690090169658,850.0,116.43099098303423,158.7185248447995,False
2807901041,Zona 2807901041,section,B-0102,unchanged,1016.0,945.4919924230243,1025.0,79.50800757697573,84.09167736388707,False
2807901042,Zona 2807901042,section,B-0102,unchanged,1040.0,969.0323612539898,1057.0,87.96763874601015,90.77884523090066,False
2807901043,Zona 2807901043,section,B-0102,unchanged,1147.0,1076.9052760485058,1202.0,125.09472395149419,116.16130660117565,False
2807901045,Zona 2807901045,section,B-0102,unchanged,1262.0,1176.750361882608,1351.0,174.2496381173919,148.0769785688623,False
2807901046,Zona 2807901046,section,B-0102,unchanged,1466.0,1353.180190503657,1541.0,187.81980949634294,138.79881690141792,False
2807901047,Zona 2807901047,section,B-0102,unchanged,2127.0,2003.5341266251414,2286.0,282.4658733748586,140.9838093702247,False
2807901048,Zona 2807901048,section,B-0102,unchanged,1241.0,1165.122703051737,1258.0,92.87729694826294,79.71460577070117,False
2807901049,Zona 2807901049,section,B-0102,unchanged,1244.0,1149.5535109752439,1367.0,217.44648902475615,189.15734408942967,False
2807901050,Zona 2807901050,section,B-0102,unchanged,1386.0,1296.154753041323,1388.0,91.84524695867708,70.85978486995444,False
2807901051,Zona 2807901051,section,B-0102,unchanged,1354.0,1270.0510713540232,1571.0,300.9489286459768,236.95813139634615,False
2807901053,Zona 2807901053,section,B-0102,unchanged,1286.0,1188.9949920120303,1377.0,188.00500798796975,158.12094184671514,False
2807901054,Zona 2807901054,section,B-0102,unchanged,895.0,818.7201944296645,921.0,102.2798055703355,124.92644772440904,False
2807901055,Zona 2807901055,section,B-0102,unchanged,995.0,897.5636671505883,1034.0,136.43633284941166,152.00741500883535,False
2807901056,Zona 2807901056,section,B-0102,unchanged,827.0,746.1936798201477,923.0,176.80632017985226,236.9442746050425,False
2807901057,Zona 2807901057,section,B-0102,unchanged,1414.0,1239.6254939372284,1408.0,168.37450606277162,135.82691456916558,False
2807901058,Zona 2807901058,section,B-0102,unchanged,689.0,625.9032408404672,740.0,114.09675915953278,182.29136983908705,False
2807901059,Zona 2807901059,section,B-0102,unchanged,1392.0,1285.7432627393382,1558.0,272.2567372606618,211.7504677260417,False
2807901061,Zona 2807901061,section,B-0103,unchanged,753.0,692.1855372714789,837.0,144.8144627285211,209.2133610583142,False
2807901062,Zona 2807901062,section,B-0103,unchanged,972.0,880.4782328563608,952.0,71.52176714363918,81.23059091604719,False
2807901063,Zona 2807901063,section,B-0103,unchanged,738.0,669.2604558469172,758.0,88.73954415308276,132.59343709585696,False
2807901064,Zona 2807901064,section,B-0103,unchanged,730.0,667.4254220671622,774.0,106.57457793283777,159.68012965816172,False
2807901065,Zona 2807901065,section,B-0103,unchanged,774.0,718.8707518714268,800.0,81.12924812857318,112.8565154686993,False
2807901066,Zona 2807901066,section,B-0103,unchanged,1453.0,1346.2089237104367,1326.0,-20.208923710436693,-15.011729126513751,False
2807901067,Zona 2807901067,section,B-0103,unchanged,1062.0,984.1452650154898,1200.0,215.85473498451017,219.33218871008108,False
2807901068,Zona 2807901068,section,B-0103,unchanged,817.0,754.7651324649825,825.0,70.23486753501754,93.05526251012412,False
2807901069,Zona 2807901069,section,B-0103,unchanged,909.0,852.2009176412762,988.0,135.7990823587238,159.3510163478688,False
2807901071,Zona 2807901071,section,B-0103,unchanged,703.0,636.9096937747072,766.0,129.0903062252928,202.68227581876886,False
2807901072,Zona 2807901072,section,B-0103,unchanged,1479.0,1371.3787238376415,1516.0,144.62127616235853,105.45684692967451,False
2807901073,Zona 2807901073,section,B-0104,unchanged,1394.0,1275.864720412122,1710.0,434.1352795878779,340.2674849788512,False
2807901074,Zona 2807901074,section,B-0104,unchanged,1436.0,1350.3792462199945,1701.0,350.62075378000554,259.64613626984374,False
2807901075,Zona 2807901075,section,B-0104,unchanged,1312.0,1227.0969029896542,1471.0,243.90309701034585,198.76433264244187,False
2807901076,Zona 2807901076,section,B-0104,unchanged,1298.0,1205.7833481094544,1437.0,231.21665189054556,191.75638165269882,False
2807901077,Zona 2807901077,section,B-0104,unchanged,1173.0,1079.3566313778829,1267.0,187.64336862211712,173.8474227768219,False
2807901079,Zona 2807901079,section,B-0104,unchanged,1363.0,1252.6943044616812,1520.0,267.3056955383188,213.38461792814468,False
2807901081,Zona 2807901081,section,B-0104,unchanged,1536.0,1422.9147841730971,1580.0,157.08521582690287,110.39678382299631,False
2807901082,Zona 2807901082,section,B-0104,unchanged,1533.0,1428.5880895715384,1813.0,384.4119104284616,269.0851990399516,False
2807901084,Zona 2807901084,section,B-0104,unchanged,1348.0,1228.9332987091952,1538.0,309.06670129080476,251.49184387422136,False
2807901087,Zona 2807901087,section,B-0104,unchanged,1213.0,1129.8357670415921,1397.0,267.16423295840787,236.46289199886237,False
2807901088,Zona 2807901088,section,B-0104,unchanged,1019.0,937.1013992945881,1302.0,364.8986007054119,389.39073293465657,False
2807901089,Zona 2807901089,section,B-0104,unchanged,1380.0,1212.7944871963264,1488.0,275.2055128036736,226.91850573948358,False
2807901090,Zona 2807901090,section,B-0105,unchanged,770.0,702.4426822828678,878.0,175.55731771713215,249.92404668034777,False
2807901091,Zona 2807901091,section,B-0105,unchanged,1061.0,982.7800729716018,1039.0,56.21992702839816,57.20499283060115,False
2807901092,Zona 2807901092,section,B-0105,unchanged,701.0,638.7737930297965,782.0,143.22620697020352,224.22054338024876,False
2807901093,Zona 2807901093,section,B-0105,unchanged,1367.0,1260.7079825108558,1572.0,311.2920174891442,246.91841553122214,False
2807901094,Zona 2807901094,section,B-0105,unchanged,1357.0,1254.9200904495206,1571.0,316.07990955047944,251.87253910108137,False
2807901095,Zona 2807901095,section,B-0105,unchanged,1453.0,1368.6458677775033,1497.0,128.35413222249667,93.78184323964423,False
2807901096,Zona 2807901096,section,B-0105,unchanged,1065.0,990.4634007957275,1103.0,112.53659920427253,113.62014902707344,False
2807901097,Zona 2807901097,section,B-0105,unchanged,1402.0,1295.9008783560223,1432.0,136.0991216439777,105.02278678646536,False
2807901098,Zona 2807901098,section,B-0105,unchanged,1179.0,1101.4243945433188,1209.0,107.57560545668116,97.66953227986656,False
2807901099,Zona 2807901099,section,B-0105,unchanged,1169.0,1082.2269300041003,1347.0,264.77306999589973,244.65577657996053,False
2807901100,Zona 2807901100,section,B-0105,unchanged,1116.0,1045.6313023702858,1209.0,163.36869762971423,156.2392951123235,False
2807901101,Zona 2807901101,section,B-0105,unchanged,1188.0,1101.761846646814,1285.0,183.2381533531859,166.3137581963533,False
2807901102,Zona 2807901102,section,B-0105,unchanged,1155.0,1058.590171773925,1215.0,156.40982822607498,147.75295709006284,False
2807901103,Zona 2807901103,section,B-0105,unchanged,1212.0,1065.4703608170605,1381.0,315.5296391829395,296.1411699345388,False
2807901104,Zona 2807901104,section,B-0105,unchanged,1129.0,1037.3795575853374,1247.0,209.62044241466265,202.06725771865692,False
2807901105,Zona 2807901105,section,B-0105,unchanged,1076.0,979.1998855228302,1260.0,280.8001144771698,286.7648563165839,False
2807901106,Zona 2807901106,section,B-0105,unchanged,1065.0,949.774028255981,1138.0,188.22597174401903,198.17974185885907,False
2807901107,Zona 2807901107,section,B-0105,unchanged,1061.0,940.2399751302667,1172.0,231.76002486973334,246.49029077669653,False
2807901108,Zona 2807901108,section,B-0105,unchanged,1247.0,1141.300621547527,1390.0,248.69937845247296,217.90873829127798,False
2807901109,Zona 2807901109,section,B-0105,unchanged,881.0,811.769956780161,936.0,124.23004321983899,153.0360198504886,False
2807901110,Zona 2807901110,section,B-0105,unchanged,869.0,809.3008834790741,872.0,62.69911652092594,77.47318432594686,False
2807901111,Zona 2807901111,section,B-0105,unchanged,900.0,827.9247921844903,973.0,145.07520781550966,175.227519679326,False
2807901112,Zona 2807901112,section,B-0105,unchanged,970.0,901.8410118206872,1184.0,282.1589881793128,312.8699898108142,False
2807901113,Zona 2807901113,section,B-0105,unchanged,1121.0,1043.5684558060693,1123.0,79.43154419393068,76.11531735364352,False
2807901114,Zona 2807901114,section,B-0105,unchanged,1512.0,1406.4705463406533,1656.0,249.5294536593467,177.41534247451605,False
2807901115,Zona 2807901115,section,B-0105,unchanged,996.0,935.3582674007206,1057.0,121.64173259927941,130.04827865296068,False
2807901116,Zona 2807901116,section,B-0105,unchanged,1333.0,1239.9417324305866,1513.0,273.0582675694134,220.21862836582886,False
2807901118,Zona 2807901118,section,B-0106,unchanged,825.0,761.9579330672137,918.0,156.04206693278627,204.79092107440727,False
2807901119,Zona 2807901119,section,B-0106,unchanged,1079.0,1015.1434322880841,1285.0,269.8565677119159,265.8309743517448,False
2807901121,Zona 2807901121,section,B-0106,unchanged,1548.0,1417.0606018276853,1911.0,493.93939817231467,348.5661781403318,False
2807902001,Zona 2807902001,section,B-0201,unchanged,1084.0,991.668459048618,1113.0,121.33154095138195,122.35091259006502,False
2807902002,Zona 2807902002,section,B-0201,unchanged,1424.0,1287.5077648913814,1453.0,165.49223510861862,128.53688313295734,False
2807902003,Zona 2807902003,section,B-0201,unchanged,1151.0,1018.7389256259096,1132.0,113.26107437409041,111.17772328617286,False
2807902004,Zona 2807902004,section,B-0201,unchanged,973.0,854.4799668818606,950.0,95.5200331181394,111.78732892557782,False
2807902005,Zona 2807902005,section,B-0201,unchanged,750.0,659.7643495837211,746.0,86.23565041627887,130.70674471982207,False
2807902006,Zona 2807902006,section,B-0201,unchanged,2191.0,2006.498512324256,1986.0,-20.4985123242559,-10.216061561147711,False
2807902007,Zona 2807902007,section,B-0201,unchanged,727.0,626.8332177502972,687.0,60.166782249702806,95.98531243388987,False
2807902008,Zona 2807902008,section,B-0201,unchanged,1647.0,1502.2842584535713,1577.0,74.71574154642872,49.73475633921637,False
2807902009,Zona 2807902009,section,B-0201,unchanged,1989.0,1863.270703252644,1895.0,31.729296747356102,17.028817493865716,False
2807902010,Zona 2807902010,section,B-0201,unchanged,1008.0,871.3357492155916,1018.0,146.6642507844084,168.3211677202972,False
2807902011,Zona 2807902011,section,B-0201,unchanged,1190.0,1099.9402417382864,1443.0,343.05975826171357,311.8894511210539,False
2807902013,Zona 2807902013,section,B-0201,unchanged,1177.0,1039.730372549826,1077.0,37.269627450174085,35.84547343632404,False
2807902014,Zona 2807902014,section,B-0201,unchanged,1067.0,972.964318958555,1109.0,136.03568104144495,139.81569353648578,False
2807902015,Zona 2807902015,section,B-0202,unchanged,1592.0,1473.3611152145356,1488.0,14.63888478546437,9.935707298297205,False
2807902016,Zona 2807902016,section,B-0202,unchanged,1755.0,1574.3836623529583,1859.0,284.61633764704175,180.77952944562134,False
2807902017,Zona 2807902017,section,B-0202,unchanged,1817.0,1694.7007565794875,1673.0,-21.70075657948746,-12.805066909445035,False
2807902018,Zona 2807902018,section,B-0202,unchanged,2078.0,1842.1317363748012,1972.0,129.86826362519878,70.49890138735208,False
2807902019,Zona 2807902019,section,B-0202,unchanged,1509.0,1409.379248050899,1333.0,-76.37924805089892,-54.19353815272051,False
2807902020,Zona 2807902020,section,B-0202,unchanged,1079.0,983.8918187190878,1066.0,82.10818128091216,83.45244844886241,False
2807902021,Zona 2807902021,section,B-0202,unchanged,1118.0,1012.3956761776561,1063.0,50.60432382234387,49.98472930406291,False
2807902022,Zona 2807902022,section,B-0202,unchanged,988.0,906.2245615380108,1018.0,111.77543846198921,123.34187706443099,False
2807902023,Zona 2807902023,section,B-0202,unchanged,1202.0,1085.17272861687,1159.0,73.82727138312998,68.03273749537375,False
2807902024,Zona 2807902024,section,B-0202,unchanged,1657.0,1470.9970934166172,1624.0,153.0029065833828,104.01305839973483,False
2807902025,Zona 2807902025,section,B-0202,unchanged,770.0,705.7575074883198,786.0,80.24249251168021,113.69697333755704,False
2807902026,Zona 2807902026,section,B-0202,unchanged,1275.0,1140.3590722540732,1262.0,121.64092774592677,106.66897006877589,False
2807902027,Zona 2807902027,section,B-0202,unchanged,942.0,843.497925566593,903.0,59.50207443340696,70.54205188879193,False
2807902028,Zona 2807902028,section,B-0202,unchanged,829.0,756.5182885241483,953.0,196.48171147585174,259.7183894379574,False
2807902029,Zona 2807902029,section,B-0202,unchanged,696.0,637.2854435189004,756.0,118.71455648109963,186.2816069132118,False
2807902030,Zona 2807902030,section,B-0202,unchanged,1293.0,1139.18089595868,1219.0,79.81910404132009,70.06710200678722,False
2807902031,Zona 2807902031,section,B-0202,unchanged,1127.0,1042.2407850089646,1042.0,-0.24078500896462174,-0.23102627763943306,False
2807902032,Zona 2807902032,section,B-0203,unchanged,651.0,577.508699848035,594.0,16.491300151964992,28.55593371373365,False
2807902033,Zona 2807902033,section,B-0203,unchanged,1228.0,1112.7531981868399,1141.0,28.24680181316012,25.384606271351522,False
2807902034,Zona 2807902034,section,B-0203,unchanged,848.0,755.1052971093823,860.0,104.89470289061774,138.9140074797052,False
2807902035,Zona 2807902035,section,B-0203,unchanged,956.0,835.386353656456,933.0,97.61364634354402,116.84850478618978,False
2807902036,Zona 2807902036,section,B-0203,unchanged,940.0,827.1528754263662,882.0,54.84712457363378,66.30832848808286,False
2807902037,Zona 2807902037,section,B-0203,unchanged,1191.0,1030.488855115002,1202.0,171.51114488499798,166.43668103121544,False
2807902038,Zona 2807902038,section,B-0203,unchanged,1014.0,840.6799659545572,1021.0,180.32003404544275,214.493078636288,False
2807902039,Zona 2807902039,section,B-0203,unchanged,676.0,614.3858638203243,695.0,80.61413617967571,131.21092285295666,False
2807902040,Zona 2807902040,section,B-0203,unchanged,1676.0,1495.9283627942712,1645.0,149.07163720572885,99.65158821327199,False
2807902041,Zona 2807902041,section,B-0203,unchanged,1925.0,1775.4219039105928,1960.0,184.57809608940715,103.96294857174534,False
2807902042,Zona 2807902042,section,B-0203,unchanged,1749.0,1574.2119679682548,1740.0,165.78803203174516,105.31493560280721,False
2807902043,Zona 2807902043,section,B-0203,unchanged,1007.0,899.0636944611877,940.0,40.93630553881235,45.532152828555304,False
2807902044,Zona 2807902044,section,B-0203,unchanged,1660.0,1486.9653636375124,1719.0,232.03463636248762,156.04575737720566,False
2807902045,Zona 2807902045,section,B-0203,unchanged,1079.0,980.9193340939898,1056.0,75.08066590601015,76.54112147290601,False
2807902046,Zona 2807902046,section,B-0203,unchanged,1410.0,1288.9691553827367,1281.0,-7.969155382736744,-6.1825803584651675,False
2807902047,Zona 2807902047,section,B-0203,unchanged,1551.0,1420.095504636497,1578.0,157.90449536350297,111.19287037242042,False
2807902048,Zona 2807902048,section,B-0204,unchanged,1147.0,1035.2937554908256,1173.0,137.70624450917444,133.01175997520517,False
2807902049,Zona 2807902049,section,B-0204,unchanged,1676.0,1584.779285854674,1567.0,-17.77928585467407,-11.218777285497945,False
2807902050,Zona 2807902050,section,B-0205,unchanged,1580.0,1451.483295673548,1545.0,93.5167043264521,64.42837103616581,False
2807902051,Zona 2807902051,section,B-0205,unchanged,1715.0,1559.663214876089,1901.0,341.3367851239111,218.85287917816888,False
2807902052,Zona 2807902052,section,B-0205,unchanged,1449.0,1382.7666637945642,1604.0,221.23333620543576,159.99325265647576,False
2807902053,Zona 2807902053,section,B-0205,unchanged,1607.0,1435.7655148715635,1602.0,166.23448512843652,115.78108222170738,False
2807902054,Zona 2807902054,section,B-0205,unchanged,1152.0,1059.3168308759155,1100.0,40.68316912408454,38.405100285667054,False
2807902055,Zona 2807902055,section,B-0205,unchanged,1142.0,989.908152162757,1190.0,200.091847837243,202.13173050457377,False
2807902056,Zona 2807902056,section,B-0205,unchanged,1028.0,913.0523555035929,1041.0,127.94764449640707,140.13177199004946,False
2807902057,Zona 2807902057,section,B-0205,unchanged,1415.0,1270.9873216966605,1503.0,232.0126783033395,182.54523419920682,False
2807902058,Zona 2807902058,section,B-0205,unchanged,1518.0,1371.1528810146049,1562.0,190.84711898539513,139.18733762509032,False
2807902059,Zona 2807902059,section,B-0205,unchanged,710.0,641.3870166095794,688.0,46.612983390420595,72.67528369504636,False
2807902060,Zona 2807902060,section,B-0205,unchanged,1216.0,1077.3660194060574,1330.0,252.63398059394262,234.4922487282619,False
2807902061,Zona 2807902061,section,B-0205,unchanged,830.0,767.8652359882599,844.0,76.13476401174012,99.15120576301773,False
2807902062,Zona 2807902062,section,B-0205,unchanged,1016.0,933.2857728663295,1010.0,76.71422713367053,82.19800340260623,False
2807902063,Zona 2807902063,section,B-0205,unchanged,1498.0,1355.2886915352067,1636.0,280.7113084647933,207.1228884429168,False
2807902064,Zona 2807902064,section,B-0206,unchanged,1638.0,1457.5434186343882,1667.0,209.45658136561178,143.70520883820896,False
2807902065,Zona 2807902065,section,B-0206,unchanged,1578.0,1438.678859382501,1486.0,47.32114061749894,32.89208033390423,False
2807902066,Zona 2807902066,section,B-0206,unchanged,2540.0,2365.175521268315,2361.0,-4.175521268315151,-1.7654170824819149,False
2807902067,Zona 2807902067,section,B-0206,unchanged,1369.0,1271.9581516778549,1421.0,149.04184832214514,117.17511942161171,False
2807902068,Zona 2807902068,section,B-0206,unchanged,1246.0,1159.921777380794,1104.0,-55.92177738079408,-48.21167984885188,False
2807902069,Zona 2807902069,section,B-0206,unchanged,823.0,717.4538428007867,852.0,134.54615719921333,187.53284068278714,False
2807902070,Zona 2807902070,section,B-0206,unchanged,1349.0,1201.838984035929,1309.0,107.16101596407111,89.16420368077155,False
2807902071,Zona 2807902071,section,B-0206,unchanged,1401.0,1268.2721434136622,1347.0,78.7278565863378,62.07489220289509,False
2807902072,Zona 2807902072,section,B-0206,unchanged,1528.0,1386.2565422459547,1570.0,183.74345775404527,132.546503590419,False
2807902073,Zona 2807902073,section,B-0206,unchanged,1631.0,1479.1333295450759,1718.0,238.86667045492413,161.49096615136804,False
2807902074,Zona 2807902074,section,B-0206,unchanged,1786.0,1618.87558824624,1713.0,94.12441175375989,58.14184390520505,False
2807902075,Zona 2807902075,section,B-0206,unchanged,1968.0,1825.2875077024455,1885.0,59.71249229755449,32.714020145087574,False
2807902077,Zona 2807902077,section,B-0206,unchanged,1127.0,1013.5217181733312,1135.0,121.47828182666876,119.85760112334732,False
2807902078,Zona 2807902078,section,B-0206,unchanged,817.0,715.6171250407025,841.0,125.38287495929751,175.2094389191232,False
2807902079,Zona 2807902079,section,B-0206,unchanged,1207.0,1084.0601963029874,1194.0,109.93980369701262,101.41485138181866,False
2807902080,Zona 2807902080,section,B-0206,unchanged,893.0,773.635550830658,921.0,147.36444916934204,190.48303689135767,False
2807902081,Zona 2807902081,section,B-0206,unchanged,1078.0,968.311243865706,1148.0,179.68875613429395,185.56921369304555,False
2807902082,Zona 2807902082,section,B-0206,unchanged,1222.0,1115.1376777604396,1185.0,69.8623222395604,62.64905547794488,False
2807902083,Zona 2807902083,section,B-0207,unchanged,1085.0,1036.5522086009387,2000.0,963.4477913990613,929.4734827678885,False
2807902085,Zona 2807902085,section,B-0202,unchanged,1288.0,1196.2917721274093,1114.0,-82.29177212740933,-68.78904799375731,False
2807902086,Zona 2807902086,section,B-0202,unchanged,1289.0,1186.0006865182959,1206.0,19.99931348170412,16.862817795169633,False
2807902087,Zona 2807902087,section,B-0202,unchanged,2149.0,1984.5948994289683,2040.0,55.40510057103165,27.917586902482455,False
2807902088,Zona 2807902088,section,B-0202,unchanged,684.0,590.1160669740542,646.0,55.883933025945794,94.69990083900369,False
2807902089,Zona 2807902089,section,B-0201,unchanged,1119.0,1008.6990208250857,971.0,-37.699020825085654,-37.37390445194343,False
2807902090,Zona 2807902090,section,B-0201,unchanged,1896.0,1768.2018772738584,1686.0,-82.20187727385837,-46.488966181052746,False
2807902091,Zona 2807902091,section,B-0202,unchanged,1199.0,1100.4281472890252,1061.0,-39.42814728902522,-35.82982440621768,False
2807902092,Zona 2807902092,section,B-0202,unchanged,1876.0,1679.5621608267131,1780.0,100.43783917328687,59.8000130723649,False
2807902093,Zona 2807902093,section,B-0204,unchanged,1527.0,1434.5306439586714,1393.0,-41.53064395867136,-28.95068441623883,False
2807902094,Zona 2807902094,section,B-0202,unchanged,1774.0,1653.6045744984478,1609.0,-44.604574498447846,-26.974147983339236,False
2807902095,Zona 2807902095,section,B-0201,unchanged,1628.0,1526.766631264838,1621.0,94.233368735162,61.72087259799168,False
2807902096,Zona 2807902096,section,B-0202,unchanged,1711.0,1629.0587288834565,1618.0,-11.058728883456524,-6.788416333545007,False
2807902098,Zona 2807902098,section,B-0205,unchanged,1192.0,1153.5650028414148,1303.0,149.43499715858525,129.54189559366225,False
2807902100,Zona 2807902100,section,B-0204,unchanged,1384.0,1330.6244407100041,1687.0,356.37555928999586,267.82580297400705,False
2807902101,Zona 2807902101,section,B-0204,unchanged,1451.0,1418.5348775425675,1419.0,0.4651224574324715,0.3278893348313278,False
2807902102,Zona 2807902102,section,B-0204,unchanged,1726.0,1659.410196270366,1647.0,-12.410196270365986,-7.478679050097873,False
2807902103,Zona 2807902103,section,B-0204,unchanged,2211.0,2152.138141063457,2328.0,175.86185893654283,81.71494923167081,False
2807902106,Zona 2807902106,section,B-0205,unchanged,2290.0,2205.406916722123,2173.0,-32.40691672212279,-14.694302659705496,False
2807902107,Zona 2807902107,section,B-0201,unchanged,1301.0,1190.6276499928194,1755.0,564.3723500071806,474.0124672987262,False
2807902108,Zona 2807902108,section,B-0202,unchanged,957.0,886.7894429872299,934.0,47.210557012770096,53.23761732405958,False
2807902109,Zona 2807902109,section,B-0202,unchanged,1438.0,1323.0880866786988,1324.0,0.9119133213011992,0.6892309971517792,False
2807902110,Zona 2807902110,section,B-0204,unchanged,1528.0,1479.8481517178043,1517.0,37.151848282195715,25.10517598651587,False
2807903001,Zona 2807903001,section,B-0301,unchanged,1721.0,1619.665979820887,1609.0,-10.66597982088706,-6.585295952234899,False
2807903002,Zona 2807903002,section,B-0301,unchanged,950.0,856.1105077586526,904.0,47.8894922413474,55.93844697307231,False
2807903003,Zona 2807903003,section,B-0301,unchanged,914.0,806.3093984959233,860.0,53.69060150407665,66.58808839910616,False
2807903004,Zona 2807903004,section,B-0301,unchanged,1070.0,968.0974758145276,1009.0,40.90252418547243,42.25041920603945,False
2807903005,Zona 2807903005,section,B-0301,unchanged,701.0,628.5982914674132,713.0,84.40170853258678,134.26970718542304,False
2807903006,Zona 2807903006,section,B-0301,unchanged,2112.0,1865.1611653900327,1894.0,28.838834609967307,15.461845949348126,False
2807903007,Zona 2807903007,section,B-0301,unchanged,874.0,791.9903648054443,990.0,198.0096351945557,250.0152072471205,False
2807903008,Zona 2807903008,section,B-0301,unchanged,1070.0,950.7356066774381,1040.0,89.26439332256189,93.88981825821861,False
2807903009,Zona 2807903009,section,B-0301,unchanged,982.0,867.398690672489,994.0,126.60130932751099,145.95515382823297,False
2807903010,Zona 2807903010,section,B-0301,unchanged,1004.0,880.8579249746994,984.0,103.14207502530064,117.09274799141208,False
2807903011,Zona 2807903011,section,B-0301,unchanged,1043.0,915.9390832209881,956.0,40.060916779011905,43.737533983301404,False
2807903012,Zona 2807903012,section,B-0301,unchanged,1001.0,911.5495393061959,974.0,62.450460693804075,68.51022133293682,False
2807903013,Zona 2807903013,section,B-0301,unchanged,1027.0,912.8209999907123,1019.0,106.17900000928773,116.3196289418934,False
2807903014,Zona 2807903014,section,B-0301,unchanged,1251.0,1128.7064881023266,1203.0,74.2935118976734,65.82181699210545,False
2807903015,Zona 2807903015,section,B-0301,unchanged,1026.0,906.4870108581101,1017.0,110.51298914188988,121.91348339042904,False
2807903016,Zona 2807903016,section,B-0301,unchanged,771.0,695.7752237836577,784.0,88.22477621634232,126.80068677434636,False
2807903017,Zona 2807903017,section,B-0301,unchanged,1206.0,1044.6875923590453,1150.0,105.31240764095469,100.80756047187761,False
2807903018,Zona 2807903018,section,B-0301,unchanged,1822.0,1579.7442862336788,1788.0,208.25571376632115,131.82874948883693,False
2807903019,Zona 2807903019,section,B-0301,unchanged,1895.0,1664.231679526461,1731.0,66.768320473539,40.11960671998336,False
2807903020,Zona 2807903020,section,B-0301,unchanged,1270.0,1098.3145519199807,1348.0,249.68544808001934,227.33509962472985,False
2807903021,Zona 2807903021,section,B-0301,unchanged,1643.0,1477.7626463484291,1952.0,474.23735365157086,320.91578090934803,False
2807903022,Zona 2807903022,section,B-0301,unchanged,1089.0,967.5469585888161,1058.0,90.4530414111839,93.48697818564922,False
2807903023,Zona 2807903023,section,B-0301,unchanged,941.0,843.8081449939837,910.0,66.19185500601634,78.44420014041022,False
2807903024,Zona 2807903024,section,B-0302,unchanged,1201.0,1073.977361568966,1144.0,70.02263843103401,65.19936167810691,False
2807903026,Zona 2807903026,section,B-0302,unchanged,1696.0,1523.573193338278,1680.0,156.4268066617219,102.67101531169467,False
2807903027,Zona 2807903027,section,B-0302,unchanged,1199.0,1080.0702975274105,1199.0,118.9297024725895,110.11292759818835,False
2807903028,Zona 2807903028,section,B-0302,unchanged,1436.0,1330.5858543256643,1417.0,86.41414567433571,64.94443435830006,False
2807903029,Zona 2807903029,section,B-0302,unchanged,1477.0,1378.165283229259,1522.0,143.8347167707409,104.36681181934392,False
2807903030,Zona 2807903030,section,B-0302,unchanged,795.0,699.5298544109345,739.0,39.47014558906551,56.42381856926298,False
2807903031,Zona 2807903031,section,B-0303,unchanged,1107.0,959.3824664174509,1063.0,103.61753358254907,108.0044061775281,False
2807903032,Zona 2807903032,section,B-0303,unchanged,1045.0,896.9457975109501,1083.0,186.05420248904989,207.43082024059373,False
2807903033,Zona 2807903033,section,B-0303,unchanged,1536.0,1356.124870841215,1411.0,54.87512915878506,40.464658040483826,False
2807903034,Zona 2807903034,section,B-0303,unchanged,1430.0,1270.790473753723,1330.0,59.20952624627694,46.59267398454833,False
2807903035,Zona 2807903035,section,B-0303,unchanged,1088.0,932.3329894546848,1038.0,105.66701054531518,113.33612747857296,False
2807903036,Zona 2807903036,section,B-0303,unchanged,943.0,846.192661138359,846.0,-0.19266113835897158,-0.22767999204789843,False
2807903037,Zona 2807903037,section,B-0303,unchanged,1401.0,1282.3249283999749,1221.0,-61.32492839997485,-47.82323656180749,False
2807903038,Zona 2807903038,section,B-0303,unchanged,1107.0,999.6824007892684,951.0,-48.6824007892684,-48.697867193453355,False
2807903039,Zona 2807903039,section,B-0303,unchanged,865.0,769.8049865784332,788.0,18.19501342156684,23.63587368073382,False
2807903040,Zona 2807903040,section,B-0303,unchanged,771.0,683.5036775942697,733.0,49.496322405730325,72.41559047632737,False
2807903041,Zona 2807903041,section,B-0303,unchanged,1174.0,1038.8561378800823,1087.0,48.143862119917685,46.34314643234562,False
2807903042,Zona 2807903042,section,B-0303,unchanged,1081.0,906.4645929956034,1037.0,130.53540700439657,144.00497053394528,False
2807903044,Zona 2807903044,section,B-0303,unchanged,1020.0,871.4926732143725,1058.0,186.50732678562747,214.0090588458106,False
2807903045,Zona 2807903045,section,B-0303,unchanged,1062.0,949.5279344742319,951.0,1.47206552576813,1.5503130264232146,False
2807903046,Zona 2807903046,section,B-0303,unchanged,904.0,814.7599942745151,851.0,36.240005725484934,44.479363223711104,False
2807903047,Zona 2807903047,section,B-0303,unchanged,1553.0,1372.4443957883486,1614.0,241.55560421165137,176.00392770222135,False
2807903048,Zona 2807903048,section,B-0304,unchanged,1111.0,974.5586266285303,1061.0,86.4413733714697,88.69797158382582,False
2807903049,Zona 2807903049,section,B-0304,unchanged,1766.0,1560.606575126472,1701.0,140.39342487352792,89.96080569643274,False
2807903050,Zona 2807903050,section,B-0304,unchanged,1355.0,1194.7428587088232,1330.0,135.25714129117682,113.21025298895803,False
2807903051,Zona 2807903051,section,B-0304,unchanged,1140.0,1022.4643207460792,1031.0,8.535679253920762,8.348143872338142,False
2807903052,Zona 2807903052,section,B-0304,unchanged,918.0,824.5656511392804,883.0,58.43434886071964,70.86682398179266,False
2807903053,Zona 2807903053,section,B-0304,unchanged,1342.0,1204.2984637958343,1376.0,171.70153620416568,142.5739061918079,False
2807903054,Zona 2807903054,section,B-0304,unchanged,1276.0,1133.4921548528666,1228.0,94.50784514713337,83.37759087481376,False
2807903055,Zona 2807903055,section,B-0304,unchanged,937.0,840.1512695181256,978.0,137.84873048187444,164.0760842519925,False
2807903056,Zona 2807903056,section,B-0304,unchanged,1081.0,975.9043409277534,1058.0,82.09565907224658,84.12264976114514,False
2807903057,Zona 2807903057,section,B-0304,unchanged,1016.0,899.8341906854556,1038.0,138.1658093145444,153.54585405261778,False
2807903058,Zona 2807903058,section,B-0304,unchanged,1228.0,1098.5823975143092,1154.0,55.41760248569085,50.444648131155795,False
2807903059,Zona 2807903059,section,B-0304,unchanged,1105.0,992.1964327699114,1081.0,88.80356723008856,89.50200212086627,False
2807903060,Zona 2807903060,section,B-0304,unchanged,720.0,647.0531616372983,708.0,60.94683836270167,94.19139257195229,False
2807903061,Zona 2807903061,section,B-0304,unchanged,910.0,815.1134976108436,847.0,31.886502389156362,39.119095049484514,False
2807903063,Zona 2807903063,section,B-0304,unchanged,757.0,685.0481404482568,762.0,76.95185955174315,112.3305867254675,False
2807903064,Zona 2807903064,section,B-0304,unchanged,935.0,825.7016742448554,902.0,76.29832575514456,92.40422798575904,False
2807903066,Zona 2807903066,section,B-0304,unchanged,844.0,747.5360638446064,839.0,91.46393615539364,122.35387773131792,False
2807903067,Zona 2807903067,section,B-0304,unchanged,1136.0,1023.6354096117424,1142.0,118.36459038825762,115.63159038544053,False
2807903071,Zona 2807903071,section,B-0305,unchanged,1465.0,1325.8034729803085,1324.0,-1.8034729803084701,-1.360286812535191,False
2807903073,Zona 2807903073,section,B-0305,unchanged,1565.0,1372.830009936041,1558.0,185.16999006395895,134.88195095078513,False
2807903074,Zona 2807903074,section,B-0305,unchanged,1115.0,933.131999161881,1044.0,110.86800083811897,118.81277347438326,False
2807903076,Zona 2807903076,section,B-0305,unchanged,1088.0,895.1309439984216,954.0,58.86905600157843,65.76585961671573,False
2807903077,Zona 2807903077,section,B-0306,unchanged,1624.0,1438.1591300381808,1519.0,80.84086996181918,56.21135260579473,False
2807903078,Zona 2807903078,section,B-0306,unchanged,1471.0,1288.124990162533,1397.0,108.8750098374669,84.5220849443572,False
2807903079,Zona 2807903079,section,B-0306,unchanged,1221.0,1070.9091203980474,1183.0,112.09087960195257,104.66889997191299,False
2807903080,Zona 2807903080,section,B-0306,unchanged,1757.0,1600.4673510138466,1677.0,76.53264898615339,47.81893797313161,False
2807903081,Zona 2807903081,section,B-0306,unchanged,1872.0,1678.7751604248085,1701.0,22.22483957519148,13.238723147159002,False
2807903082,Zona 2807903082,section,B-0306,unchanged,1482.0,1339.9671967589702,1352.0,12.032803241029796,8.97992374002438,False
2807903084,Zona 2807903084,section,B-0306,unchanged,1517.0,1375.2646707949907,1429.0,53.73532920500929,39.07271839823155,False
2807903085,Zona 2807903085,section,B-0306,unchanged,816.0,721.5920737987263,763.0,41.40792620127365,57.384120065630825,False
2807903086,Zona 2807903086,section,B-0306,unchanged,964.0,863.6985054411101,966.0,102.30149455888989,118.44583950813048,False
2807903089,Zona 2807903089,section,B-0301,unchanged,1925.0,1735.8316773119557,1664.0,-71.83167731195567,-41.38170667745362,False
2807903090,Zona 2807903090,section,B-0303,unchanged,1174.0,1065.7181709610443,1011.0,-54.71817096104428,-51.34394106436271,False
2807903091,Zona 2807903091,section,B-0303,unchanged,1704.0,1545.6315801721855,1502.0,-43.63158017218552,-28.2289652540128,False
2807903092,Zona 2807903092,section,B-0302,unchanged,1909.0,1741.483538396432,2040.0,298.5164616035679,171.41503495258044,False
2807903093,Zona 2807903093,section,B-0303,unchanged,1192.0,1043.494644531471,1059.0,15.505355468528933,14.859065688344606,False
2807903094,Zona 2807903094,section,B-0303,unchanged,773.0,693.7286246655616,735.0,41.2713753344384,59.49210378097754,False
2807903095,Zona 2807903095,section,B-0301,unchanged,1907.0,1743.8087704377467,1787.0,43.191229562253284,24.768329127861325,False
2807903096,Zona 2807903096,section,B-0301,unchanged,1973.0,1860.547622609656,1861.0,0.4523773903440542,0.24314206465166266,False
2807903098,Zona 2807903098,section,B-0302,unchanged,1759.0,1655.606227825897,1776.0,120.3937721741031,72.71884470512131,False
2807903099,Zona 2807903099,section,B-0302,unchanged,1277.0,1139.6563531231302,1370.0,230.3436468768698,202.11675760472255,False
2807904001,Zona 2807904001,section,B-0401,unchanged,948.0,875.4694866767688,980.0,104.53051332323116,119.39937932048655,False
2807904002,Zona 2807904002,section,B-0401,unchanged,1037.0,930.9154846401151,1023.0,92.0845153598849,98.9182335875357,False
2807904003,Zona 2807904003,section,B-0401,unchanged,786.0,718.6204966861845,774.0,55.37950331381546,77.06362895184608,False
2807904004,Zona 2807904004,section,B-0401,unchanged,878.0,781.2260705259473,935.0,153.7739294740527,196.8366587798676,False
2807904005,Zona 2807904005,section,B-0401,unchanged,793.0,729.4397864146218,741.0,11.560213585378165,15.848071082329486,False
2807904006,Zona 2807904006,section,B-0401,unchanged,939.0,854.397721525494,959.0,104.60227847450597,122.42808687240252,False
2807904007,Zona 2807904007,section,B-0401,unchanged,1265.0,1145.1754232396197,1351.0,205.8245767603803,179.7319193055307,False
2807904008,Zona 2807904008,section,B-0401,unchanged,1125.0,1036.3290597249706,1067.0,30.670940275029352,29.59575434772528,False
2807904009,Zona 2807904009,section,B-0401,unchanged,1774.0,1561.8852133229834,1665.0,103.11478667701658,66.01943971134413,False
2807904010,Zona 2807904010,section,B-0401,unchanged,744.0,678.7919667416847,730.0,51.208033258315254,75.4399518075065,False
2807904011,Zona 2807904011,section,B-0401,unchanged,1409.0,1296.2656181602383,1319.0,22.73438183976168,17.538366767783362,False
2807904012,Zona 2807904012,section,B-0401,unchanged,1192.0,1077.7387181816152,1199.0,121.26128181838476,112.51454529069855,False
2807904013,Zona 2807904013,section,B-0401,unchanged,956.0,867.8676976591834,839.0,-28.867697659183364,-33.26278617932831,False
2807904014,Zona 2807904014,section,B-0401,unchanged,1182.0,1068.3174225366934,1130.0,61.68257746330664,57.73806189254397,False
2807904015,Zona 2807904015,section,B-0402,unchanged,1266.0,1137.8913647442052,1213.0,75.10863525579475,66.00685933905383,False
2807904016,Zona 2807904016,section,B-0402,unchanged,1291.0,1180.3537243425005,1344.0,163.64627565749947,138.64172432603314,False
2807904017,Zona 2807904017,section,B-0402,unchanged,1254.0,1129.5458432798125,1280.0,150.45415672018748,133.1988051793634,False
2807904018,Zona 2807904018,section,B-0402,unchanged,1185.0,1051.9788084111262,1197.0,145.02119158887376,137.85562069250136,False
2807904019,Zona 2807904019,section,B-0402,unchanged,685.0,618.8933325269642,714.0,95.10666747303583,153.67214748414207,False
2807904020,Zona 2807904020,section,B-0402,unchanged,696.0,623.9868530184169,758.0,134.01314698158308,214.76918357064756,False
2807904021,Zona 2807904021,section,B-0402,unchanged,822.0,748.227560178031,826.0,77.77243982196899,103.94222822193832,False
2807904023,Zona 2807904023,section,B-0402,unchanged,811.0,727.4045987587597,854.0,126.59540124124032,174.03711972300178,False
2807904024,Zona 2807904024,section,B-0402,unchanged,1255.0,1139.1999058896781,1274.0,134.80009411032188,118.3287440715222,False
2807904025,Zona 2807904025,section,B-0402,unchanged,878.0,782.0927117885676,911.0,128.9072882114324,164.82353852477968,False
2807904026,Zona 2807904026,section,B-0402,unchanged,849.0,776.161210194004,809.0,32.83878980599604,42.30923856371009,False
2807904027,Zona 2807904027,section,B-0402,unchanged,1501.0,1374.0457438893006,1551.0,176.95425611069936,128.78338068267078,False
2807904028,Zona 2807904028,section,B-0402,unchanged,1337.0,1223.2057146066409,1379.0,155.79428539335913,127.36556372568906,False
2807904029,Zona 2807904029,section,B-0402,unchanged,1351.0,1217.0613337475488,1380.0,162.93866625245118,133.87876332471592,False
2807904030,Zona 2807904030,section,B-0402,unchanged,1298.0,1136.865133238377,1361.0,224.13486676162302,197.15167631464917,False
2807904031,Zona 2807904031,section,B-0402,unchanged,797.0,711.1336680033155,864.0,152.8663319966845,214.96146065745233,False
2807904032,Zona 2807904032,section,B-0402,unchanged,773.0,688.8358908018637,792.0,103.16410919813632,149.76587395590624,False
2807904033,Zona 2807904033,section,B-0402,unchanged,1060.0,944.0585953581988,1046.0,101.94140464180123,107.98207351008989,False
2807904034,Zona 2807904034,section,B-0402,unchanged,1528.0,1365.0800299091634,1571.0,205.9199700908366,150.8482767157169,False
2807904035,Zona 2807904035,section,B-0402,unchanged,1402.0,1278.0615546587928,1442.0,163.93844534120717,128.2711656129694,False
2807904036,Zona 2807904036,section,B-0402,unchanged,766.0,691.4283104600839,678.0,-13.428310460083935,-19.42111749972834,False
2807904037,Zona 2807904037,section,B-0402,unchanged,765.0,691.8313893790676,769.0,77.16861062093244,111.54251137721981,False
2807904038,Zona 2807904038,section,B-0402,unchanged,1020.0,898.9900224680368,1066.0,167.00997753196316,185.7751180301905,False
2807904039,Zona 2807904039,section,B-0402,unchanged,805.0,730.089555705357,760.0,29.910444294642957,40.968185424520634,False
2807904040,Zona 2807904040,section,B-0402,unchanged,771.0,686.9944516080822,715.0,28.00554839191784,40.76531961264586,False
2807904041,Zona 2807904041,section,B-0402,unchanged,957.0,855.3781091455246,931.0,75.6218908544754,88.40755923718632,False
2807904042,Zona 2807904042,section,B-0402,unchanged,1274.0,1120.5671539094997,1313.0,192.43284609050033,171.72808021288992,False
2807904043,Zona 2807904043,section,B-0403,unchanged,1332.0,1180.384878202668,1327.0,146.615121797332,124.20959002844721,False
2807904044,Zona 2807904044,section,B-0403,unchanged,1463.0,1329.2646359596924,1516.0,186.73536404030756,140.48020160070666,False
2807904045,Zona 2807904045,section,B-0403,unchanged,1386.0,1240.215743843782,1374.0,133.7842561562179,107.87176087733121,False
2807904046,Zona 2807904046,section,B-0403,unchanged,670.0,589.9520767391742,620.0,30.04792326082577,50.93282055537261,False
2807904047,Zona 2807904047,section,B-0403,unchanged,1142.0,1028.712814497279,1011.0,-17.71281449727894,-17.218425052802523,False
2807904048,Zona 2807904048,section,B-0403,unchanged,969.0,879.6054339392956,952.0,72.39456606070439,82.30345478481955,False
2807904049,Zona 2807904049,section,B-0403,unchanged,1399.0,1265.79633297539,1350.0,84.20366702461001,66.5222870623114,False
2807904050,Zona 2807904050,section,B-0403,unchanged,644.0,578.1881827293336,728.0,149.81181727066644,259.10563679022414,False
2807904051,Zona 2807904051,section,B-0403,unchanged,1234.0,1115.24013380746,1303.0,187.7598661925399,168.3582400783252,False
2807904052,Zona 2807904052,section,B-0403,unchanged,1078.0,972.3564677073583,1042.0,69.64353229264168,71.62345765730197,False
2807904053,Zona 2807904053,section,B-0403,unchanged,1138.0,995.2092433265374,1168.0,172.79075667346262,173.62254001570642,False
2807904054,Zona 2807904054,section,B-0403,unchanged,1242.0,1082.218656717935,1194.0,111.78134328206511,103.28905585592705,False
2807904055,Zona 2807904055,section,B-0403,unchanged,1571.0,1407.8332091296834,1570.0,162.16679087031662,115.18892282031581,False
2807904056,Zona 2807904056,section,B-0403,unchanged,1407.0,1250.3139589252683,1508.0,257.68604107473175,206.097068048597,False
2807904057,Zona 2807904057,section,B-0403,unchanged,1112.0,1003.24759573003,1144.0,140.75240426997004,140.29677705586644,False
2807904058,Zona 2807904058,section,B-0403,unchanged,1282.0,1167.8626932008956,1235.0,67.13730679910441,57.487328938553105,False
2807904060,Zona 2807904060,section,B-0403,unchanged,1324.0,1173.5234381004366,1302.0,128.47656189956342,109.47933183808101,False
2807904061,Zona 2807904061,section,B-0404,unchanged,1342.0,1186.9441649356895,1345.0,158.0558350643105,133.1619799258832,False
2807904062,Zona 2807904062,section,B-0404,unchanged,1251.0,1118.8198166466566,1327.0,208.1801833533434,186.0712335050555,False
2807904063,Zona 2807904063,section,B-0404,unchanged,1538.0,1398.3715864811477,1469.0,70.62841351885231,50.50761485835188,False
2807904064,Zona 2807904064,section,B-0404,unchanged,998.0,891.7488932013259,1086.0,194.25110679867407,217.83162085160998,False
2807904065,Zona 2807904065,section,B-0404,unchanged,1599.0,1420.1333466384801,1631.0,210.86665336151987,148.48369968964587,False
2807904067,Zona 2807904067,section,B-0404,unchanged,1033.0,924.920451243123,1118.0,193.079548756877,208.75259974776407,False
2807904068,Zona 2807904068,section,B-0404,unchanged,985.0,874.3706816214534,929.0,54.6293183785466,62.47844252650457,False
2807904069,Zona 2807904069,section,B-0404,unchanged,1444.0,1288.398149190324,1540.0,251.60185080967608,195.28268568826476,False
2807904070,Zona 2807904070,section,B-0404,unchanged,1215.0,1087.126975100173,1305.0,217.873024899827,200.4117549191999,False
2807904071,Zona 2807904071,section,B-0404,unchanged,1201.0,1044.1195341085945,1102.0,57.88046589140549,55.43471221503417,False
2807904072,Zona 2807904072,section,B-0404,unchanged,656.0,561.6419658794509,647.0,85.35803412054906,151.97944474624614,False
2807904073,Zona 2807904073,section,B-0404,unchanged,1339.0,1151.9815807779264,1309.0,157.0184192220736,136.3028904646548,False
2807904074,Zona 2807904074,section,B-0404,unchanged,1072.0,919.952146724536,1043.0,123.04785327546404,133.75462377426098,False
2807904075,Zona 2807904075,section,B-0404,unchanged,888.0,745.7931000201083,926.0,180.20689997989166,241.63122449783037,False
2807904076,Zona 2807904076,section,B-0404,unchanged,921.0,799.428930910101,838.0,38.57106908989897,48.24827773744461,False
2807904077,Zona 2807904077,section,B-0404,unchanged,1053.0,891.0777242333871,1030.0,138.92227576661287,155.90365687362527,False
2807904078,Zona 2807904078,section,B-0404,unchanged,682.0,592.1325627513576,607.0,14.867437248642432,25.108291933077524,False
2807904079,Zona 2807904079,section,B-0404,unchanged,1078.0,924.3556551647168,1044.0,119.64434483528316,129.4354009377083,False
2807904080,Zona 2807904080,section,B-0404,unchanged,759.0,657.1162415685897,718.0,60.88375843141034,92.65295023917821,False
2807904081,Zona 2807904081,section,B-0404,unchanged,1074.0,921.7525529041793,999.0,77.24744709582069,83.80497222647882,False
2807904082,Zona 2807904082,section,B-0404,unchanged,840.0,724.5700596021686,817.0,92.42994039783139,127.56522184836183,False
2807904083,Zona 2807904083,section,B-0404,unchanged,729.0,632.1584242356921,693.0,60.84157576430789,96.24419043037841,False
2807904084,Zona 2807904084,section,B-0404,unchanged,821.0,706.3758414814205,737.0,30.62415851857952,43.353915465673545,False
2807904085,Zona 2807904085,section,B-0404,unchanged,1856.0,1695.1357455629743,2199.0,503.8642544370257,297.24124203969666,False
2807904087,Zona 2807904087,section,B-0404,unchanged,2318.0,2093.196727712797,2485.0,391.8032722872031,187.17938314155512,False
2807904088,Zona 2807904088,section,B-0404,unchanged,1867.0,1666.7853237338263,2018.0,351.2146762661737,210.71380415049785,False
2807904089,Zona 2807904089,section,B-0404,unchanged,746.0,670.8644934814815,770.0,99.13550651851847,147.7727730141899,False
2807904090,Zona 2807904090,section,B-0404,unchanged,1202.0,1097.7522237709888,1175.0,77.24777622901115,70.3690455425818,False
2807904091,Zona 2807904091,section,B-0404,unchanged,1422.0,1291.37234821133,1538.0,246.62765178866994,190.9810537063706,False
2807904092,Zona 2807904092,section,B-0404,unchanged,902.0,815.4629443469634,971.0,155.53705565303665,190.7346700806784,False
2807904093,Zona 2807904093,section,B-0404,unchanged,1049.0,951.3476641056907,1215.0,263.6523358943093,277.1356317379034,False
2807904094,Zona 2807904094,section,B-0404,unchanged,1325.0,1174.2395632258288,1406.0,231.76043677417124,197.3706593035303,False
2807904097,Zona 2807904097,section,B-0405,unchanged,947.0,866.0180936100611,977.0,110.9819063899389,128.15194879740045,False
2807904098,Zona 2807904098,section,B-0405,unchanged,1295.0,1155.4288210560292,1236.0,80.57117894397084,69.73270657237983,False
2807904099,Zona 2807904099,section,B-0405,unchanged,1136.0,1026.8915718471465,1113.0,86.10842815285355,83.85347636845816,False
2807904100,Zona 2807904100,section,B-0405,unchanged,763.0,664.9817067249043,714.0,49.01829327509574,73.71374697886851,False
2807904101,Zona 2807904101,section,B-0405,unchanged,879.0,794.2898136555481,894.0,99.71018634445193,125.53375937878045,False
2807904102,Zona 2807904102,section,B-0405,unchanged,1119.0,976.6880252914943,1189.0,212.31197470850566,217.37952059475776,False
2807904103,Zona 2807904103,section,B-0405,unchanged,1163.0,1040.4149994232573,1244.0,203.5850005767427,195.6767258157541,False
2807904104,Zona 2807904104,section,B-0405,unchanged,1048.0,948.9661499522753,1164.0,215.03385004772474,226.59801939040614,False
2807904105,Zona 2807904105,section,B-0405,unchanged,1057.0,954.2917134927727,1044.0,89.70828650722729,94.00509848177225,False
2807904106,Zona 2807904106,section,B-0405,unchanged,1050.0,955.0982104739854,1051.0,95.90178952601457,100.4103959931215,False
2807904107,Zona 2807904107,section,B-0405,unchanged,625.0,562.5949693185531,694.0,131.40503068144687,233.56950887885128,False
2807904108,Zona 2807904108,section,B-0405,unchanged,872.0,783.5399533595472,919.0,135.4600466404528,172.88211795664935,False
2807904109,Zona 2807904109,section,B-0405,unchanged,1579.0,1415.329579765402,1518.0,102.67042023459794,72.54170456298672,False
2807904110,Zona 2807904110,section,B-0405,unchanged,1100.0,989.7642738293603,1139.0,149.23572617063974,150.77905933425177,False
2807904111,Zona 2807904111,section,B-0405,unchanged,1764.0,1594.489439453054,1692.0,97.51056054694595,61.154723345420386,False
2807904112,Zona 2807904112,section,B-0405,unchanged,1157.0,1031.437578716105,1187.0,155.562421283895,150.8209750099791,False
2807904113,Zona 2807904113,section,B-0405,unchanged,1043.0,914.4242079402719,1108.0,193.5757920597281,211.69145608661753,False
2807904114,Zona 2807904114,section,B-0406,unchanged,1450.0,1326.6960003955728,1414.0,87.30399960442719,65.80557986034201,False
2807904115,Zona 2807904115,section,B-0406,unchanged,1810.0,1614.4598285112577,1675.0,60.54017148874232,37.498716548784145,False
2807904116,Zona 2807904116,section,B-0406,unchanged,868.0,796.7482025430686,835.0,38.2517974569314,48.009894888797916,False
2807904117,Zona 2807904117,section,B-0406,unchanged,831.0,743.3624531728251,771.0,27.6375468271749,37.17909979070387,False
2807904118,Zona 2807904118,section,B-0406,unchanged,776.0,700.2745426039796,815.0,114.72545739602037,163.82925612205224,False
2807904119,Zona 2807904119,section,B-0406,unchanged,1366.0,1234.8541444529556,1367.0,132.14585554704445,107.01333120243565,False
2807904120,Zona 2807904120,section,B-0406,unchanged,921.0,829.2954450988345,874.0,44.704554901165466,53.90666880587729,False
2807904121,Zona 2807904121,section,B-0406,unchanged,1155.0,1039.8709346333233,1126.0,86.12906536667674,82.8266879072328,False
2807904123,Zona 2807904123,section,B-0406,unchanged,1425.0,1289.1020182475945,1448.0,158.89798175240549,123.26253430927945,False
2807904124,Zona 2807904124,section,B-0406,unchanged,921.0,846.593078629182,1127.0,280.40692137081805,331.2180650293737,False
2807904126,Zona 2807904126,section,B-0406,unchanged,1439.0,1286.6714597030154,1400.0,113.32854029698456,88.07884828901281,False
2807904127,Zona 2807904127,section,B-0406,unchanged,971.0,875.0014714241047,1280.0,404.9985285758953,462.8546828804091,False
2807904130,Zona 2807904130,section,B-0406,unchanged,785.0,722.0672399990998,789.0,66.9327600009002,92.6960209425699,False
2807905001,Zona 2807905001,section,B-0501,unchanged,1126.0,1001.9275030637823,1094.0,92.0724969362177,91.89536833220997,False
2807905002,Zona 2807905002,section,B-0501,unchanged,1606.0,1480.0067910624118,1541.0,60.99320893758818,41.211438559551915,False
2807905003,Zona 2807905003,section,B-0501,unchanged,1858.0,1687.443419443023,1865.0,177.556580556977,105.22224242373908,False
2807905004,Zona 2807905004,section,B-0501,unchanged,1350.0,1231.0527332312445,1371.0,139.94726676875553,113.6809683216612,False
2807905005,Zona 2807905005,section,B-0501,unchanged,1301.0,1168.2994386937364,1318.0,149.70056130626358,128.1354388680031,False
2807905006,Zona 2807905006,section,B-0501,unchanged,1276.0,1159.167823716599,1239.0,79.83217628340094,68.87024868188442,False
2807905007,Zona 2807905007,section,B-0501,unchanged,1809.0,1605.677960690583,1674.0,68.32203930941705,42.5502753242204,False
2807905008,Zona 2807905008,section,B-0501,unchanged,1529.0,1406.0985466430318,1436.0,29.901453356968204,21.265546023325296,False
2807905009,Zona 2807905009,section,B-0501,unchanged,1144.0,1036.3819200883472,1086.0,49.618079911652785,47.876250009671196,False
2807905010,Zona 2807905010,section,B-0501,unchanged,882.0,808.6098204646073,879.0,70.39017953539269,87.0508590842345,False
2807905011,Zona 2807905011,section,B-0501,unchanged,779.0,703.6917813239129,794.0,90.30821867608711,128.33490609508453,False
2807905012,Zona 2807905012,section,B-0501,unchanged,1084.0,977.7355046608645,1042.0,64.26449533913546,65.72789372257289,False
2807905013,Zona 2807905013,section,B-0501,unchanged,749.0,684.7712145691747,768.0,83.22878543082527,121.54247091590852,False
2807905014,Zona 2807905014,section,B-0502,unchanged,1053.0,958.4364835534412,1002.0,43.563516446558765,45.452690078162824,False
2807905015,Zona 2807905015,section,B-0502,unchanged,1019.0,925.1314025192988,1096.0,170.86859748070117,184.6965706875751,False
2807905016,Zona 2807905016,section,B-0502,unchanged,800.0,721.2718174819565,811.0,89.72818251804347,124.40272910051435,False
2807905017,Zona 2807905017,section,B-0502,unchanged,1312.0,1182.1427032708134,1266.0,83.8572967291866,70.93669528828111,False
2807905018,Zona 2807905018,section,B-0502,unchanged,1247.0,1120.4672962205925,1278.0,157.53270377940748,140.59553929933995,False
2807905019,Zona 2807905019,section,B-0502,unchanged,884.0,795.5387146409337,867.0,71.46128535906632,89.8275395576699,False
2807905020,Zona 2807905020,section,B-0502,unchanged,1216.0,1106.7318595835393,1184.0,77.26814041646071,69.81649597178537,False
2807905021,Zona 2807905021,section,B-0502,unchanged,836.0,767.1084245303016,714.0,-53.10842453030159,-69.23196621497115,False
2807905022,Zona 2807905022,section,B-0502,unchanged,1393.0,1260.6374704481275,1363.0,102.36252955187251,81.19902188492382,False
2807905023,Zona 2807905023,section,B-0502,unchanged,1299.0,1161.1743526997052,1286.0,124.8256473002948,107.49948705814754,False
2807905024,Zona 2807905024,section,B-0502,unchanged,878.0,730.98944211065,790.0,59.010557889350025,80.7269633320061,False
2807905025,Zona 2807905025,section,B-0502,unchanged,1087.0,969.8403300751232,1052.0,82.15966992487677,84.71463536530052,False
2807905026,Zona 2807905026,section,B-0502,unchanged,1562.0,1378.5268532039695,1627.0,248.4731467960305,180.2454164882822,False
2807905027,Zona 2807905027,section,B-0502,unchanged,1620.0,1445.202943653987,1614.0,168.79705634601305,116.79816809619419,False
2807905028,Zona 2807905028,section,B-0502,unchanged,1930.0,1755.041630860268,1846.0,90.95836913973199,51.826901163106285,False
2807905029,Zona 2807905029,section,B-0502,unchanged,1723.0,1587.4187903086372,1718.0,130.5812096913628,82.26008819384977,False
2807905030,Zona 2807905030,section,B-0502,unchanged,1207.0,1093.5918248078128,1217.0,123.40817519218717,112.84665118438943,False
2807905031,Zona 2807905031,section,B-0502,unchanged,935.0,843.5198082093627,969.0,125.48019179063726,148.75784844579834,False
2807905032,Zona 2807905032,section,B-0502,unchanged,1371.0,1236.6759960641355,1476.0,239.32400393586454,193.52199338997514,False
2807905033,Zona 2807905033,section,B-0502,unchanged,1929.0,1729.5413473477845,1976.0,246.4586526522155,142.4994279727135,False
2807905034,Zona 2807905034,section,B-0502,unchanged,1539.0,1371.6543285514479,1781.0,409.34567144855214,298.43209249435796,False
2807905035,Zona 2807905035,section,B-0502,unchanged,1235.0,1112.1689220620156,1122.0,9.831077937984446,8.839554624271596,False
2807905036,Zona 2807905036,section,B-0502,unchanged,1638.0,1480.5099750648137,1571.0,90.49002493518628,61.12084785597261,False
2807905037,Zona 2807905037,section,B-0502,unchanged,1247.0,1119.1469527611803,1161.0,41.85304723881973,37.397275787204805,False
2807905038,Zona 2807905038,section,B-0503,unchanged,1841.0,1676.7080447064898,1734.0,57.29195529351023,34.16930900664896,False
2807905039,Zona 2807905039,section,B-0503,unchanged,1479.0,1366.3300119975695,1933.0,566.6699880024305,414.7387402944923,False
2807905040,Zona 2807905040,section,B-0503,unchanged,673.0,592.4214844739016,669.0,76.57851552609839,129.2635691531406,False
2807905041,Zona 2807905041,section,B-0503,unchanged,1097.0,998.4465194083062,1146.0,147.55348059169376,147.78305870517337,False
2807905042,Zona 2807905042,section,B-0503,unchanged,1401.0,1255.1307626766707,1340.0,84.86923732332934,67.61784496647874,False
2807905043,Zona 2807905043,section,B-0503,unchanged,1160.0,1018.9512760059831,1216.0,197.04872399401688,193.3838532166084,False
2807905044,Zona 2807905044,section,B-0503,unchanged,1537.0,1381.2556910878225,1678.0,296.74430891217753,214.83662353526552,False
2807905045,Zona 2807905045,section,B-0503,unchanged,1693.0,1524.9501744204615,1617.0,92.04982557953849,60.36251355853045,False
2807905046,Zona 2807905046,section,B-0503,unchanged,1644.0,1495.269519842263,1602.0,106.73048015773702,71.3787573018917,False
2807905047,Zona 2807905047,section,B-0503,unchanged,1627.0,1484.8794274931379,1519.0,34.12057250686212,22.97868222503864,False
2807905048,Zona 2807905048,section,B-0503,unchanged,1131.0,979.1501312531061,998.0,18.84986874689389,19.251254884447622,False
2807905049,Zona 2807905049,section,B-0503,unchanged,1159.0,1008.8901991085984,1047.0,38.10980089140162,37.773982664390445,False
2807905051,Zona 2807905051,section,B-0504,unchanged,1380.0,1204.2623603687857,1302.0,97.73763963121428,81.15975625218721,False
2807905052,Zona 2807905052,section,B-0504,unchanged,1405.0,1234.2232730681521,1330.0,95.77672693184786,77.60081098921168,False
2807905053,Zona 2807905053,section,B-0504,unchanged,2096.0,1905.7240318414852,2009.0,103.27596815851484,54.19250974062606,False
2807905054,Zona 2807905054,section,B-0504,unchanged,1563.0,1407.2223759127753,1430.0,22.777624087224694,16.186229324594347,False
2807905055,Zona 2807905055,section,B-0504,unchanged,1476.0,1342.4191400389739,1458.0,115.58085996102614,86.09893625151271,False
2807905056,Zona 2807905056,section,B-0504,unchanged,1407.0,1249.5933924504952,1362.0,112.40660754950477,89.95454699794114,False
2807905057,Zona 2807905057,section,B-0504,unchanged,1105.0,956.9036536460883,1058.0,101.09634635391171,105.6494517172178,False
2807905058,Zona 2807905058,section,B-0504,unchanged,1768.0,1564.576715897873,1687.0,122.4232841021269,78.24690400807295,False
2807905059,Zona 2807905059,section,B-0504,unchanged,689.0,614.9348251157494,689.0,74.06517488425061,120.44394277118603,False
2807905060,Zona 2807905060,section,B-0504,unchanged,1329.0,1175.1822778109777,1257.0,81.81772218902233,69.62130363421147,False
2807905061,Zona 2807905061,section,B-0504,unchanged,2089.0,1880.9276741145122,1955.0,74.07232588548777,39.380741165584126,False
2807905062,Zona 2807905062,section,B-0504,unchanged,1631.0,1439.687511080003,1542.0,102.3124889199969,71.06576123817706,False
2807905063,Zona 2807905063,section,B-0504,unchanged,823.0,741.3917717403975,778.0,36.60822825960247,49.37771048317089,False
2807905064,Zona 2807905064,section,B-0504,unchanged,1958.0,1766.3670259589362,2171.0,404.6329740410638,229.07638565172726,False
2807905065,Zona 2807905065,section,B-0504,unchanged,1107.0,981.9303984991135,1123.0,141.0696015008865,143.66558130445114,False
2807905066,Zona 2807905066,section,B-0504,unchanged,1184.0,1052.3039643656173,1203.0,150.69603563438272,143.20580434687423,False
2807905067,Zona 2807905067,section,B-0504,unchanged,2219.0,1956.0740226825744,2169.0,212.92597731742558,108.85374216330388,False
2807905068,Zona 2807905068,section,B-0504,unchanged,1664.0,1513.2282157883683,1653.0,139.7717842116317,92.36662570345531,False
2807905069,Zona 2807905069,section,B-0504,unchanged,848.0,768.81666527645,826.0,57.18333472355005,74.37837563392067,False
2807905070,Zona 2807905070,section,B-0505,unchanged,1988.0,1811.6068306086868,1838.0,26.393169391313222,14.568927951350961,False
2807905072,Zona 2807905072,section,B-0505,unchanged,1560.0,1410.6602140814625,1566.0,155.33978591853747,110.11849938625046,False
2807905073,Zona 2807905073,section,B-0505,unchanged,1639.0,1460.0703055476715,1537.0,76.92969445232848,52.68903432939292,False
2807905074,Zona 2807905074,section,B-0505,unchanged,1423.0,1281.7730114011526,1500.0,218.22698859884736,170.25400492735878,False
2807905075,Zona 2807905075,section,B-0505,unchanged,1688.0,1554.1977868942467,1660.0,105.80221310575325,68.07512788779465,False
2807905076,Zona 2807905076,section,B-0505,unchanged,2214.0,2042.5455641650597,2237.0,194.45443583494034,95.20200638188864,False
2807905077,Zona 2807905077,section,B-0505,unchanged,1398.0,1267.4726043712508,1379.0,111.52739562874922,87.99195757297973,False
2807905078,Zona 2807905078,section,B-0505,unchanged,884.0,804.1604719151941,812.0,7.83952808480592,9.748711057800747,False
2807905079,Zona 2807905079,section,B-0505,unchanged,1702.0,1518.670800025349,1808.0,289.3291999746509,190.5147580172224,False
2807905080,Zona 2807905080,section,B-0505,unchanged,994.0,877.3723426215378,863.0,-14.372342621537769,-16.381121131074227,False
2807905081,Zona 2807905081,section,B-0505,unchanged,1664.0,1507.4644553951314,2143.0,635.5355446048686,421.5923913365402,False
2807905082,Zona 2807905082,section,B-0505,unchanged,2330.0,2152.103133118827,2163.0,10.896866881173082,5.063357193937703,False
2807905083,Zona 2807905083,section,B-0505,unchanged,1840.0,1642.039121780043,1884.0,241.96087821995707,147.35390589090275,False
2807905084,Zona 2807905084,section,B-0505,unchanged,1704.0,1556.5022594115226,1544.0,-12.502259411522573,-8.032278357404625,False
2807905085,Zona 2807905085,section,B-0506,unchanged,1790.0,1596.1587853059432,1721.0,124.84121469405682,78.21353103671821,False
2807905086,Zona 2807905086,section,B-0506,unchanged,1214.0,1086.0674934483488,1239.0,152.93250655165116,140.813077892681,False
2807905087,Zona 2807905087,section,B-0506,unchanged,1748.0,1575.1556895102726,1698.0,122.84431048972738,77.98867839401994,False
2807905088,Zona 2807905088,section,B-0506,unchanged,747.0,655.0343816156803,835.0,179.96561838431967,274.74224778922905,False
2807905089,Zona 2807905089,section,B-0506,unchanged,696.0,585.364640252407,738.0,152.63535974759304,260.75261341678794,False
2807905090,Zona 2807905090,section,B-0506,unchanged,952.0,763.3822736793314,948.0,184.61772632066857,241.84177794809474,False
2807905091,Zona 2807905091,section,B-0506,unchanged,830.0,705.2553061344747,812.0,106.74469386552528,151.3561017365415,False
2807905092,Zona 2807905092,section,B-0506,unchanged,1278.0,1094.8593960410576,1467.0,372.1406039589424,339.89807760209146,False
2807905095,Zona 2807905095,section,B-0502,unchanged,1885.0,1735.284776727373,1672.0,-63.2847767273729,-36.46938967949895,False
2807905096,Zona 2807905096,section,B-0503,unchanged,1336.0,1212.6427832041322,1282.0,69.35721679586777,57.195093028638766,False
2807905097,Zona 2807905097,section,B-0504,unchanged,1456.0,1323.4680400098111,1507.0,183.53195999018885,138.67502232152754,False
2807905098,Zona 2807905098,section,B-0504,unchanged,1050.0,927.9943720671434,1085.0,157.00562793285656,169.18812512097506,False
2807905099,Zona 2807905099,section,B-0502,unchanged,1840.0,1695.275091735154,1684.0,-11.275091735154092,-6.650892111918998,False
2807905100,Zona 2807905100,section,B-0506,unchanged,1939.0,1818.5757113660477,2038.0,219.4242886339523,120.65721941767757,False
2807905102,Zona 2807905102,section,B-0502,unchanged,851.0,747.3583740178428,823.0,75.64162598215717,101.21198692871172,False
2807906001,Zona 2807906001,section,B-0601,unchanged,1278.0,1177.044349928473,1275.0,97.95565007152709,83.22171554324159,False
2807906002,Zona 2807906002,section,B-0601,unchanged,925.0,853.9095406741591,1041.0,187.09045932584092,219.0986871725705,False
2807906003,Zona 2807906003,section,B-0601,unchanged,1423.0,1312.558469215411,1575.0,262.4415307845891,199.94654481294455,False
2807906004,Zona 2807906004,section,B-0601,unchanged,1188.0,1112.6491511176607,1194.0,81.35084888233928,73.11455619286818,False
2807906005,Zona 2807906005,section,B-0601,unchanged,1000.0,919.9975417987778,1101.0,181.00245820122223,196.74232807984086,False
2807906006,Zona 2807906006,section,B-0601,unchanged,912.0,851.2675812168046,1044.0,192.73241878319539,226.40638858548218,False
2807906007,Zona 2807906007,section,B-0601,unchanged,1029.0,918.6773456608549,1076.0,157.32265433914506,171.24908443886167,False
2807906008,Zona 2807906008,section,B-0601,unchanged,1062.0,954.859514735456,1114.0,159.14048526454405,166.66376865777366,False
2807906009,Zona 2807906009,section,B-0601,unchanged,1027.0,914.4696349865337,1087.0,172.53036501346628,188.667133836551,False
2807906010,Zona 2807906010,section,B-0601,unchanged,1706.0,1511.5486982158404,1555.0,43.45130178415957,28.746213625434233,False
2807906011,Zona 2807906011,section,B-0601,unchanged,1191.0,1081.9333275391514,1319.0,237.06667246084862,219.11393837922975,False
2807906012,Zona 2807906012,section,B-0601,unchanged,1006.0,919.763118159253,965.0,45.236881840746946,49.18318743991469,False
2807906013,Zona 2807906013,section,B-0601,unchanged,1032.0,953.0074797036556,1020.0,66.99252029634442,70.29590189279125,False
2807906014,Zona 2807906014,section,B-0601,unchanged,1138.0,1026.6527653399023,1132.0,105.34723466009768,102.61233224771914,False
2807906015,Zona 2807906015,section,B-0601,unchanged,1070.0,995.3631665203919,1215.0,219.63683347960807,220.65999714196616,False
2807906016,Zona 2807906016,section,B-0601,unchanged,1687.0,1543.304878456471,1827.0,283.695121543529,183.8231223808904,False
2807906017,Zona 2807906017,section,B-0601,unchanged,1071.0,985.1152371374659,1159.0,173.8847628625341,176.51210366799933,False
2807906018,Zona 2807906018,section,B-0601,unchanged,1354.0,1238.8978826682405,1420.0,181.10211733175947,146.1800200527553,False
2807906019,Zona 2807906019,section,B-0601,unchanged,2081.0,1920.7596478904852,2309.0,388.2403521095148,202.1285445765731,False
2807906021,Zona 2807906021,section,B-0601,unchanged,1848.0,1717.5219466586584,2045.0,327.4780533413416,190.66891924055562,False
2807906023,Zona 2807906023,section,B-0601,unchanged,1115.0,1016.0533283410383,1181.0,164.9466716589617,162.34056526174513,False
2807906024,Zona 2807906024,section,B-0602,unchanged,700.0,629.2967983286435,710.0,80.70320167135651,128.2434645872934,False
2807906025,Zona 2807906025,section,B-0602,unchanged,1066.0,991.2635340287551,1090.0,98.73646597124491,99.60667630933018,False
2807906026,Zona 2807906026,section,B-0602,unchanged,985.0,886.4459525704749,974.0,87.5540474295251,98.76975260097915,False
2807906027,Zona 2807906027,section,B-0602,unchanged,1159.0,1060.421655027992,1248.0,187.57834497200793,176.89033799206638,False
2807906028,Zona 2807906028,section,B-0602,unchanged,1283.0,1118.2793215374334,1387.0,268.72067846256664,240.29835237686765,False
2807906029,Zona 2807906029,section,B-0602,unchanged,1453.0,1311.362705114455,1603.0,291.6372948855451,222.39254917661486,False
2807906031,Zona 2807906031,section,B-0602,unchanged,1143.0,1001.3507291137073,1035.0,33.6492708862927,33.603881145695645,False
2807906032,Zona 2807906032,section,B-0602,unchanged,1033.0,938.7211584694612,1063.0,124.27884153053878,132.39164837103422,False
2807906033,Zona 2807906033,section,B-0602,unchanged,1390.0,1274.742724759235,1581.0,306.257275240765,240.25026328242734,False
2807906034,Zona 2807906034,section,B-0602,unchanged,852.0,786.9255833990468,852.0,65.07441660095321,82.69449865878136,False
2807906035,Zona 2807906035,section,B-0602,unchanged,1563.0,1421.526465751542,1560.0,138.473534248458,97.41185801648014,False
2807906036,Zona 2807906036,section,B-0602,unchanged,981.0,895.1358146110788,1044.0,148.86418538892121,166.30346251266926,False
2807906037,Zona 2807906037,section,B-0602,unchanged,1102.0,997.3166850673791,1129.0,131.68331493262087,132.0376134324117,False
2807906038,Zona 2807906038,section,B-0602,unchanged,824.0,727.9621844934587,797.0,69.03781550654128,94.83709041092591,False
2807906039,Zona 2807906039,section,B-0602,unchanged,810.0,709.7786481403219,823.0,113.22135185967807,159.51642410817408,False
2807906040,Zona 2807906040,section,B-0602,unchanged,1103.0,975.2576387097077,1048.0,72.74236129029225,74.58784059003358,False
2807906041,Zona 2807906041,section,B-0602,unchanged,1704.0,1542.7172961294357,1772.0,229.28270387056432,148.62263127911885,False
2807906042,Zona 2807906042,section,B-0602,unchanged,1833.0,1657.0852488321113,1955.0,297.91475116788865,179.78239283576656,False
2807906043,Zona 2807906043,section,B-0602,unchanged,1406.0,1309.8501082279474,1480.0,170.14989177205257,129.90027691202215,False
2807906044,Zona 2807906044,section,B-0602,unchanged,990.0,873.3722954158145,989.0,115.6277045841855,132.3922285960936,False
2807906045,Zona 2807906045,section,B-0602,unchanged,1120.0,1015.044840634951,1055.0,39.955159365048985,39.36295005455664,False
2807906046,Zona 2807906046,section,B-0602,unchanged,1506.0,1358.6016942903832,1535.0,176.3983057096168,129.8381316988951,False
2807906048,Zona 2807906048,section,B-0602,unchanged,947.0,818.1318972111109,914.0,95.86810278888913,117.17927526807001,False
2807906049,Zona 2807906049,section,B-0602,unchanged,741.0,656.0331421561798,745.0,88.96685784382021,135.6133587266848,False
2807906050,Zona 2807906050,section,B-0602,unchanged,636.0,557.2486646599984,573.0,15.75133534000156,28.266259461764943,False
2807906051,Zona 2807906051,section,B-0602,unchanged,1129.0,1004.1980075883821,1107.0,102.8019924116179,102.37223300064159,False
2807906052,Zona 2807906052,section,B-0602,unchanged,964.0,823.5867786901704,961.0,137.41322130982962,166.84728903537177,False
2807906053,Zona 2807906053,section,B-0602,unchanged,1240.0,1114.5837461227395,1308.0,193.4162538772605,173.53227565904342,False
2807906054,Zona 2807906054,section,B-0602,unchanged,1149.0,1041.962050777826,1489.0,447.0379492221739,429.03477040114797,False
2807906056,Zona 2807906056,section,B-0603,unchanged,2227.0,2038.4682175886967,2356.0,317.5317824113033,155.7697979647245,False
2807906057,Zona 2807906057,section,B-0603,unchanged,1416.0,1255.5076536262711,1409.0,153.49234637372888,122.25520563765451,False
2807906058,Zona 2807906058,section,B-0603,unchanged,1197.0,1072.9309117855298,1157.0,84.06908821447018,78.3546147203138,False
2807906059,Zona 2807906059,section,B-0603,unchanged,961.0,865.0144891880869,1151.0,285.98551081191306,330.6135496994305,False
2807906060,Zona 2807906060,section,B-0603,unchanged,887.0,746.2605271271775,885.0,138.7394728728225,185.91291891977363,False
2807906061,Zona 2807906061,section,B-0603,unchanged,958.0,821.5635153740865,847.0,25.436484625913522,30.96106892518396,False
2807906062,Zona 2807906062,section,B-0603,unchanged,1807.0,1590.8909461178116,2026.0,435.1090538821884,273.5002389346472,False
2807906063,Zona 2807906063,section,B-0603,unchanged,1158.0,1020.4519932124058,1176.0,155.5480067875942,152.43049925153812,False
2807906064,Zona 2807906064,section,B-0603,unchanged,727.0,624.2149050343069,687.0,62.78509496569313,100.5824988466792,False
2807906065,Zona 2807906065,section,B-0603,unchanged,846.0,744.1940570161277,861.0,116.80594298387234,156.956296388888,False
2807906066,Zona 2807906066,section,B-0603,unchanged,1244.0,1115.107045376856,1309.0,193.89295462314408,173.8783334093428,False
2807906067,Zona 2807906067,section,B-0603,unchanged,1147.0,1032.1755322956774,1192.0,159.82446770432261,154.84233321134303,False
2807906068,Zona 2807906068,section,B-0603,unchanged,1182.0,1054.6451697129676,1200.0,145.35483028703243,137.8234447578158,False
2807906069,Zona 2807906069,section,B-0603,unchanged,1452.0,1317.0555493466875,1601.0,283.9444506533125,215.59033770000084,False
2807906070,Zona 2807906070,section,B-0603,unchanged,1262.0,1148.7071531543345,1431.0,282.2928468456655,245.74831459044466,False
2807906071,Zona 2807906071,section,B-0603,unchanged,909.0,803.7481856314444,990.0,186.25181436855564,231.72906352781578,False
2807906072,Zona 2807906072,section,B-0604,unchanged,1951.0,1747.2022061832308,2196.0,448.7977938167692,256.86654482721235,False
2807906073,Zona 2807906073,section,B-0604,unchanged,1583.0,1446.5275407622728,1670.0,223.4724592377272,154.4889073594579,False
2807906074,Zona 2807906074,section,B-0604,unchanged,910.0,813.2670218263866,866.0,52.732978173613446,64.8409154169179,False
2807906075,Zona 2807906075,section,B-0604,unchanged,992.0,879.9996639723079,1054.0,174.00033602769213,197.72773007918744,False
2807906076,Zona 2807906076,section,B-0604,unchanged,897.0,782.7874699296481,895.0,112.21253007035193,143.34993134271411,False
2807906077,Zona 2807906077,section,B-0604,unchanged,836.0,699.5978000954054,1062.0,362.40219990459457,518.0150650204633,False
2807906078,Zona 2807906078,section,B-0604,unchanged,984.0,885.4521086965867,975.0,89.54789130341328,101.1323937499348,False
2807906079,Zona 2807906079,section,B-0604,unchanged,964.0,817.790947145961,1035.0,217.209052854039,265.60461889690134,False
2807906080,Zona 2807906080,section,B-0604,unchanged,886.0,783.1124119894317,1181.0,397.88758801056827,508.0848955002106,False
2807906081,Zona 2807906081,section,B-0604,unchanged,2396.0,2131.1230550583355,2577.0,445.87694494166453,209.2215857190187,False
2807906084,Zona 2807906084,section,B-0604,unchanged,1577.0,1449.5708810967128,1883.0,433.4291189032872,299.0051225196828,False
2807906085,Zona 2807906085,section,B-0604,unchanged,1608.0,1464.9045465409108,1674.0,209.09545345908919,142.73657212193635,False
2807906089,Zona 2807906089,section,B-0604,unchanged,1214.0,1097.6936136933082,1201.0,103.30638630669182,94.1122231358406,False
2807906090,Zona 2807906090,section,B-0605,unchanged,1863.0,1718.662225688962,2166.0,447.33777431103795,260.282542796746,False
2807906091,Zona 2807906091,section,B-0605,unchanged,1474.0,1360.778805531666,1563.0,202.22119446833403,148.60695481608766,False
2807906092,Zona 2807906092,section,B-0605,unchanged,1095.0,987.9479899711799,1158.0,170.05201002882006,172.12648009312795,False
2807906093,Zona 2807906093,section,B-0605,unchanged,1235.0,1146.7353608448996,1337.0,190.26463915510044,165.9185245800007,False
2807906094,Zona 2807906094,section,B-0605,unchanged,1796.0,1672.0014830555879,2053.0,380.99851694441213,227.8697242828614,False
2807906095,Zona 2807906095,section,B-0605,unchanged,1055.0,978.4825883132974,1131.0,152.51741168670264,155.87135990800948,False
2807906096,Zona 2807906096,section,B-0605,unchanged,1087.0,1009.7253947095212,1270.0,260.2746052904788,257.76771254263133,False
2807906097,Zona 2807906097,section,B-0605,unchanged,1362.0,1249.6817524358655,1422.0,172.31824756413448,137.889704501369,False
2807906099,Zona 2807906099,section,B-0605,unchanged,1477.0,1374.9724171773537,2019.0,644.0275828226463,468.3930926736366,False
2807906102,Zona 2807906102,section,B-0605,unchanged,1547.0,1434.061834617199,1792.0,357.9381653828009,249.5974418553207,False
2807906103,Zona 2807906103,section,B-0605,unchanged,1535.0,1454.1698609706916,1563.0,108.83013902930838,74.84004582288742,False
2807906104,Zona 2807906104,section,B-0605,unchanged,1220.0,1151.6029896270124,1272.0,120.39701037298755,104.54732356329016,False
2807906105,Zona 2807906105,section,B-0605,unchanged,1792.0,1645.294267946557,1972.0,326.70573205344294,198.569786826763,False
2807906106,Zona 2807906106,section,B-0605,unchanged,1197.0,1101.970992369489,1228.0,126.02900763051093,114.36690121898745,False
2807906107,Zona 2807906107,section,B-0605,unchanged,1332.0,1188.172099404796,1448.0,259.827900595204,218.6786751896989,False
2807906108,Zona 2807906108,section,B-0606,unchanged,1265.0,1175.3460397469546,1452.0,276.6539602530454,235.3808588257186,False
2807906109,Zona 2807906109,section,B-0606,unchanged,1864.0,1731.127444080968,2203.0,471.87255591903204,272.5810612802934,False
2807906110,Zona 2807906110,section,B-0606,unchanged,1336.0,1232.6788324958038,1380.0,147.32116750419618,119.51301800641383,False
2807906111,Zona 2807906111,section,B-0606,unchanged,1803.0,1691.266878489985,2058.0,366.73312151001505,216.83929731861457,False
2807906112,Zona 2807906112,section,B-0606,unchanged,982.0,882.230459804854,1060.0,177.76954019514596,201.50011623319818,False
2807906113,Zona 2807906113,section,B-0606,unchanged,977.0,898.0519771471177,1032.0,133.94802285288233,149.15397578478817,False
2807906114,Zona 2807906114,section,B-0606,unchanged,1788.0,1668.1498096686776,2079.0,410.85019033132244,246.2909433853091,False
2807906115,Zona 2807906115,section,B-0606,unchanged,1035.0,944.3969292147418,1170.0,225.60307078525818,238.8858580605988,False
2807906116,Zona 2807906116,section,B-0606,unchanged,2126.0,1955.0700215003158,2196.0,240.92997849968424,123.23342685946112,False
2807906117,Zona 2807906117,section,B-0606,unchanged,1878.0,1737.6142801899362,2093.0,355.38571981006385,204.52509159352508,False
2807906118,Zona 2807906118,section,B-0606,unchanged,949.0,844.2195310232341,947.0,102.78046897676586,121.74613971817384,False
2807906119,Zona 2807906119,section,B-0606,unchanged,909.0,824.5762274032987,1011.0,186.42377259670127,226.08434053910912,False
2807906120,Zona 2807906120,section,B-0606,unchanged,1359.0,1227.518133665052,1517.0,289.4818663349481,235.82695717140248,False
2807906121,Zona 2807906121,section,B-0606,unchanged,1215.0,1094.7516873768277,1220.0,125.2483126231723,114.40796489958751,False
2807906122,Zona 2807906122,section,B-0606,unchanged,1669.0,1505.6694921746198,1723.0,217.3305078253802,144.3414434275961,False
2807906123,Zona 2807906123,section,B-0606,unchanged,1261.0,1161.3917609085383,1367.0,205.60823909146166,177.03607517468316,False
2807906124,Zona 2807906124,section,B-0606,unchanged,1012.0,920.2958132995908,1132.0,211.7041867004092,230.03928045850137,False
2807906125,Zona 2807906125,section,B-0601,unchanged,1517.0,1379.708512477081,1475.0,95.29148752291894,69.06639095227142,False
2807906126,Zona 2807906126,section,B-0605,unchanged,1289.0,1198.3111007339542,1388.0,189.68889926604584,158.29687228121577,False
2807906127,Zona 2807906127,section,B-0604,unchanged,1522.0,1401.0344067137924,1366.0,-35.03440671379235,-25.006100168494495,False
2807906128,Zona 2807906128,section,B-0604,unchanged,1364.0,1160.9084735713682,1350.0,189.09152642863182,162.88237249825468,False
2807906129,Zona 2807906129,section,B-0604,unchanged,1640.0,1497.7591611447588,2001.0,503.24083885524124,335.9958342505527,False
2807907001,Zona 2807907001,section,B-0701,unchanged,1073.0,953.2541495721913,1176.0,222.7458504278087,233.66890196887607,False
2807907002,Zona 2807907002,section,B-0701,unchanged,842.0,766.3597187753959,820.0,53.64028122460411,69.99360732361895,False
2807907003,Zona 2807907003,section,B-0701,unchanged,1209.0,1108.9452323308676,1193.0,84.05476766913239,75.79704138540686,False
2807907006,Zona 2807907006,section,B-0701,unchanged,1360.0,1188.4715518080284,1466.0,277.5284481919716,233.51711512973623,False
2807907007,Zona 2807907007,section,B-0701,unchanged,856.0,769.854807396654,808.0,38.145192603346004,49.548554138848644,False
2807907008,Zona 2807907008,section,B-0701,unchanged,1247.0,1060.646639314587,1225.0,164.353360685413,154.95581147706434,False
2807907009,Zona 2807907009,section,B-0701,unchanged,862.0,779.9855372781072,888.0,108.01446272189276,138.4826481511794,False
2807907010,Zona 2807907010,section,B-0701,unchanged,1024.0,924.2674972618369,1024.0,99.73250273816313,107.90437079484339,False
2807907011,Zona 2807907011,section,B-0701,unchanged,1150.0,1030.7186491685634,1138.0,107.28135083143661,104.08403002892776,False
2807907012,Zona 2807907012,section,B-0701,unchanged,1451.0,1314.6075738422956,1423.0,108.39242615770445,82.45230615924288,False
2807907013,Zona 2807907013,section,B-0701,unchanged,829.0,723.0464734948825,841.0,117.95352650511745,163.13408726687092,False
2807907014,Zona 2807907014,section,B-0701,unchanged,1098.0,968.2909144990001,1068.0,99.70908550099989,102.97430659316886,False
2807907016,Zona 2807907016,section,B-0701,unchanged,1414.0,1275.3708525871714,1570.0,294.6291474128286,231.01449026779508,False
2807907017,Zona 2807907017,section,B-0701,unchanged,876.0,762.4725465505492,918.0,155.52745344945083,203.97777487604262,False
2807907018,Zona 2807907018,section,B-0701,unchanged,1471.0,1295.4447060787197,1494.0,198.55529392128028,153.27191734975892,False
2807907019,Zona 2807907019,section,B-0701,unchanged,1137.0,1007.6526273858651,1145.0,137.34737261413488,136.30428669694703,False
2807907021,Zona 2807907021,section,B-0701,unchanged,1775.0,1561.3814617916833,1886.0,324.61853820831675,207.904696034893,False
2807907023,Zona 2807907023,section,B-0701,unchanged,942.0,828.6716322872736,951.0,122.32836771272639,147.61983268943266,False
2807907024,Zona 2807907024,section,B-0702,unchanged,683.0,608.080790870763,682.0,73.91920912923695,121.56149353671522,False
2807907025,Zona 2807907025,section,B-0702,unchanged,1145.0,1033.2020539326747,1051.0,17.797946067325256,17.22600724570859,False
2807907026,Zona 2807907026,section,B-0702,unchanged,1699.0,1503.6142627932327,1679.0,175.38573720676732,116.6427730480269,False
2807907028,Zona 2807907028,section,B-0702,unchanged,1150.0,1001.0250309144893,1117.0,115.97496908551068,115.8562128856672,False
2807907030,Zona 2807907030,section,B-0702,unchanged,1113.0,995.7037282501165,1103.0,107.29627174988354,107.75923470573888,False
2807907031,Zona 2807907031,section,B-0702,unchanged,783.0,707.344261216017,765.0,57.655738783983,81.51015275767597,False
2807907032,Zona 2807907032,section,B-0702,unchanged,1320.0,1190.2626929065693,1153.0,-37.26269290656933,-31.306276445223585,False
2807907034,Zona 2807907034,section,B-0702,unchanged,1396.0,1259.0974971947269,1432.0,172.90250280527312,137.32256889597542,False
2807907035,Zona 2807907035,section,B-0702,unchanged,711.0,625.6730202307003,721.0,95.32697976929967,152.35910241766598,False
2807907036,Zona 2807907036,section,B-0702,unchanged,1547.0,1407.2252071659327,1527.0,119.77479283406728,85.11416099153492,False
2807907038,Zona 2807907038,section,B-0702,unchanged,1049.0,943.0400863852511,981.0,37.95991361474887,40.25270416685285,False
2807907039,Zona 2807907039,section,B-0702,unchanged,900.0,823.9921906844045,919.0,95.00780931559552,115.30183221358256,False
2807907040,Zona 2807907040,section,B-0702,unchanged,1008.0,911.3755351259186,1071.0,159.62446487408135,175.14675204884352,False
2807907041,Zona 2807907041,section,B-0702,unchanged,1249.0,1128.180993182175,1451.0,322.8190068178251,286.1411500182022,False
2807907042,Zona 2807907042,section,B-0702,unchanged,958.0,861.9548741438981,876.0,14.04512585610189,16.294502505193957,False
2807907043,Zona 2807907043,section,B-0702,unchanged,1090.0,956.8774781822214,1084.0,127.12252181777865,132.85140962798403,False
2807907044,Zona 2807907044,section,B-0702,unchanged,899.0,788.8582305780835,905.0,116.14176942191648,147.2276828965917,False
2807907045,Zona 2807907045,section,B-0702,unchanged,905.0,828.5817224881687,995.0,166.41827751183132,200.84715000964508,False
2807907046,Zona 2807907046,section,B-0702,unchanged,770.0,699.4697594521535,729.0,29.53024054784646,42.218037518842074,False
2807907047,Zona 2807907047,section,B-0702,unchanged,1062.0,950.7998495972323,1094.0,143.2001504027677,150.61019463079282,False
2807907048,Zona 2807907048,section,B-0702,unchanged,1663.0,1499.8958925644051,1786.0,286.10410743559487,190.74931057144,False
2807907049,Zona 2807907049,section,B-0702,unchanged,670.0,575.1954366485542,777.0,201.80456335144584,350.84520928622896,False
2807907050,Zona 2807907050,section,B-0703,unchanged,843.0,769.6149633162509,848.0,78.38503668374915,101.84967863149394,False
2807907051,Zona 2807907051,section,B-0703,unchanged,703.0,644.6563393485663,773.0,128.34366065143365,199.08849540070696,False
2807907052,Zona 2807907052,section,B-0703,unchanged,688.0,618.6108726662493,692.0,73.38912733375071,118.63536607017468,False
2807907053,Zona 2807907053,section,B-0703,unchanged,1265.0,1151.0644457268043,1425.0,273.93555427319575,237.98455011806706,False
2807907055,Zona 2807907055,section,B-0703,unchanged,711.0,648.0936924768289,689.0,40.90630752317111,63.1178917462364,False
2807907056,Zona 2807907056,section,B-0703,unchanged,715.0,655.5496940985103,706.0,50.45030590148974,76.95878185233127,False
2807907057,Zona 2807907057,section,B-0703,unchanged,1375.0,1235.8476252491134,1427.0,191.15237475088657,154.67309306222555,False
2807907058,Zona 2807907058,section,B-0703,unchanged,1132.0,1023.5953151485844,1134.0,110.4046848514156,107.85970120954426,False
2807907059,Zona 2807907059,section,B-0703,unchanged,768.0,703.2503896313068,756.0,52.7496103686932,75.00829170723708,False
2807907060,Zona 2807907060,section,B-0703,unchanged,880.0,797.9961708726821,865.0,67.00382912731789,83.96510105310787,False
2807907061,Zona 2807907061,section,B-0703,unchanged,1181.0,1067.920280552617,1199.0,131.079719447383,122.742981694807,False
2807907062,Zona 2807907062,section,B-0703,unchanged,961.0,880.8687298950442,1001.0,120.13127010495577,136.3781753488621,False
2807907063,Zona 2807907063,section,B-0703,unchanged,1243.0,1114.1601195285625,1170.0,55.83988047143748,50.11836224677038,False
2807907064,Zona 2807907064,section,B-0703,unchanged,1074.0,949.7697539509697,1046.0,96.23024604903026,101.31955207956432,False
2807907065,Zona 2807907065,section,B-0703,unchanged,1276.0,1156.9363572908183,1341.0,184.06364270918175,159.09573724539268,False
2807907066,Zona 2807907066,section,B-0703,unchanged,1066.0,964.8547673541236,1027.0,62.145232645876376,64.40889836331986,False
2807907067,Zona 2807907067,section,B-0703,unchanged,942.0,843.9698980945052,1041.0,197.0301019054948,233.4563144376886,False
2807907068,Zona 2807907068,section,B-0703,unchanged,1077.0,978.8087622096082,1042.0,63.191237790391824,64.55932990193202,False
2807907069,Zona 2807907069,section,B-0703,unchanged,974.0,886.581192789749,913.0,26.418807210250975,29.798519780371816,False
2807907070,Zona 2807907070,section,B-0703,unchanged,1199.0,1098.457479786826,1248.0,149.54252021317393,136.13865166833327,False
2807907071,Zona 2807907071,section,B-0703,unchanged,991.0,887.3189847764212,985.0,97.68101522357881,110.08556888726055,False
2807907072,Zona 2807907072,section,B-0703,unchanged,1534.0,1381.5943653840307,1454.0,72.40563461596935,52.40730306238861,False
2807907073,Zona 2807907073,section,B-0703,unchanged,1285.0,1156.2664194724234,1382.0,225.73358052757658,195.22627028342947,False
2807907075,Zona 2807907075,section,B-0704,unchanged,981.0,894.9225906672738,993.0,98.07740933272623,109.59317638813609,False
2807907076,Zona 2807907076,section,B-0704,unchanged,948.0,819.1731793136564,844.0,24.82682068634358,30.30716985527372,False
2807907078,Zona 2807907078,section,B-0704,unchanged,965.0,881.2766615426849,979.0,97.7233384573151,110.88837674000044,False
2807907079,Zona 2807907079,section,B-0704,unchanged,903.0,821.302053204928,870.0,48.69794679507197,59.293589496142474,False
2807907080,Zona 2807907080,section,B-0704,unchanged,1233.0,1117.9209466161208,1130.0,12.079053383879227,10.804926252112722,False
2807907081,Zona 2807907081,section,B-0704,unchanged,1266.0,1152.3116591537125,1356.0,203.68834084628747,176.76497432637404,False
2807907082,Zona 2807907082,section,B-0704,unchanged,1057.0,971.5923126886951,1080.0,108.40768731130493,111.5773415408233,False
2807907083,Zona 2807907083,section,B-0704,unchanged,689.0,611.7665694157507,670.0,58.23343058424928,95.18897157107385,False
2807907084,Zona 2807907084,section,B-0704,unchanged,1096.0,984.2141125439202,1021.0,36.78588745607976,37.37589919433126,False
2807907085,Zona 2807907085,section,B-0704,unchanged,1466.0,1255.830449394779,1474.0,218.16955060522105,173.72532312014195,False
2807907086,Zona 2807907086,section,B-0704,unchanged,802.0,727.5137625980033,834.0,106.48623740199673,146.37006593762135,False
2807907087,Zona 2807907087,section,B-0704,unchanged,884.0,803.2047983501682,904.0,100.79520164983182,125.491284236438,False
2807907088,Zona 2807907088,section,B-0704,unchanged,1088.0,985.675098285058,1048.0,62.32490171494203,63.23067491851927,False
2807907089,Zona 2807907089,section,B-0704,unchanged,1401.0,1271.9463438857424,1270.0,-1.946343885742408,-1.53020911227781,False
2807907090,Zona 2807907090,section,B-0704,unchanged,1030.0,949.1440679809672,941.0,-8.14406798096718,-8.580433946441195,False
2807907091,Zona 2807907091,section,B-0704,unchanged,927.0,782.961838422348,950.0,167.03816157765198,213.34138316910875,False
2807907092,Zona 2807907092,section,B-0704,unchanged,1184.0,1047.766345544585,1198.0,150.23365445541504,143.3846917246897,False
2807907093,Zona 2807907093,section,B-0704,unchanged,1244.0,1119.66034011282,1255.0,135.33965988718,120.87563972618946,False
2807907094,Zona 2807907094,section,B-0705,unchanged,1520.0,1378.0075102720573,1558.0,179.9924897279427,130.6179308793514,False
2807907095,Zona 2807907095,section,B-0705,unchanged,1419.0,1301.3814812010176,1300.0,-1.3814812010175501,-1.0615497615215872,False
2807907096,Zona 2807907096,section,B-0705,unchanged,1055.0,949.0516026044056,1182.0,232.94839739559438,245.45387917404378,False
2807907097,Zona 2807907097,section,B-0705,unchanged,782.0,719.5833452246351,841.0,121.41665477536492,168.73188572403913,False
2807907098,Zona 2807907098,section,B-0705,unchanged,893.0,784.630688010381,902.0,117.36931198961895,149.58542124733475,False
2807907099,Zona 2807907099,section,B-0705,unchanged,916.0,831.6252989190886,883.0,51.37470108091145,61.776260471736634,False
2807907100,Zona 2807907100,section,B-0705,unchanged,845.0,780.3392403266766,825.0,44.660759673323355,57.23249244088613,False
2807907101,Zona 2807907101,section,B-0705,unchanged,1271.0,1150.7127007865154,1222.0,71.28729921348463,61.95056260764269,False
2807907102,Zona 2807907102,section,B-0705,unchanged,1370.0,1264.9612887780318,1367.0,102.03871122196824,80.66548132910764,False
2807907103,Zona 2807907103,section,B-0705,unchanged,1519.0,1377.6406908193887,1445.0,67.35930918061126,48.894686132236345,False
2807907105,Zona 2807907105,section,B-0705,unchanged,1041.0,925.302878874132,1083.0,157.69712112586797,170.42756996254772,False
2807907106,Zona 2807907106,section,B-0705,unchanged,1311.0,1171.2600257365411,1199.0,27.739974263458862,23.68387348147967,False
2807907107,Zona 2807907107,section,B-0705,unchanged,1045.0,923.346824224191,961.0,37.65317577580902,40.77901692838522,False
2807907108,Zona 2807907108,section,B-0705,unchanged,960.0,875.4519132102807,1010.0,134.54808678971926,153.689865496246,False
2807907109,Zona 2807907109,section,B-0705,unchanged,1252.0,1112.302464122831,1222.0,109.697535877169,98.62203799366497,False
2807907110,Zona 2807907110,section,B-0705,unchanged,990.0,885.2126606620967,1011.0,125.78733933790329,142.09844134382396,False
2807907111,Zona 2807907111,section,B-0705,unchanged,1277.0,1122.1177325072895,1184.0,61.882267492710525,55.147749384941235,False
2807907114,Zona 2807907114,section,B-0705,unchanged,1791.0,1571.4346754231851,1646.0,74.56532457681487,47.450476779592854,False
2807907115,Zona 2807907115,section,B-0705,unchanged,1402.0,1275.7180365674933,1340.0,64.2819634325067,50.388848938333396,False
2807907116,Zona 2807907116,section,B-0705,unchanged,1062.0,932.9518350943002,1143.0,210.04816490569976,225.14363229101602,False
2807907117,Zona 2807907117,section,B-0705,unchanged,1341.0,1216.7571020473154,1300.0,83.24289795268464,68.41373501138406,False
2807907118,Zona 2807907118,section,B-0706,unchanged,1378.0,1254.980573779646,1484.0,229.01942622035403,182.48842333121732,False
2807907119,Zona 2807907119,section,B-0706,unchanged,1249.0,1125.9323643843761,1289.0,163.06763561562389,144.82897976272673,False
2807907121,Zona 2807907121,section,B-0706,unchanged,1707.0,1510.9014249247662,1678.0,167.09857507523384,110.5952859125501,False
2807907122,Zona 2807907122,section,B-0706,unchanged,1104.0,993.040941377733,1105.0,111.95905862226698,112.7436482799353,False
2807907123,Zona 2807907123,section,B-0706,unchanged,1096.0,979.0072433467438,1054.0,74.99275665325615,76.60081900609114,False
2807907124,Zona 2807907124,section,B-0706,unchanged,713.0,632.4381043142125,696.0,63.561895685787476,100.50295080608898,False
2807907125,Zona 2807907125,section,B-0706,unchanged,959.0,836.2720314235874,964.0,127.72796857641265,152.73495199759472,False
2807907126,Zona 2807907126,section,B-0706,unchanged,996.0,855.5286623856432,956.0,100.4713376143568,117.43772246530268,False
2807907127,Zona 2807907127,section,B-0706,unchanged,1382.0,1217.6314343904266,1344.0,126.36856560957335,103.78227930099084,False
2807907128,Zona 2807907128,section,B-0706,unchanged,758.0,666.9041497727515,748.0,81.09585022724855,121.60045825907977,False
2807907129,Zona 2807907129,section,B-0706,unchanged,817.0,714.9859550194856,838.0,123.01404498051443,172.05099501172987,False
2807907130,Zona 2807907130,section,B-0706,unchanged,972.0,852.2317715226749,1169.0,316.7682284773251,371.6925830063319,False
2807907131,Zona 2807907131,section,B-0706,unchanged,1206.0,1063.5344330304647,1191.0,127.4655669695353,119.85090751253945,False
2807907132,Zona 2807907132,section,B-0706,unchanged,1099.0,930.9078993943978,1086.0,155.09210060560224,166.60305569057627,False
2807907133,Zona 2807907133,section,B-0706,unchanged,1128.0,975.1987497725221,1026.0,50.80125022747791,52.09322739526478,False
2807907135,Zona 2807907135,section,B-0706,unchanged,1048.0,920.8324789208937,1064.0,143.16752107910634,155.4761852523726,False
2807908001,Zona 2807908001,section,B-0801,unchanged,817.0,668.6829277016195,815.0,146.31707229838048,218.8138297493222,False
2807908002,Zona 2807908002,section,B-0801,unchanged,697.0,625.8033996744737,765.0,139.19660032552633,222.4286419631672,False
2807908003,Zona 2807908003,section,B-0801,unchanged,1144.0,989.9624947198049,1064.0,74.03750528019509,74.78819215383547,False
2807908004,Zona 2807908004,section,B-0801,unchanged,711.0,641.0521165582279,614.0,-27.052116558227908,-42.199558911792025,False
2807908005,Zona 2807908005,section,B-0802,unchanged,999.0,896.2682744661977,1100.0,203.73172553380232,227.31109795796522,False
2807908006,Zona 2807908006,section,B-0802,unchanged,968.0,859.9864656941303,939.0,79.01353430586971,91.8776486117077,False
2807908007,Zona 2807908007,section,B-0802,unchanged,1212.0,1090.2662666184515,1137.0,46.73373338154852,42.86451375451334,False
2807908008,Zona 2807908008,section,B-0803,unchanged,1412.0,1278.3135763247283,1687.0,408.6864236752717,319.70748902650604,False
2807908009,Zona 2807908009,section,B-0803,unchanged,1673.0,1508.1919139756506,1650.0,141.80808602434945,94.02522630594007,False
2807908010,Zona 2807908010,section,B-0803,unchanged,827.0,740.5026973632653,834.0,93.49730263673473,126.26193391280539,False
2807908011,Zona 2807908011,section,B-0803,unchanged,726.0,644.8339853698657,693.0,48.16601463013433,74.69521725426294,False
2807908012,Zona 2807908012,section,B-0803,unchanged,1227.0,1143.618776668404,1375.0,231.38122333159595,202.32373589183004,False
2807908014,Zona 2807908014,section,B-0803,unchanged,713.0,651.5502749932002,664.0,12.449725006799781,19.107850130106552,False
2807908015,Zona 2807908015,section,B-0803,unchanged,1001.0,889.7492667876248,898.0,8.250733212375167,9.273099198118858,False
2807908016,Zona 2807908016,section,B-0803,unchanged,883.0,787.0014599009618,997.0,209.99854009903822,266.8337364017914,False
2807908017,Zona 2807908017,section,B-0803,unchanged,1799.0,1642.5163592112094,1700.0,57.48364078879058,34.99730183289993,False
2807908018,Zona 2807908018,section,B-0803,unchanged,820.0,728.8551802051876,820.0,91.1448197948124,125.0520299096362,False
2807908019,Zona 2807908019,section,B-0803,unchanged,824.0,716.2067038735366,861.0,144.79329612646336,202.1669098367307,False
2807908020,Zona 2807908020,section,B-0803,unchanged,876.0,762.8237009658111,802.0,39.1762990341889,51.35695047831863,False
2807908021,Zona 2807908021,section,B-0803,unchanged,978.0,863.3858141441965,999.0,135.6141858558035,157.072520342747,False
2807908022,Zona 2807908022,section,B-0803,unchanged,947.0,854.6680521540442,886.0,31.331947845955824,36.6597859449514,False
2807908023,Zona 2807908023,section,B-0803,unchanged,974.0,885.8250554088082,879.0,-6.825055408808225,-7.704744144608172,False
2807908024,Zona 2807908024,section,B-0803,unchanged,1895.0,1757.2044131841676,1705.0,-52.204413184167606,-29.708787886305068,False
2807908025,Zona 2807908025,section,B-0803,unchanged,836.0,722.7612235509336,798.0,75.23877644906645,104.09907725737907,False
2807908026,Zona 2807908026,section,B-0803,unchanged,1404.0,1255.973262150845,1272.0,16.026737849155097,12.760413244553812,False
2807908027,Zona 2807908027,section,B-0803,unchanged,1360.0,1212.4576786386542,1214.0,1.5423213613457847,1.2720620179316287,False
2807908028,Zona 2807908028,section,B-0803,unchanged,1185.0,1023.8944333052924,1059.0,35.10556669470759,34.28631463634517,False
2807908029,Zona 2807908029,section,B-0803,unchanged,1464.0,1277.9519475939546,1414.0,136.04805240604537,106.45787790549392,False
2807908030,Zona 2807908030,section,B-0804,unchanged,1495.0,1286.4194622493133,1392.0,105.58053775068674,82.07318129817351,False
2807908031,Zona 2807908031,section,B-0804,unchanged,1459.0,1274.9118557255565,1378.0,103.0881442744435,80.8590364984689,False
2807908032,Zona 2807908032,section,B-0804,unchanged,668.0,576.0491414635668,671.0,94.9508585364332,164.83117793595136,False
2807908033,Zona 2807908033,section,B-0804,unchanged,1042.0,921.0732028961619,1059.0,137.9267971038381,149.745749491083,False
2807908034,Zona 2807908034,section,B-0804,unchanged,1644.0,1445.874394412287,1525.0,79.12560558771293,54.725089463857316,False
2807908035,Zona 2807908035,section,B-0805,unchanged,1440.0,1309.4804924453229,1268.0,-41.48049244532285,-31.67706024231198,False
2807908036,Zona 2807908036,section,B-0805,unchanged,1576.0,1396.1800566450058,1440.0,43.819943354994166,31.38559611021279,False
2807908037,Zona 2807908037,section,B-0805,unchanged,844.0,766.2891848311957,738.0,-28.289184831195712,-36.91711352735257,False
2807908038,Zona 2807908038,section,B-0805,unchanged,838.0,709.2457660877477,754.0,44.75423391225229,63.101164719135326,False
2807908039,Zona 2807908039,section,B-0805,unchanged,1072.0,955.437250148105,957.0,1.5627498518949778,1.6356383966113228,False
2807908040,Zona 2807908040,section,B-0805,unchanged,1142.0,1016.5342475092369,931.0,-85.53424750923693,-84.14300621825306,False
2807908041,Zona 2807908041,section,B-0805,unchanged,743.0,639.1301917942343,680.0,40.86980820576571,63.94598272854492,False
2807908042,Zona 2807908042,section,B-0805,unchanged,1426.0,1244.5620145652117,1290.0,45.43798543478829,36.50921762276512,False
2807908043,Zona 2807908043,section,B-0805,unchanged,1400.0,1270.5039544838453,1209.0,-61.50395448384529,-48.40910118129611,False
2807908044,Zona 2807908044,section,B-0805,unchanged,1645.0,1497.9838670267384,1397.0,-100.98386702673838,-67.41318731768149,False
2807908045,Zona 2807908045,section,B-0804,unchanged,898.0,787.328512348346,892.0,104.67148765165405,132.94512520504676,False
2807908046,Zona 2807908046,section,B-0804,unchanged,1091.0,972.4183288557857,1125.0,152.58167114421428,156.9094972980943,False
2807908047,Zona 2807908047,section,B-0804,unchanged,1247.0,1122.5787993390622,1357.0,234.42120066093776,208.82382670949897,False
2807908048,Zona 2807908048,section,B-0804,unchanged,1060.0,948.754547040907,1072.0,123.24545295909297,129.90235814256292,False
2807908049,Zona 2807908049,section,B-0803,unchanged,2212.0,2112.2699395622544,2099.0,-13.269939562254422,-6.282312366289924,False
2807908050,Zona 2807908050,section,B-0803,unchanged,1900.0,1735.0841971826962,1602.0,-133.08419718269624,-76.7018669173454,False
2807908051,Zona 2807908051,section,B-0803,unchanged,1366.0,1236.7871911273821,1167.0,-69.78719112738213,-56.426191690882774,False
2807908052,Zona 2807908052,section,B-0803,unchanged,1854.0,1706.1017957179765,1929.0,222.89820428202347,130.6476582121066,False
2807908053,Zona 2807908053,section,B-0804,unchanged,1135.0,1001.7310388794575,1188.0,186.26896112054249,185.9470794964126,False
2807908054,Zona 2807908054,section,B-0804,unchanged,1144.0,1014.7786535166782,1013.0,-1.7786535166782187,-1.7527502283521241,False
2807908055,Zona 2807908055,section,B-0804,unchanged,1508.0,1342.1839339765484,1396.0,53.81606602345164,40.09589495234709,False
2807908056,Zona 2807908056,section,B-0804,unchanged,1166.0,1008.8736517009515,1100.0,91.12634829904846,90.32483715419696,False
2807908057,Zona 2807908057,section,B-0804,unchanged,1085.0,939.5458241899777,1010.0,70.45417581002232,74.98748224522615,False
2807908058,Zona 2807908058,section,B-0804,unchanged,872.0,774.9955470272515,817.0,42.00445297274848,54.19960557692271,False
2807908059,Zona 2807908059,section,B-0804,unchanged,898.0,790.3810693485901,751.0,-39.38106934859013,-49.825420769562335,False
2807908060,Zona 2807908060,section,B-0804,unchanged,1355.0,1196.5863944450793,1143.0,-53.58639444507935,-44.782720824709195,False
2807908061,Zona 2807908061,section,B-0804,unchanged,975.0,866.337516098715,927.0,60.662483901284986,70.02176723739248,False
2807908062,Zona 2807908062,section,B-0804,unchanged,687.0,603.1175923611868,708.0,104.88240763881322,173.9004283197939,False
2807908063,Zona 2807908063,section,B-0804,unchanged,812.0,714.6481076840358,813.0,98.35189231596416,137.62282619720872,False
2807908064,Zona 2807908064,section,B-0804,unchanged,1186.0,1027.5476881799898,1197.0,169.4523118200102,164.90943804286795,False
2807908065,Zona 2807908065,section,B-0804,unchanged,958.0,834.6688367369098,960.0,125.33116326309016,150.15675408832223,False
2807908066,Zona 2807908066,section,B-0804,unchanged,774.0,676.7240873351926,807.0,130.27591266480738,192.50964329910065,False
2807908067,Zona 2807908067,section,B-0804,unchanged,1408.0,1247.828841066185,1614.0,366.1711589338149,293.4466225519732,False
2807908068,Zona 2807908068,section,B-0804,unchanged,997.0,872.5144579500882,983.0,110.48554204991183,126.6288954219623,False
2807908069,Zona 2807908069,section,B-0804,unchanged,852.0,752.7599332049946,848.0,95.24006679500542,126.52116909239012,False
2807908071,Zona 2807908071,section,B-0804,unchanged,951.0,821.7907817219259,921.0,99.2092182780741,120.72320654436848,False
2807908072,Zona 2807908072,section,B-0804,unchanged,977.0,875.6533853953864,905.0,29.346614604613592,33.513962366927444,False
2807908073,Zona 2807908073,section,B-0804,unchanged,859.0,759.8011410446749,878.0,118.19885895532514,155.5655191472992,False
2807908074,Zona 2807908074,section,B-0804,unchanged,892.0,794.5589578328811,904.0,109.4410421671189,137.73810122991216,False
2807908075,Zona 2807908075,section,B-0804,unchanged,884.0,780.8891173826614,887.0,106.11088261733858,135.88469893522762,False
2807908076,Zona 2807908076,section,B-0804,unchanged,865.0,781.4121286277964,890.0,108.58787137220361,138.96363697718644,False
2807908077,Zona 2807908077,section,B-0804,unchanged,1016.0,915.9124218377103,979.0,63.087578162289674,68.87948744674641,False
2807908078,Zona 2807908078,section,B-0804,unchanged,814.0,726.0669256719449,752.0,25.933074328055113,35.717195496896004,False
2807908079,Zona 2807908079,section,B-0804,unchanged,977.0,857.8175934272637,918.0,60.18240657273634,70.15758015907299,False
2807908080,Zona 2807908080,section,B-0804,unchanged,874.0,780.3347863849342,911.0,130.6652136150658,167.44763388083723,False
2807908081,Zona 2807908081,section,B-0804,unchanged,904.0,787.819705614374,877.0,89.18029438562598,113.19886231594009,False
2807908082,Zona 2807908082,section,B-0804,unchanged,976.0,882.5926470896163,982.0,99.40735291038368,112.63106852088934,False
2807908083,Zona 2807908083,section,B-0804,unchanged,1024.0,908.9964539820814,972.0,63.00354601791855,69.31110208616997,False
2807908084,Zona 2807908084,section,B-0804,unchanged,924.0,832.5170665331487,930.0,97.48293346685125,117.0942163057383,False
2807908085,Zona 2807908085,section,B-0804,unchanged,846.0,762.02868293204,819.0,56.971317067959944,74.76269377256605,False
2807908086,Zona 2807908086,section,B-0804,unchanged,776.0,688.8402035008402,835.0,146.15979649915982,212.18244196018614,False
2807908089,Zona 2807908089,section,B-0804,unchanged,722.0,643.7558870470901,668.0,24.24411295290986,37.66041358335015,False
2807908090,Zona 2807908090,section,B-0805,unchanged,1209.0,1072.238687626901,1079.0,6.761312373098917,6.305790353510916,False
2807908091,Zona 2807908091,section,B-0805,unchanged,808.0,712.0905648050434,795.0,82.90943519495659,116.43102618226038,False
2807908092,Zona 2807908092,section,B-0805,unchanged,978.0,858.7847358150734,952.0,93.21526418492658,108.54322427663539,False
2807908093,Zona 2807908093,section,B-0805,unchanged,960.0,843.5074673964953,937.0,93.49253260350474,110.8378244617935,False
2807908094,Zona 2807908094,section,B-0805,unchanged,1155.0,1034.004789887507,1062.0,27.99521011249294,27.074545868920623,False
2807908095,Zona 2807908095,section,B-0805,unchanged,1621.0,1471.9859504309393,1440.0,-31.985950430939283,-21.729793291556255,False
2807908096,Zona 2807908096,section,B-0805,unchanged,1548.0,1393.889727615857,1323.0,-70.88972761585705,-50.857486221028815,False
2807908097,Zona 2807908097,section,B-0805,unchanged,834.0,761.5405600907569,754.0,-7.540560090756912,-9.901718287806316,False
2807908098,Zona 2807908098,section,B-0805,unchanged,1797.0,1639.5928174865758,1617.0,-22.59281748657577,-13.779529432929312,False
2807908099,Zona 2807908099,section,B-0805,unchanged,1566.0,1462.9160411780526,1366.0,-96.91604117805264,-66.24853269091805,False
2807908100,Zona 2807908100,section,B-0805,unchanged,1410.0,1305.800190726565,1209.0,-96.800190726565,-74.13093627494729,False
2807908102,Zona 2807908102,section,B-0805,unchanged,2083.0,1928.865672411512,1850.0,-78.86567241151192,-40.88707344400622,False
2807908103,Zona 2807908103,section,B-0805,unchanged,1427.0,1297.9075930469378,1252.0,-45.90759304693779,-35.370463423490875,False
2807908104,Zona 2807908104,section,B-0806,unchanged,1183.0,1046.0075804727123,1382.0,335.99241952728767,321.2141343903509,False
2807908105,Zona 2807908105,section,B-0806,unchanged,804.0,706.5869279081714,875.0,168.41307209182855,238.34727963395844,False
2807908106,Zona 2807908106,section,B-0806,unchanged,929.0,837.5190499618943,1087.0,249.48095003810568,297.88092587202243,False
2807908107,Zona 2807908107,section,B-0806,unchanged,707.0,605.4673141700149,804.0,198.5326858299851,327.89992322234133,False
2807908108,Zona 2807908108,section,B-0806,unchanged,696.0,584.0559139763179,771.0,186.94408602368208,320.07909097426284,False
2807908109,Zona 2807908109,section,B-0806,unchanged,1197.0,1051.565386912708,1304.0,252.43461308729206,240.05603096961488,False
2807908110,Zona 2807908110,section,B-0806,unchanged,1073.0,912.2932737171478,1054.0,141.70672628285217,155.33023246512246,False
2807908111,Zona 2807908111,section,B-0806,unchanged,1536.0,1379.2697091062741,1802.0,422.73029089372585,306.48849032408793,False
2807908112,Zona 2807908112,section,B-0806,unchanged,1098.0,962.1744188183628,982.0,19.825581181637176,20.60497638877656,False
2807908113,Zona 2807908113,section,B-0806,unchanged,887.0,775.5484976389328,933.0,157.45150236106724,203.0195440264665,False
2807908114,Zona 2807908114,section,B-0806,unchanged,965.0,883.743639809381,874.0,-9.743639809380966,-11.025414351477108,False
2807908115,Zona 2807908115,section,B-0806,unchanged,1025.0,935.3071680473342,1084.0,148.69283195266576,158.9775391790226,False
2807908116,Zona 2807908116,section,B-0806,unchanged,775.0,644.8915157833691,833.0,188.10848421663093,291.6901209161201,False
2807908117,Zona 2807908117,section,B-0806,unchanged,873.0,750.9380744846464,913.0,162.06192551535355,215.81263625043033,False
2807908119,Zona 2807908119,section,B-0806,unchanged,1583.0,1362.0788915681649,1661.0,298.92110843183514,219.4594676433804,False
2807908120,Zona 2807908120,section,B-0806,unchanged,980.0,845.0778559609987,1095.0,249.9221440390013,295.7386023975233,False
2807908121,Zona 2807908121,section,B-0806,unchanged,1432.0,1295.841046489586,1354.0,58.158953510413994,44.88124038667067,False
2807908122,Zona 2807908122,section,B-0806,unchanged,874.0,776.2870501816608,814.0,37.71294981833921,48.58119146714339,False
2807908123,Zona 2807908123,section,B-0806,unchanged,1341.0,1250.0298675265853,1459.0,208.97013247341465,167.17211156474252,False
2807908124,Zona 2807908124,section,B-0806,unchanged,1683.0,1522.0581217019223,1814.0,291.94187829807765,191.80731283220416,False
2807908125,Zona 2807908125,section,B-0806,unchanged,1139.0,1048.5871942221588,1315.0,266.4128057778412,254.06833808939083,False
2807908126,Zona 2807908126,section,B-0806,unchanged,1443.0,1289.5004711802858,1519.0,229.49952881971421,177.97552924478748,False
2807908132,Zona 2807908132,section,B-0807,unchanged,932.0,852.3160287665692,1081.0,228.68397123343084,268.30889425413164,False
2807908133,Zona 2807908133,section,B-0807,unchanged,767.0,696.7017407841648,706.0,9.298259215835174,13.346111645091659,False
2807908134,Zona 2807908134,section,B-0807,unchanged,1346.0,1231.9248054735474,1435.0,203.0751945264526,164.8438229542681,False
2807908135,Zona 2807908135,section,B-0807,unchanged,2534.0,2438.1673564685852,2228.0,-210.16735646858524,-86.19890505506125,False
2807908136,Zona 2807908136,section,B-0807,unchanged,1323.0,1168.6595540856301,1170.0,1.340445914369866,1.1469943574958774,False
2807908137,Zona 2807908137,section,B-0807,unchanged,1614.0,1463.1306076437031,1629.0,165.86939235629688,113.36608740857459,False
2807908138,Zona 2807908138,section,B-0807,unchanged,1159.0,1070.4251367014228,1206.0,135.57486329857716,126.6551565823267,False
2807908140,Zona 2807908140,section,B-0803,unchanged,868.0,780.455218019682,791.0,10.544781980318021,13.511066025125988,False
2807908141,Zona 2807908141,section,B-0803,unchanged,1033.0,933.0289933183802,918.0,-15.02899331838023,-16.107745231933905,False
2807908142,Zona 2807908142,section,B-0803,unchanged,1269.0,1173.9175551370965,1122.0,-51.91755513709654,-44.2258955153229,False
2807908143,Zona 2807908143,section,B-0803,unchanged,1246.0,1149.2500850246424,1224.0,74.74991497535757,65.04234017416215,False
2807908144,Zona 2807908144,section,B-0805,unchanged,1564.0,1431.3779434443566,1393.0,-38.37794344435656,-26.811886839618936,False
2807908145,Zona 2807908145,section,B-0803,unchanged,1301.0,1200.5091802017823,1222.0,21.49081979821767,17.901420624376634,False
2807908146,Zona 2807908146,section,B-0805,unchanged,1541.0,1420.0548151209975,1317.0,-103.05481512099755,-72.57101206492274,False
2807908148,Zona 2807908148,section,B-0803,unchanged,1972.0,1838.0708895154778,1844.0,5.929110484522198,3.225724599819506,False
2807908149,Zona 2807908149,section,B-0803,unchanged,771.0,687.7902739730446,640.0,-47.79027397304458,-69.48378856389229,False
2807908150,Zona 2807908150,section,B-0805,unchanged,1337.0,1226.837537903882,1223.0,-3.837537903882094,-3.127991918505146,False
2807908151,Zona 2807908151,section,B-0803,unchanged,900.0,829.122549436334,804.0,-25.122549436333998,-30.300164256071877,False
2807908152,Zona 2807908152,section,B-0807,unchanged,1621.0,1503.0143997040173,1437.0,-66.01439970401725,-43.921335495532986,False
2807908153,Zona 2807908153,section,B-0806,unchanged,1602.0,1524.20018034902,1501.0,-23.200180349020002,-15.221216115922184,False
2807908154,Zona 2807908154,section,B-0807,unchanged,1686.0,1610.7238053677722,1497.0,-113.72380536777223,-70.60416254405949,False
2807908155,Zona 2807908155,section,B-0807,unchanged,1395.0,1338.407110151455,1449.0,110.59288984854493,82.6302318702044,False
2807908156,Zona 2807908156,section,B-0807,unchanged,1445.0,1370.0101957356,1223.0,-147.01019573560006,-107.30591362983678,False
2807908157,Zona 2807908157,section,B-0803,unchanged,760.0,688.2954894142913,999.0,310.7045105857087,451.4115163679256,False
2807908158,Zona 2807908158,section,B-0807,unchanged,1515.0,1406.973772960857,1365.0,-41.973772960857104,-29.832661963930466,False
2807908159,Zona 2807908159,section,B-0806,unchanged,2059.0,1939.4111302818606,1893.0,-46.41113028186055,-23.930526930159196,False
2807908162,Zona 2807908162,section,B-0806,unchanged,1439.0,1383.0803795699735,1335.0,-48.0803795699735,-34.76325763866495,False
2807908163,Zona 2807908163,section,B-0807,unchanged,1913.0,1812.1501704748296,1707.0,-105.15017047482957,-58.02508654527099,False
2807908164,Zona 2807908164,section,B-0808,unchanged,2569.0,2517.621262188147,2617.0,99.37873781185317,39.47326760558094,False
2807908165,Zona 2807908165,section,B-0808,unchanged,1609.0,1571.002718882873,2170.0,598.9972811171269,381.2834146735716,False
2807908166,Zona 2807908166,section,B-0806,unchanged,1061.0,1005.8776797627703,1714.0,708.1223202372297,703.9845246434295,False
2807908169,Zona 2807908169,section,B-0808,unchanged,2577.0,2529.4250381443494,2618.0,88.5749618556506,35.01782441460746,False
2807908170,Zona 2807908170,section,B-0806,unchanged,2598.0,2560.1784968233505,2488.0,-72.17849682335054,-28.19275957239273,False
2807908172,Zona 2807908172,section,B-0806,unchanged,1957.0,1914.4447733855268,2064.0,149.5552266144732,78.11937366571196,False
2807908174,Zona 2807908174,section,B-0806,unchanged,1819.0,1774.7770114381715,1734.0,-40.777011438171485,-22.975850585943903,False
2807908175,Zona 2807908175,section,B-0807,unchanged,1073.0,1032.6250778240637,1126.0,93.37492217593626,90.42480584792195,False
2807908177,Zona 2807908177,section,B-0807,unchanged,1348.0,1297.9383694548126,1239.0,-58.93836945481257,-45.40922037736592,False
2807908178,Zona 2807908178,section,B-0808,unchanged,1933.0,1892.8186346656494,1874.0,-18.81863466564937,-9.942122462764916,False
2807908179,Zona 2807908179,section,B-0806,unchanged,1279.0,1251.0013241334557,1389.0,137.99867586654432,110.31057538019259,False
2807908180,Zona 2807908180,section,B-0807,unchanged,1046.0,999.7535499085983,915.0,-84.7535499085983,-84.77444257772011,False
2807909001,Zona 2807909001,section,B-0901,unchanged,1111.0,946.8648807579879,1127.0,180.13511924201214,190.24374322322495,False
2807909002,Zona 2807909002,section,B-0901,unchanged,1161.0,1011.7955055374484,1423.0,411.20449446255157,406.4106750940021,False
2807909004,Zona 2807909004,section,B-0901,unchanged,1430.0,1248.2316229699184,1383.0,134.76837703008164,107.96744334150672,False
2807909005,Zona 2807909005,section,B-0901,unchanged,785.0,664.5216540867652,828.0,163.47834591323476,246.00905765501167,False
2807909006,Zona 2807909006,section,B-0901,unchanged,701.0,594.8592847595962,724.0,129.14071524040378,217.09456093064787,False
2807909007,Zona 2807909007,section,B-0901,unchanged,933.0,821.8100167999334,864.0,42.18998320006665,51.3378789958673,False
2807909008,Zona 2807909008,section,B-0901,unchanged,1105.0,965.5604982411658,1167.0,201.43950175883424,208.6244229395983,False
2807909009,Zona 2807909009,section,B-0901,unchanged,961.0,828.355519090439,1009.0,180.64448090956103,218.0760274379707,False
2807909011,Zona 2807909011,section,B-0902,unchanged,1326.0,1194.9697175338968,1477.0,282.03028246610324,236.01458541404682,False
2807909012,Zona 2807909012,section,B-0902,unchanged,675.0,601.6116376931201,685.0,83.38836230687991,138.6082932614678,False
2807909013,Zona 2807909013,section,B-0902,unchanged,1273.0,1140.8460525642881,1315.0,174.15394743571187,152.65332868029367,False
2807909014,Zona 2807909014,section,B-0902,unchanged,1820.0,1658.9781293659648,2083.0,424.02187063403517,255.59220048071978,False
2807909015,Zona 2807909015,section,B-0902,unchanged,1596.0,1436.6578790536573,1544.0,107.34212094634267,74.7165504824643,False
2807909016,Zona 2807909016,section,B-0902,unchanged,888.0,803.7443696464235,917.0,113.25563035357652,140.91001396799706,False
2807909017,Zona 2807909017,section,B-0902,unchanged,1128.0,1007.047289441808,1089.0,81.95271055819205,81.3792077267963,False
2807909018,Zona 2807909018,section,B-0902,unchanged,1316.0,1167.664090298786,1318.0,150.33590970121395,128.74927896664653,False
2807909019,Zona 2807909019,section,B-0902,unchanged,1407.0,1201.4120004219021,1434.0,232.58799957809788,193.59553550024432,False
2807909020,Zona 2807909020,section,B-0902,unchanged,867.0,770.3607669181612,901.0,130.63923308183882,169.58188772315452,False
2807909021,Zona 2807909021,section,B-0902,unchanged,1022.0,917.8508003276438,1041.0,123.14919967235619,134.1712614167747,False
2807909022,Zona 2807909022,section,B-0902,unchanged,1122.0,993.2437424653396,1063.0,69.75625753466045,70.2307545995888,False
2807909023,Zona 2807909023,section,B-0902,unchanged,1761.0,1589.9169658504086,1955.0,365.0830341495914,229.62396275475757,False
2807909024,Zona 2807909024,section,B-0902,unchanged,683.0,621.7152757603319,708.0,86.2847242396681,138.7849512530402,False
2807909025,Zona 2807909025,section,B-0902,unchanged,921.0,835.2288919738247,952.0,116.77110802617528,139.8073140767678,False
2807909026,Zona 2807909026,section,B-0902,unchanged,1239.0,1134.677925695465,1191.0,56.32207430453491,49.63705826039937,False
2807909028,Zona 2807909028,section,B-0902,unchanged,1572.0,1343.1233416073362,1556.0,212.87665839266378,158.49375243371992,False
2807909029,Zona 2807909029,section,B-0902,unchanged,972.0,866.4543118409309,973.0,106.54568815906907,122.96746256902395,False
2807909030,Zona 2807909030,section,B-0902,unchanged,1175.0,1030.2836502473087,1174.0,143.71634975269126,139.4920221418574,False
2807909031,Zona 2807909031,section,B-0902,unchanged,650.0,569.2913424359871,584.0,14.708657564012924,25.8367842045074,False
2807909033,Zona 2807909033,section,B-0903,unchanged,1476.0,1376.962332670705,1447.0,70.03766732929489,50.863894870277555,False
2807909034,Zona 2807909034,section,B-0903,unchanged,1462.0,1291.507219449383,1569.0,277.492780550617,214.8596433467266,False
2807909035,Zona 2807909035,section,B-0903,unchanged,803.0,685.7561600862691,797.0,111.24383991373088,162.22069357676094,False
2807909036,Zona 2807909036,section,B-0903,unchanged,1009.0,902.5287676360629,1090.0,187.47123236393713,207.71773608387997,False
2807909037,Zona 2807909037,section,B-0903,unchanged,2081.0,1879.6265959634657,2290.0,410.37340403653434,218.3270894962963,False
2807909038,Zona 2807909038,section,B-0903,unchanged,1196.0,1056.6314439063997,1171.0,114.36855609360032,108.2388346032711,False
2807909039,Zona 2807909039,section,B-0903,unchanged,1065.0,944.4568318821132,1070.0,125.54316811788681,132.92631688385845,False
2807909040,Zona 2807909040,section,B-0903,unchanged,839.0,727.9333567229625,863.0,135.06664327703754,185.54808902436562,False
2807909041,Zona 2807909041,section,B-0903,unchanged,1582.0,1436.8429143278208,1692.0,255.15708567217916,177.58175450344615,False
2807909043,Zona 2807909043,section,B-0903,unchanged,1828.0,1689.7899357932026,1869.0,179.21006420679737,106.05464052706323,False
2807909044,Zona 2807909044,section,B-0903,unchanged,1106.0,976.6547944332382,1124.0,147.34520556676182,150.86723211374556,False
2807909045,Zona 2807909045,section,B-0903,unchanged,1045.0,957.3812412758427,939.0,-18.38124127584274,-19.199500139930876,False
2807909046,Zona 2807909046,section,B-0904,unchanged,1564.0,1458.079004263803,1668.0,209.92099573619703,143.97093375759016,False
2807909047,Zona 2807909047,section,B-0904,unchanged,1358.0,1237.991297888855,1338.0,100.00870211114511,80.78304127152578,False
2807909049,Zona 2807909049,section,B-0904,unchanged,1127.0,1024.7851729753,1056.0,31.21482702470007,30.45987378415401,False
2807909050,Zona 2807909050,section,B-0904,unchanged,854.0,772.393584947023,800.0,27.606415052977013,35.74138313806747,False
2807909051,Zona 2807909051,section,B-0904,unchanged,1344.0,1236.2281676079913,1212.0,-24.22816760799128,-19.59845944529072,False
2807909052,Zona 2807909052,section,B-0904,unchanged,1996.0,1839.592872526411,1767.0,-72.59287252641093,-39.46137953161085,False
2807909053,Zona 2807909053,section,B-0904,unchanged,872.0,815.949981236613,858.0,42.050018763387015,51.535044709061836,False
2807909054,Zona 2807909054,section,B-0904,unchanged,1271.0,1101.8391046959264,1311.0,209.16089530407362,189.82889099928576,False
2807909055,Zona 2807909055,section,B-0904,unchanged,1770.0,1593.6824931219555,1517.0,-76.68249312195553,-48.116543573078864,False
2807909056,Zona 2807909056,section,B-0904,unchanged,2092.0,1910.365156924312,1966.0,55.63484307568797,29.122622381398575,False
2807909057,Zona 2807909057,section,B-0904,unchanged,869.0,754.5683045784523,880.0,125.43169542154772,166.2297431000915,False
2807909058,Zona 2807909058,section,B-0904,unchanged,896.0,766.3864171628644,920.0,153.6135828371356,200.43881180176402,False
2807909060,Zona 2807909060,section,B-0904,unchanged,1485.0,1288.8440471199833,1468.0,179.15595288001668,139.00514440079374,False
2807909061,Zona 2807909061,section,B-0904,unchanged,943.0,791.8520990111457,962.0,170.1479009888543,214.87333455494115,False
2807909063,Zona 2807909063,section,B-0904,unchanged,1347.0,1201.8654022697726,1467.0,265.13459773022737,220.60257099464692,False
2807909064,Zona 2807909064,section,B-0904,unchanged,1513.0,1301.8118631372665,1632.0,330.1881368627335,253.6373697402061,False
2807909065,Zona 2807909065,section,B-0904,unchanged,1203.0,1081.0330191194616,1295.0,213.96698088053836,197.92825667325295,False
2807909066,Zona 2807909066,section,B-0904,unchanged,770.0,678.7586989017645,849.0,170.24130109823545,250.81269878925582,False
2807909067,Zona 2807909067,section,B-0904,unchanged,802.0,711.0893333563844,861.0,149.91066664361563,210.8183312721459,False
2807909068,Zona 2807909068,section,B-0904,unchanged,957.0,838.6654772785344,1061.0,222.33452272146565,265.1051327913725,False
2807909069,Zona 2807909069,section,B-0904,unchanged,793.0,704.91146912831,771.0,66.08853087168995,93.75437025221721,False
2807909070,Zona 2807909070,section,B-0904,unchanged,713.0,559.57868791276,1174.0,614.42131208724,1098.0069923303265,False
2807909074,Zona 2807909074,section,B-0907,unchanged,1591.0,1454.8231230390882,1453.0,-1.8231230390881592,-1.2531578651841209,False
2807909075,Zona 2807909075,section,B-0907,unchanged,2311.0,2132.7448092704117,2573.0,440.2551907295883,206.42656768682735,False
2807909076,Zona 2807909076,section,B-0907,unchanged,1040.0,934.9959046799733,991.0,56.00409532002675,59.897690502928576,False
2807909077,Zona 2807909077,section,B-0907,unchanged,1141.0,1032.20125585639,1103.0,70.79874414361007,68.59005813248137,False
2807909078,Zona 2807909078,section,B-0907,unchanged,2068.0,1940.5115935946012,2144.0,203.4884064053988,104.86327784749646,False
2807909079,Zona 2807909079,section,B-0907,unchanged,2092.0,1942.6450155402076,1771.0,-171.64501554020762,-88.356346201767,False
2807909081,Zona 2807909081,section,B-0901,unchanged,857.0,771.6616504664579,824.0,52.3383495335421,67.82551588757113,False
2807909082,Zona 2807909082,section,B-0904,unchanged,847.0,773.1416319920274,780.0,6.858368007972558,8.87077829491826,False
2807909084,Zona 2807909084,section,B-0901,unchanged,866.0,759.5407337518237,929.0,169.45926624817628,223.10754212103427,False
2807909085,Zona 2807909085,section,B-0907,unchanged,1596.0,1527.6669578532578,1407.0,-120.66695785325783,-78.9877382848053,False
2807909086,Zona 2807909086,section,B-0905,unchanged,1670.0,1599.549773033114,2009.0,409.450226966886,255.97842209715944,False
2807909087,Zona 2807909087,section,B-0907,unchanged,2140.0,2029.0305369611876,2161.0,131.96946303881236,65.04064903648946,False
2807909089,Zona 2807909089,section,B-0907,unchanged,1559.0,1463.9927033362114,1584.0,120.00729666378857,81.97260573110141,False
2807909090,Zona 2807909090,section,B-0904,unchanged,1797.0,1706.1537434493584,1963.0,256.84625655064156,150.54109721165653,False
2807909091,Zona 2807909091,section,B-0905,unchanged,1677.0,1580.7991741390251,1804.0,223.20082586097487,141.19492818089316,False
2807910001,Zona 2807910001,section,B-1001,unchanged,985.0,859.537820687985,1085.0,225.462179312015,262.30629285346885,False
2807910002,Zona 2807910002,section,B-1001,unchanged,989.0,920.2506894178376,877.0,-43.250689417837634,-46.99881229667817,False
2807910005,Zona 2807910005,section,B-1001,unchanged,1202.0,1066.4018650398548,1307.0,240.59813496014522,225.61676123020783,False
2807910006,Zona 2807910006,section,B-1001,unchanged,2319.0,2194.3085322619195,2451.0,256.6914677380805,116.980572223123,False
2807910007,Zona 2807910007,section,B-1001,unchanged,1248.0,1141.3810016105567,1473.0,331.6189983894433,290.5418943556175,False
2807910008,Zona 2807910008,section,B-1001,unchanged,921.0,843.2577503302128,1120.0,276.74224966978716,328.1822782671338,False
2807910009,Zona 2807910009,section,B-1001,unchanged,1120.0,1012.2990099588704,1207.0,194.70099004112956,192.33545437236003,False
2807910010,Zona 2807910010,section,B-1001,unchanged,862.0,789.484102787968,885.0,95.51589721203197,120.98520650983228,False
2807910011,Zona 2807910011,section,B-1001,unchanged,692.0,617.2408127131035,716.0,98.75918728689646,160.00106482394935,False
2807910012,Zona 2807910012,section,B-1001,unchanged,927.0,800.3095815688513,924.0,123.69041843114871,154.55321450566382,False
2807910013,Zona 2807910013,section,B-1002,unchanged,729.0,647.9991287800552,678.0,30.00087121994477,46.29770301763431,False
2807910014,Zona 2807910014,section,B-1002,unchanged,857.0,801.8526814907177,780.0,-21.852681490717714,-27.252738558024866,False
2807910015,Zona 2807910015,section,B-1002,unchanged,1220.0,1061.998060122551,1264.0,202.0019398774491,190.20933037687354,False
2807910016,Zona 2807910016,section,B-1002,unchanged,1224.0,1098.6335848579395,1260.0,161.36641514206053,146.87919372401697,False
2807910017,Zona 2807910017,section,B-1002,unchanged,828.0,729.3417908057351,921.0,191.65820919426494,262.7824315161372,False
2807910018,Zona 2807910018,section,B-1002,unchanged,795.0,718.1843043678554,886.0,167.81569563214464,233.66661539596822,False
2807910020,Zona 2807910020,section,B-1002,unchanged,885.0,756.4209526396564,833.0,76.57904736034357,101.2386649168142,False
2807910021,Zona 2807910021,section,B-1002,unchanged,1310.0,1155.243858430007,1378.0,222.7561415699929,192.82174923026355,False
2807910022,Zona 2807910022,section,B-1002,unchanged,993.0,915.163300867455,1047.0,131.83669913254505,144.0581140082662,False
2807910023,Zona 2807910023,section,B-1002,unchanged,854.0,770.2037806009125,919.0,148.79621939908748,193.19071542728182,False
2807910024,Zona 2807910024,section,B-1002,unchanged,1195.0,1096.5747919216374,1315.0,218.42520807836263,199.1886095572144,False
2807910025,Zona 2807910025,section,B-1002,unchanged,1180.0,1072.6662338425513,1221.0,148.33376615744874,138.28510815156463,False
2807910026,Zona 2807910026,section,B-1002,unchanged,878.0,775.7868467777902,922.0,146.21315322220983,188.47078141309333,False
2807910027,Zona 2807910027,section,B-1002,unchanged,1160.0,1036.3538567557669,1368.0,331.64614324423314,320.0124562496715,False
2807910028,Zona 2807910028,section,B-1002,unchanged,1195.0,1076.3701380225116,1329.0,252.62986197748842,234.7053797326778,False
2807910029,Zona 2807910029,section,B-1002,unchanged,1293.0,1150.2726266796274,1471.0,320.72737332037264,278.8272674506591,False
2807910030,Zona 2807910030,section,B-1002,unchanged,1271.0,1150.9463477696456,1385.0,234.05365223035437,203.35756978065382,False
2807910031,Zona 2807910031,section,B-1002,unchanged,773.0,675.480744408694,886.0,210.51925559130598,311.6584111891916,False
2807910033,Zona 2807910033,section,B-1002,unchanged,925.0,849.5592803143543,1087.0,237.44071968564572,279.4869353881789,False
2807910035,Zona 2807910035,section,B-1002,unchanged,964.0,864.1851539426241,975.0,110.81484605737592,128.23044407996537,False
2807910036,Zona 2807910036,section,B-1002,unchanged,1452.0,1298.3783663459178,1500.0,201.6216336540822,155.2872713225457,False
2807910037,Zona 2807910037,section,B-1002,unchanged,1581.0,1449.7777276252327,1797.0,347.2222723747673,239.5003494387549,False
2807910038,Zona 2807910038,section,B-1002,unchanged,756.0,687.0149245877828,876.0,188.98507541221716,275.08147006502145,False
2807910039,Zona 2807910039,section,B-1002,unchanged,1181.0,1080.2360476735519,1294.0,213.76395232644813,197.88633492357567,False
2807910040,Zona 2807910040,section,B-1002,unchanged,990.0,911.3159801632969,939.0,27.6840198367031,30.378069121253045,False
2807910041,Zona 2807910041,section,B-1002,unchanged,1434.0,1263.749190124869,1638.0,374.2508098751309,296.14326386879964,False
2807910042,Zona 2807910042,section,B-1002,unchanged,1269.0,1128.7324615727432,1430.0,301.2675384272568,266.9078357217434,False
2807910043,Zona 2807910043,section,B-1002,unchanged,1414.0,1222.9096899465696,1534.0,311.09031005343036,254.3853504562731,False
2807910044,Zona 2807910044,section,B-1002,unchanged,840.0,722.3035087540817,849.0,126.69649124591831,175.4061688893912,False
2807910046,Zona 2807910046,section,B-1002,unchanged,1252.0,1100.4484417431156,1358.0,257.5515582568844,234.04236717253332,False
2807910047,Zona 2807910047,section,B-1002,unchanged,920.0,824.6085897291144,1140.0,315.39141027088556,382.4740782466167,False
2807910048,Zona 2807910048,section,B-1002,unchanged,1186.0,1073.5595352883977,1446.0,372.4404647116023,346.9211091414237,False
2807910049,Zona 2807910049,section,B-1002,unchanged,1152.0,1037.0663481868833,1310.0,272.93365181311674,263.17858282673063,False
2807910050,Zona 2807910050,section,B-1003,unchanged,1334.0,1185.8617879583778,1516.0,330.1382120416222,278.3951851674047,False
2807910051,Zona 2807910051,section,B-1003,unchanged,965.0,869.408198023052,1035.0,165.59180197694798,190.46496496523417,False
2807910052,Zona 2807910052,section,B-1003,unchanged,1083.0,957.8333819330826,1271.0,313.1666180669174,326.953125641633,False
2807910053,Zona 2807910053,section,B-1003,unchanged,1101.0,990.8666022781438,1179.0,188.13339772185623,189.86753341904014,False
2807910054,Zona 2807910054,section,B-1003,unchanged,1315.0,1160.3787772446863,1349.0,188.62122275531374,162.5514241161786,False
2807910055,Zona 2807910055,section,B-1003,unchanged,1230.0,1108.3175007320206,1168.0,59.68249926797944,53.84964076499775,False
2807910056,Zona 2807910056,section,B-1003,unchanged,1072.0,960.467285745264,1172.0,211.532714254736,220.23937451508255,False
2807910057,Zona 2807910057,section,B-1003,unchanged,1490.0,1336.7287012829531,1588.0,251.27129871704688,187.974791351367,False
2807910058,Zona 2807910058,section,B-1003,unchanged,1108.0,997.7498006403689,1154.0,156.2501993596311,156.60258639926332,False
2807910059,Zona 2807910059,section,B-1003,unchanged,1195.0,1092.0932498536345,1296.0,203.90675014636554,186.71184917010862,False
2807910060,Zona 2807910060,section,B-1003,unchanged,1986.0,1828.8840704954598,1860.0,31.11592950454019,17.01361502706436,False
2807910061,Zona 2807910061,section,B-1003,unchanged,1549.0,1342.742249998812,1744.0,401.257750001188,298.8345306044723,False
2807910062,Zona 2807910062,section,B-1003,unchanged,906.0,811.5563547795606,935.0,123.44364522043941,152.1072991338597,False
2807910063,Zona 2807910063,section,B-1003,unchanged,1578.0,1400.9958336507154,1754.0,353.00416634928456,251.96660680241013,False
2807910065,Zona 2807910065,section,B-1003,unchanged,796.0,690.276399487817,814.0,123.723600512183,179.23776707994875,False
2807910067,Zona 2807910067,section,B-1003,unchanged,855.0,730.2316892981577,897.0,166.76831070184232,228.37725771957003,False
2807910068,Zona 2807910068,section,B-1003,unchanged,834.0,746.5783026093475,808.0,61.421697390652525,82.27093819359477,False
2807910069,Zona 2807910069,section,B-1003,unchanged,1380.0,1235.4129573259065,1503.0,267.5870426740935,216.59724474097698,False
2807910070,Zona 2807910070,section,B-1003,unchanged,1118.0,975.183720944296,1147.0,171.81627905570394,176.1886251437111,False
2807910072,Zona 2807910072,section,B-1003,unchanged,2032.0,1715.3170032475662,2211.0,495.68299675243384,288.9745719385803,False
2807910073,Zona 2807910073,section,B-1003,unchanged,1131.0,1011.3645251778529,1171.0,159.6354748221471,157.841679086059,False
2807910074,Zona 2807910074,section,B-1003,unchanged,826.0,718.5270047866729,833.0,114.47299521332707,159.316204472111,False
2807910075,Zona 2807910075,section,B-1003,unchanged,821.0,736.189219037838,921.0,184.81078096216197,251.03706517693956,False
2807910076,Zona 2807910076,section,B-1003,unchanged,934.0,768.4049844168755,919.0,150.59501558312445,195.98391295887737,False
2807910077,Zona 2807910077,section,B-1003,unchanged,752.0,651.1038252500241,817.0,165.8961747499759,254.79219798205258,False
2807910078,Zona 2807910078,section,B-1003,unchanged,1021.0,845.9279278553117,1143.0,297.07207214468826,351.1789389645258,False
2807910082,Zona 2807910082,section,B-1004,unchanged,864.0,731.9926855342397,989.0,257.00731446576026,351.1063970238791,False
2807910083,Zona 2807910083,section,B-1004,unchanged,755.0,668.9773371948797,785.0,116.02266280512026,173.432874858841,False
2807910084,Zona 2807910084,section,B-1004,unchanged,1977.0,1783.2963237519414,2354.0,570.7036762480586,320.02739457642946,False
2807910086,Zona 2807910086,section,B-1004,unchanged,1470.0,1318.016902359286,1718.0,399.98309764071405,303.47342050373817,False
2807910087,Zona 2807910087,section,B-1004,unchanged,1009.0,886.7997214174161,859.0,-27.799721417416094,-31.348365077271808,False
2807910088,Zona 2807910088,section,B-1004,unchanged,1240.0,1092.988978687222,1199.0,106.01102131277798,96.9918483900055,False
2807910089,Zona 2807910089,section,B-1004,unchanged,1056.0,926.6755730667105,1014.0,87.32442693328949,94.23408738864327,False
2807910090,Zona 2807910090,section,B-1004,unchanged,892.0,779.2864965071554,816.0,36.71350349284455,47.11168954857855,False
2807910091,Zona 2807910091,section,B-1004,unchanged,1035.0,907.9830054078783,911.0,3.016994592121705,3.3227434590214937,False
2807910092,Zona 2807910092,section,B-1004,unchanged,862.0,782.557878643886,851.0,68.44212135611394,87.45950072692258,False
2807910093,Zona 2807910093,section,B-1004,unchanged,885.0,764.2624595355104,920.0,155.7375404644896,203.77494474756872,False
2807910094,Zona 2807910094,section,B-1004,unchanged,1130.0,1024.9493213509913,1153.0,128.05067864900866,124.933668408331,False
2807910095,Zona 2807910095,section,B-1004,unchanged,1206.0,1058.810081909755,1240.0,181.1899180902451,171.12598490131148,False
2807910096,Zona 2807910096,section,B-1004,unchanged,1454.0,1298.9215584359558,1551.0,252.07844156404417,194.06748615949857,False
2807910098,Zona 2807910098,section,B-1004,unchanged,1055.0,933.7563696670509,1130.0,196.24363033294912,210.16577418681882,False
2807910099,Zona 2807910099,section,B-1004,unchanged,1067.0,916.1850428930103,1140.0,223.8149571069897,244.29012331423343,False
2807910100,Zona 2807910100,section,B-1004,unchanged,958.0,854.2164024242054,941.0,86.7835975757946,101.59439379706234,False
2807910101,Zona 2807910101,section,B-1004,unchanged,1100.0,986.2331089246601,964.0,-22.233108924660087,-22.543462314809094,False
2807910102,Zona 2807910102,section,B-1004,unchanged,689.0,611.6062707326064,659.0,47.39372926739361,77.49058754846236,False
2807910103,Zona 2807910103,section,B-1004,unchanged,1089.0,956.6237524147377,1189.0,232.37624758526226,242.91289757199874,False
2807910106,Zona 2807910106,section,B-1004,unchanged,1432.0,1244.43244145065,1326.0,81.56755854935,65.54599175690542,False
2807910107,Zona 2807910107,section,B-1004,unchanged,1080.0,953.186371436076,965.0,11.813628563923999,12.393828655067233,False
2807910108,Zona 2807910108,section,B-1004,unchanged,804.0,705.5474204602157,746.0,40.452579539784324,57.33502577813671,False
2807910109,Zona 2807910109,section,B-1004,unchanged,1429.0,1236.762005689201,1337.0,100.23799431079897,81.04873358794694,False
2807910112,Zona 2807910112,section,B-1004,unchanged,1038.0,936.1339636924785,1037.0,100.86603630752154,107.74743810134444,False
2807910113,Zona 2807910113,section,B-1004,unchanged,925.0,821.1410736843981,931.0,109.85892631560193,133.78812707866774,False
2807910114,Zona 2807910114,section,B-1004,unchanged,1013.0,906.6345475533737,1096.0,189.36545244662625,208.86635409784918,False
2807910115,Zona 2807910115,section,B-1004,unchanged,1198.0,1067.911242707187,1120.0,52.08875729281294,48.776298263108814,False
2807910116,Zona 2807910116,section,B-1004,unchanged,1411.0,1269.7412189195793,1273.0,3.258781080420704,2.5664923150195875,False
2807910117,Zona 2807910117,section,B-1004,unchanged,1224.0,1095.9680052634392,1104.0,8.031994736560819,7.328676291631486,False
2807910118,Zona 2807910118,section,B-1004,unchanged,1115.0,994.1450247982707,1059.0,64.8549752017293,65.23693584332881,False
2807910119,Zona 2807910119,section,B-1004,unchanged,1590.0,1434.029347882632,1364.0,-70.02934788263201,-48.83397120570196,False
2807910120,Zona 2807910120,section,B-1004,unchanged,1166.0,1025.3055583138616,1206.0,180.69444168613836,176.23472361087605,False
2807910121,Zona 2807910121,section,B-1004,unchanged,1182.0,1008.5625920443022,1136.0,127.43740795569784,126.35547754888377,False
2807910122,Zona 2807910122,section,B-1004,unchanged,1089.0,936.4654222284885,1130.0,193.53457777151152,206.66494798170024,False
2807910123,Zona 2807910123,section,B-1004,unchanged,968.0,853.0772719068585,881.0,27.922728093141473,32.73176887098002,False
2807910124,Zona 2807910124,section,B-1004,unchanged,1428.0,1304.0467810826626,1437.0,132.95321891733738,101.95433234914721,False
2807910125,Zona 2807910125,section,B-1004,unchanged,777.0,699.8076436838769,737.0,37.192356316123096,53.1465419845056,False
2807910126,Zona 2807910126,section,B-1004,unchanged,1299.0,1192.8131951336225,1281.0,88.18680486637754,73.93178179630935,False
2807910127,Zona 2807910127,section,B-1004,unchanged,999.0,879.551808081488,969.0,89.44819191851195,101.6974680702661,False
2807910128,Zona 2807910128,section,B-1004,unchanged,1247.0,1093.6609411572613,1245.0,151.33905884273872,138.37840700665302,False
2807910130,Zona 2807910130,section,B-1004,unchanged,1580.0,1376.0632863159315,1581.0,204.93671368406854,148.92971545860786,False
2807910131,Zona 2807910131,section,B-1004,unchanged,1126.0,982.5462395825606,1428.0,445.4537604174394,453.3667144323839,False
2807910132,Zona 2807910132,section,B-1004,unchanged,777.0,668.7651342386864,1051.0,382.2348657613136,571.5532197958329,False
2807910133,Zona 2807910133,section,B-1004,unchanged,1706.0,1534.8538115494655,1681.0,146.1461884505345,95.21831157522229,False
2807910135,Zona 2807910135,section,B-1004,unchanged,806.0,689.2467727473841,778.0,88.75322725261594,128.7684335449836,False
2807910136,Zona 2807910136,section,B-1004,unchanged,1188.0,1051.8713910610188,1136.0,84.12860893898119,79.97993828325434,False
2807910137,Zona 2807910137,section,B-1004,unchanged,963.0,856.0250329759956,1137.0,280.9749670240044,328.23218504158325,False
2807910138,Zona 2807910138,section,B-1004,unchanged,740.0,650.9974147681434,694.0,43.00258523185664,66.05646083429113,False
2807910139,Zona 2807910139,section,B-1004,unchanged,1109.0,1003.4698121775554,1143.0,139.53018782244465,139.04771835603162,False
2807910140,Zona 2807910140,section,B-1004,unchanged,857.0,759.2592449647282,811.0,51.74075503527183,68.14636157334571,False
2807910142,Zona 2807910142,section,B-1004,unchanged,1666.0,1489.9105147128737,1836.0,346.0894852871263,232.28877296286652,False
2807910143,Zona 2807910143,section,B-1004,unchanged,1267.0,1123.1804450113586,1324.0,200.81955498864136,178.7954516841775,False
2807910144,Zona 2807910144,section,B-1005,unchanged,1281.0,1145.9595143171325,1714.0,568.0404856828675,495.68983771765966,False
2807910145,Zona 2807910145,section,B-1005,unchanged,1517.0,1349.3724955293967,1627.0,277.6275044706033,205.7456376133428,False
2807910146,Zona 2807910146,section,B-1005,unchanged,1259.0,1107.4820622613263,1446.0,338.5179377386737,305.6644881881577,False
2807910147,Zona 2807910147,section,B-1005,unchanged,1465.0,1296.136180961027,1727.0,430.8638190389729,332.4217203160756,False
2807910148,Zona 2807910148,section,B-1005,unchanged,1389.0,1258.452889137401,1551.0,292.5471108625991,232.46568337025616,False
2807910151,Zona 2807910151,section,B-1005,unchanged,1794.0,1590.4749661644462,1890.0,299.5250338355538,188.3242680379193,False
2807910152,Zona 2807910152,section,B-1005,unchanged,762.0,671.0923015177428,761.0,89.90769848225716,133.9721798013803,False
2807910153,Zona 2807910153,section,B-1005,unchanged,2426.0,2241.128418272923,2575.0,333.8715817270768,148.97476601736534,False
2807910154,Zona 2807910154,section,B-1005,unchanged,828.0,733.1630366420679,861.0,127.83696335793206,174.36362305365702,False
2807910156,Zona 2807910156,section,B-1005,unchanged,928.0,782.3893530608697,776.0,-6.3893530608696665,-8.166462178802908,False
2807910157,Zona 2807910157,section,B-1005,unchanged,768.0,640.035810794867,685.0,44.96418920513304,70.2526146924366,False
2807910158,Zona 2807910158,section,B-1005,unchanged,1240.0,1167.9899235604098,1031.0,-136.9899235604098,-117.28690530378923,False
2807910159,Zona 2807910159,section,B-1005,unchanged,1237.0,1149.1899788594187,1030.0,-119.18997885941872,-103.71651428575441,False
2807910161,Zona 2807910161,section,B-1007,unchanged,1673.0,1521.9136827364728,1640.0,118.08631726352723,77.59067981516695,False
2807910162,Zona 2807910162,section,B-1007,unchanged,908.0,801.4249294412999,899.0,97.57507055870008,121.75197822548758,False
2807910163,Zona 2807910163,section,B-1007,unchanged,774.0,677.9298041901777,734.0,56.07019580982228,82.70796690639827,False
2807910164,Zona 2807910164,section,B-1007,unchanged,1377.0,1253.5976484442785,1445.0,191.40235155572145,152.68244304163525,False
2807910165,Zona 2807910165,section,B-1007,unchanged,1204.0,1107.49229233839,1093.0,-14.492292338389916,-13.085682346186346,False
2807910167,Zona 2807910167,section,B-1007,unchanged,2294.0,2130.4690152097473,2105.0,-25.46901520974734,-11.954651782269588,False
2807910168,Zona 2807910168,section,B-1007,unchanged,1247.0,1102.140045075584,1243.0,140.8599549244159,127.80585875069605,False
2807910169,Zona 2807910169,section,B-1007,unchanged,774.0,686.3291524462384,837.0,150.67084755376163,219.53146972809665,False
2807910170,Zona 2807910170,section,B-1007,unchanged,1173.0,1079.5301287402547,1096.0,16.469871259745332,15.256518388203451,False
2807910171,Zona 2807910171,section,B-1007,unchanged,1109.0,988.2285973004455,1077.0,88.77140269955453,89.82881384130383,False
2807910172,Zona 2807910172,section,B-1007,unchanged,738.0,666.0461845087169,705.0,38.95381549128308,58.48515673130963,False
2807910173,Zona 2807910173,section,B-1007,unchanged,1590.0,1449.7072054869939,1497.0,47.29279451300613,32.62230768668854,False
2807910174,Zona 2807910174,section,B-1007,unchanged,967.0,868.2338703691505,875.0,6.766129630849491,7.792980511083619,False
2807910175,Zona 2807910175,section,B-1007,unchanged,832.0,747.8880743196104,774.0,26.111925680389618,34.91421587935452,False
2807910176,Zona 2807910176,section,B-1007,unchanged,1257.0,1132.2902718172388,1156.0,23.709728182761182,20.93962014237647,False
2807910178,Zona 2807910178,section,B-1007,unchanged,1064.0,942.83328241239,1014.0,71.16671758761004,75.48176216851255,False
2807910179,Zona 2807910179,section,B-1007,unchanged,1107.0,925.8218361962689,1089.0,163.17816380373108,176.25223063883132,False
2807910180,Zona 2807910180,section,B-1007,unchanged,1246.0,1108.0180133081037,1163.0,54.98198669189628,49.6219249430267,False
2807910181,Zona 2807910181,section,B-1007,unchanged,1161.0,1003.3730491941084,1113.0,109.62695080589162,109.25841679118456,False
2807910182,Zona 2807910182,section,B-1007,unchanged,1040.0,917.3674126711975,1147.0,229.63258732880252,250.31692226798918,False
2807910183,Zona 2807910183,section,B-1007,unchanged,1020.0,898.122119423434,1010.0,111.87788057656599,124.56867296441607,False
2807910184,Zona 2807910184,section,B-1007,unchanged,962.0,804.8104028565818,944.0,139.18959714341815,172.94706510922413,False
2807910185,Zona 2807910185,section,B-1007,unchanged,766.0,673.457022071966,763.0,89.54297792803402,132.96019640948285,False
2807910187,Zona 2807910187,section,B-1007,unchanged,1269.0,1115.1989710645641,1320.0,204.80102893543585,183.64528146930917,False
2807910188,Zona 2807910188,section,B-1007,unchanged,992.0,867.0171471736381,978.0,110.98285282636186,128.00537242908214,False
2807910189,Zona 2807910189,section,B-1007,unchanged,1507.0,1307.1360538792237,1435.0,127.86394612077629,97.81992145447364,False
2807910190,Zona 2807910190,section,B-1007,unchanged,1049.0,908.3934182029966,1143.0,234.6065817970034,258.265391509669,False
2807910191,Zona 2807910191,section,B-1007,unchanged,1616.0,1398.2349386922726,1528.0,129.76506130772736,92.8063358430256,False
2807910192,Zona 2807910192,section,B-1007,unchanged,1697.0,1512.1747995187175,1626.0,113.82520048128254,75.27251513350829,False
2807910193,Zona 2807910193,section,B-1007,unchanged,762.0,585.8748803384294,760.0,174.12511966157058,297.2053001504136,False
2807910194,Zona 2807910194,section,B-1007,unchanged,924.0,840.3907161294633,930.0,89.60928387053673,106.62812207546128,False
2807910197,Zona 2807910197,section,B-1007,unchanged,1146.0,1019.2716013966219,1546.0,526.7283986033781,516.7694242453597,False
2807910199,Zona 2807910199,section,B-1007,unchanged,1585.0,1347.9898350532474,1558.0,210.01016494675264,155.79506572351636,False
2807910201,Zona 2807910201,section,B-1007,unchanged,1035.0,898.0212997532768,1009.0,110.97870024672318,123.58136747671081,False
2807910202,Zona 2807910202,section,B-1007,unchanged,753.0,656.6364355359265,752.0,95.36356446407353,145.23038823796114,False
2807910203,Zona 2807910203,section,B-1007,unchanged,1504.0,1320.1650189766758,1483.0,162.8349810233242,123.34441428356094,False
2807910204,Zona 2807910204,section,B-1007,unchanged,869.0,745.9035824540393,917.0,171.09641754596066,229.38141278668974,False
2807910205,Zona 2807910205,section,B-1007,unchanged,1447.0,1302.8050927499326,1327.0,24.194907250067445,18.571394435523246,False
2807910206,Zona 2807910206,section,B-1002,unchanged,1286.0,1142.7553119767583,1263.0,120.24468802324168,105.22347764478144,False
2807910207,Zona 2807910207,section,B-1004,unchanged,1424.0,1231.5712728680046,1339.0,107.4287271319954,87.22899721574557,False
2807910209,Zona 2807910209,section,B-1007,unchanged,1295.0,1156.9593761536412,1301.0,144.0406238463588,124.49929255530802,False
2807910210,Zona 2807910210,section,B-1007,unchanged,1163.0,1037.147630899158,1080.0,42.852369100842,41.317521078162244,False
2807910211,Zona 2807910211,section,B-1002,unchanged,990.0,872.1265895011095,1025.0,152.8734104988905,175.28809732350905,False
2807910212,Zona 2807910212,section,B-1003,unchanged,989.0,894.9387021318911,869.0,-25.93870213189109,-28.98377516817726,False
2807910213,Zona 2807910213,section,B-1003,unchanged,2316.0,2193.5338719153806,2153.0,-40.53387191538059,-18.478799180787966,False
2807910214,Zona 2807910214,section,B-1007,unchanged,1928.0,1822.8187238148798,1686.0,-136.81872381487983,-75.0588755905136,False
2807910215,Zona 2807910215,section,B-1001,unchanged,1481.0,1408.4794846910509,1397.0,-11.479484691050857,-8.150267587013435,False
2807910217,Zona 2807910217,section,B-1001,unchanged,939.0,819.5565031586375,939.0,119.4434968413625,145.74162535593035,False
2807910218,Zona 2807910218,section,B-1003,unchanged,1164.0,1117.7982859209449,1127.0,9.201714079055137,8.231998738013736,False
2807910219,Zona 2807910219,section,B-1001,unchanged,1464.0,1387.378309193571,1309.0,-78.37830919357111,-56.49382628673888,False
2807911001,Zona 2807911001,section,B-1101,unchanged,1140.0,1035.292042434232,1153.0,117.70795756576808,113.6954141838153,False
2807911002,Zona 2807911002,section,B-1101,unchanged,1632.0,1452.6370805297731,1566.0,113.36291947022687,78.03939537939077,False
2807911003,Zona 2807911003,section,B-1101,unchanged,1749.0,1549.5975269618789,1621.0,71.40247303812112,46.07807627191551,False
2807911004,Zona 2807911004,section,B-1101,unchanged,1479.0,1328.1764650013693,1428.0,99.82353499863075,75.15833748682472,False
2807911005,Zona 2807911005,section,B-1101,unchanged,1119.0,966.2324031720991,1043.0,76.76759682790089,79.45044750711753,False
2807911006,Zona 2807911006,section,B-1101,unchanged,1248.0,1089.8082653762806,1222.0,132.1917346237194,121.29815750486831,False
2807911007,Zona 2807911007,section,B-1101,unchanged,1955.0,1769.5759448521294,2097.0,327.4240551478706,185.02967114826544,False
2807911010,Zona 2807911010,section,B-1101,unchanged,804.0,707.0688883994702,847.0,139.9311116005298,197.90308115137063,False
2807911011,Zona 2807911011,section,B-1101,unchanged,825.0,725.6915779431464,783.0,57.3084220568536,78.97076912382656,False
2807911012,Zona 2807911012,section,B-1101,unchanged,1974.0,1775.9341390109169,2120.0,344.06586098908315,193.7379621412684,False
2807911013,Zona 2807911013,section,B-1101,unchanged,1519.0,1362.8155018165678,1572.0,209.1844981834322,153.4943636204602,False
2807911015,Zona 2807911015,section,B-1101,unchanged,1507.0,1358.7564731661691,1478.0,119.24352683383086,87.75930727010267,False
2807911016,Zona 2807911016,section,B-1101,unchanged,1069.0,924.098201122011,1168.0,243.901798877989,263.9349352502268,False
2807911017,Zona 2807911017,section,B-1101,unchanged,1117.0,987.1889719655043,1159.0,171.81102803449573,174.04066791023615,False
2807911018,Zona 2807911018,section,B-1101,unchanged,795.0,728.5770616770814,732.0,3.4229383229186396,4.698114314825558,False
2807911019,Zona 2807911019,section,B-1101,unchanged,680.0,597.1091962678908,739.0,141.89080373210925,237.6295736507975,False
2807911021,Zona 2807911021,section,B-1101,unchanged,1286.0,1133.9860200501669,1471.0,337.01397994983313,297.1941223181251,False
2807911022,Zona 2807911022,section,B-1102,unchanged,1468.0,1358.6048379663762,1538.0,179.39516203362382,132.04366495717102,False
2807911023,Zona 2807911023,section,B-1102,unchanged,1244.0,1113.5152929851015,1347.0,233.4847070148985,209.682532863087,False
2807911024,Zona 2807911024,section,B-1102,unchanged,1320.0,1180.7224021192073,1471.0,290.27759788079265,245.84745521876343,False
2807911025,Zona 2807911025,section,B-1102,unchanged,1329.0,1197.9735882030336,1321.0,123.02641179696639,102.6954291884737,False
2807911026,Zona 2807911026,section,B-1102,unchanged,2125.0,1920.2717706209773,2232.0,311.72822937902265,162.33547466992968,False
2807911028,Zona 2807911028,section,B-1102,unchanged,931.0,819.0030255206273,1009.0,189.99697447937274,231.98568083261313,False
2807911029,Zona 2807911029,section,B-1102,unchanged,837.0,730.4454503404766,896.0,165.55454965952345,226.6487519120762,False
2807911030,Zona 2807911030,section,B-1102,unchanged,775.0,676.9848150098278,899.0,222.0151849901722,327.94706774471626,False
2807911031,Zona 2807911031,section,B-1102,unchanged,1016.0,890.786907978502,892.0,1.2130920214980279,1.3618206673590945,False
2807911032,Zona 2807911032,section,B-1102,unchanged,1389.0,1234.4081825786184,1579.0,344.5918174213816,279.15548704606454,False
2807911033,Zona 2807911033,section,B-1102,unchanged,1590.0,1439.9953627342452,1851.0,411.0046372657548,285.42080613742,False
2807911034,Zona 2807911034,section,B-1102,unchanged,1002.0,897.5447821421532,1123.0,225.45521785784683,251.19105179326777,False
2807911035,Zona 2807911035,section,B-1102,unchanged,1072.0,982.7726364360715,1232.0,249.22736356392852,253.59615675475774,False
2807911036,Zona 2807911036,section,B-1102,unchanged,1198.0,1102.2633526845782,1343.0,240.7366473154218,218.40211482047758,False
2807911037,Zona 2807911037,section,B-1102,unchanged,1282.0,1159.2019077816617,1466.0,306.7980922183383,264.6632050541142,False
2807911038,Zona 2807911038,section,B-1102,unchanged,1013.0,886.9022692799608,1210.0,323.0977307200392,364.2991363437922,False
2807911039,Zona 2807911039,section,B-1102,unchanged,1616.0,1499.6308656365297,2378.0,878.3691343634703,585.7235633721368,False
2807911040,Zona 2807911040,section,B-1102,unchanged,869.0,764.5819986166272,968.0,203.41800138337283,266.05125644001674,False
2807911041,Zona 2807911041,section,B-1102,unchanged,1349.0,1235.7599692289812,1578.0,342.24003077101884,276.947011792711,False
2807911042,Zona 2807911042,section,B-1102,unchanged,1160.0,1056.905969541815,1339.0,282.094030458185,266.90551343983526,False
2807911043,Zona 2807911043,section,B-1102,unchanged,1020.0,893.4283894740364,1147.0,253.5716105259636,283.81861771287777,False
2807911044,Zona 2807911044,section,B-1102,unchanged,1783.0,1656.4688273387446,1705.0,48.53117266125537,29.29796918619033,False
2807911045,Zona 2807911045,section,B-1102,unchanged,770.0,675.858974360554,692.0,16.141025639445957,23.88223912350555,False
2807911046,Zona 2807911046,section,B-1102,unchanged,802.0,712.5850492658031,808.0,95.41495073419685,133.89973706648158,False
2807911047,Zona 2807911047,section,B-1103,unchanged,1253.0,1149.1172122936966,1379.0,229.88278770630336,200.0516442073351,False
2807911048,Zona 2807911048,section,B-1103,unchanged,1541.0,1435.0825462179926,1426.0,-9.082546217992558,-6.328936437787947,False
2807911049,Zona 2807911049,section,B-1103,unchanged,1865.0,1667.3977414059543,1946.0,278.6022585940457,167.08806283924045,False
2807911050,Zona 2807911050,section,B-1103,unchanged,1163.0,1013.4657427887363,1164.0,150.5342572112637,148.53413475727473,False
2807911051,Zona 2807911051,section,B-1103,unchanged,1387.0,1187.5839833387065,1432.0,244.4160166612935,205.80945860700825,False
2807911054,Zona 2807911054,section,B-1103,unchanged,1205.0,1121.5206764239106,1112.0,-9.520676423910572,-8.4890779314638,False
2807911055,Zona 2807911055,section,B-1103,unchanged,1258.0,1135.3517658918593,1642.0,506.64823410814074,446.24780559543194,False
2807911056,Zona 2807911056,section,B-1103,unchanged,1059.0,946.4325320824071,1273.0,326.5674679175929,345.0509749480571,False
2807911057,Zona 2807911057,section,B-1103,unchanged,975.0,887.9164331589232,1252.0,364.08356684107684,410.04260451153465,False
2807911058,Zona 2807911058,section,B-1103,unchanged,766.0,703.6576502427563,798.0,94.34234975724371,134.07421879758763,False
2807911059,Zona 2807911059,section,B-1103,unchanged,1238.0,1126.9147022492848,1402.0,275.0852977507152,244.10480864403846,False
2807911060,Zona 2807911060,section,B-1103,unchanged,1201.0,1071.0132425026925,1140.0,68.98675749730751,64.41260925598134,False
2807911061,Zona 2807911061,section,B-1103,unchanged,976.0,902.7026910359878,1129.0,226.29730896401225,250.6886389186476,False
2807911062,Zona 2807911062,section,B-1103,unchanged,1418.0,1303.2579670382838,1791.0,487.7420329617162,374.24826496179674,False
2807911063,Zona 2807911063,section,B-1103,unchanged,2053.0,1830.4731085813526,2318.0,487.52689141864744,266.3392808848686,False
2807911065,Zona 2807911065,section,B-1103,unchanged,1566.0,1418.472721066225,1576.0,157.52727893377505,111.05414760134855,False
2807911068,Zona 2807911068,section,B-1103,unchanged,1241.0,1119.1150812096853,1304.0,184.8849187903147,165.20635088794177,False
2807911069,Zona 2807911069,section,B-1103,unchanged,2119.0,1903.2667619950416,2218.0,314.73323800495837,165.3647530076387,False
2807911070,Zona 2807911070,section,B-1103,unchanged,1980.0,1831.1627993906081,2232.0,400.83720060939186,218.89763200889965,False
2807911071,Zona 2807911071,section,B-1103,unchanged,1709.0,1550.9767774680201,1852.0,301.02322253197985,194.0862216024938,False
2807911072,Zona 2807911072,section,B-1103,unchanged,1410.0,1253.96635716137,1603.0,349.03364283862993,278.3437058301506,False
2807911073,Zona 2807911073,section,B-1103,unchanged,1276.0,1147.7513228996884,1597.0,449.2486771003116,391.41638797272395,False
2807911074,Zona 2807911074,section,B-1103,unchanged,891.0,820.7874830554521,999.0,178.21251694454793,217.1238239174122,False
2807911075,Zona 2807911075,section,B-1103,unchanged,800.0,705.165725555182,763.0,57.83427444481799,82.01515239454478,False
2807911078,Zona 2807911078,section,B-1104,unchanged,1375.0,1247.5062891047348,1600.0,352.49371089526517,282.55866441220917,False
2807911079,Zona 2807911079,section,B-1104,unchanged,931.0,846.6731067969705,1032.0,185.3268932030295,218.8883663780646,False
2807911080,Zona 2807911080,section,B-1104,unchanged,1725.0,1575.910868151726,2048.0,472.08913184827406,299.56588369871065,False
2807911081,Zona 2807911081,section,B-1104,unchanged,1660.0,1495.870622550393,1994.0,498.1293774496071,333.00298163508194,False
2807911082,Zona 2807911082,section,B-1104,unchanged,1139.0,1032.60551835328,1248.0,215.3944816467199,208.59319248091415,False
2807911083,Zona 2807911083,section,B-1104,unchanged,862.0,782.7939362761106,1038.0,255.20606372388943,326.0194693611832,False
2807911086,Zona 2807911086,section,B-1104,unchanged,957.0,840.0259364459215,1236.0,395.9740635540785,471.3831399413823,False
2807911087,Zona 2807911087,section,B-1104,unchanged,1452.0,1323.3183732969662,1666.0,342.68162670303377,258.9562977571781,False
2807911088,Zona 2807911088,section,B-1104,unchanged,1574.0,1437.586392691738,1765.0,327.41360730826204,227.7522999471444,False
2807911089,Zona 2807911089,section,B-1104,unchanged,1848.0,1652.8788741634207,2131.0,478.12112583657927,289.2656765781297,False
2807911091,Zona 2807911091,section,B-1104,unchanged,1344.0,1214.4160369441304,1546.0,331.5839630558696,273.0398421699402,False
2807911092,Zona 2807911092,section,B-1104,unchanged,1066.0,960.3072060147454,1226.0,265.69279398525464,276.6747894018979,False
2807911093,Zona 2807911093,section,B-1104,unchanged,1211.0,1046.3445465394536,1225.0,178.65545346054637,170.74247106405687,False
2807911094,Zona 2807911094,section,B-1104,unchanged,1443.0,1271.8875769408132,1255.0,-16.887576940813233,-13.277570476340212,False
2807911095,Zona 2807911095,section,B-1104,unchanged,1219.0,1114.7377036611688,1073.0,-41.73770366116878,-37.44172599893975,False
2807911096,Zona 2807911096,section,B-1104,unchanged,888.0,778.9087629468759,822.0,43.09123705312413,55.32257319855457,False
2807911097,Zona 2807911097,section,B-1104,unchanged,1115.0,966.8738693204583,1132.0,165.1261306795417,170.78352815098438,False
2807911098,Zona 2807911098,section,B-1104,unchanged,1387.0,1237.6119531405461,1370.0,132.38804685945388,106.97056256083168,False
2807911099,Zona 2807911099,section,B-1104,unchanged,979.0,868.3995662897478,959.0,90.60043371025222,104.3303534769647,False
2807911100,Zona 2807911100,section,B-1104,unchanged,1964.0,1770.4782356727987,2071.0,300.52176432720125,169.74044541869225,False
2807911101,Zona 2807911101,section,B-1104,unchanged,1599.0,1440.0589960429234,1637.0,196.94100395707665,136.75898313766479,False
2807911102,Zona 2807911102,section,B-1104,unchanged,1379.0,1250.962052523163,1454.0,203.03794747683696,162.3054408943212,False
2807911103,Zona 2807911103,section,B-1104,unchanged,1554.0,1397.9838324634663,1791.0,393.01616753653366,281.1306957992337,False
2807911104,Zona 2807911104,section,B-1104,unchanged,1077.0,955.9849915225097,1160.0,204.01500847749026,213.40817093014633,False
2807911105,Zona 2807911105,section,B-1104,unchanged,812.0,728.3763356621779,978.0,249.6236643378221,342.71248545010116,False
2807911106,Zona 2807911106,section,B-1104,unchanged,900.0,811.3960618259432,1033.0,221.6039381740568,273.1143871654558,False
2807911107,Zona 2807911107,section,B-1104,unchanged,1177.0,1030.3935822087865,1278.0,247.60641779121352,240.3027562151892,False
2807911108,Zona 2807911108,section,B-1104,unchanged,1167.0,1049.850279968239,1362.0,312.14972003176103,297.32784377711886,False
2807911109,Zona 2807911109,section,B-1104,unchanged,1237.0,1088.7698972848987,1470.0,381.23010271510134,350.1475414279798,False
2807911110,Zona 2807911110,section,B-1104,unchanged,1133.0,1028.2596564984792,1207.0,178.74034350152078,173.8280232739882,False
2807911111,Zona 2807911111,section,B-1104,unchanged,1060.0,957.7402511290709,1345.0,387.2597488709291,404.3473670594843,False
2807911112,Zona 2807911112,section,B-1104,unchanged,1212.0,1076.2366024346088,1343.0,266.7633975653912,247.8668695730403,False
2807911113,Zona 2807911113,section,B-1105,unchanged,1519.0,1381.575868232852,1729.0,347.4241317671481,251.46945582621666,False
2807911114,Zona 2807911114,section,B-1105,unchanged,1275.0,1161.591013928971,1392.0,230.40898607102895,198.35637785427807,False
2807911115,Zona 2807911115,section,B-1105,unchanged,1794.0,1632.4333297726464,2136.0,503.5666702273536,308.4761019290673,False
2807911116,Zona 2807911116,section,B-1105,unchanged,775.0,696.7818874189361,937.0,240.2181125810639,344.7536695749873,False
2807911117,Zona 2807911117,section,B-1105,unchanged,1615.0,1467.5832614154292,2021.0,553.4167385845708,377.09392927445975,False
2807911118,Zona 2807911118,section,B-1105,unchanged,1094.0,994.4484389631313,1212.0,217.55156103686875,218.76605413921754,False
2807911119,Zona 2807911119,section,B-1105,unchanged,1264.0,1159.379732820492,1447.0,287.6202671795079,248.0811584309801,False
2807911120,Zona 2807911120,section,B-1105,unchanged,1042.0,958.0550931597587,1219.0,260.9449068402413,272.36941664765817,False
2807911121,Zona 2807911121,section,B-1105,unchanged,1368.0,1251.749108521911,1724.0,472.250891478089,377.2728003263623,False
2807911122,Zona 2807911122,section,B-1105,unchanged,1014.0,928.1940742323364,1283.0,354.80592576766355,382.2540302911393,False
2807911123,Zona 2807911123,section,B-1105,unchanged,772.0,551.7889852686861,1022.0,470.21101473131387,852.1573052103441,False
2807911124,Zona 2807911124,section,B-1105,unchanged,1557.0,1439.189686274332,1766.0,326.81031372566804,227.07938838256302,False
2807911125,Zona 2807911125,section,B-1105,unchanged,1422.0,1301.8914177321176,1548.0,246.1085822678824,189.03925390076017,False
2807911128,Zona 2807911128,section,B-1105,unchanged,1102.0,1004.4156581864484,1265.0,260.58434181355165,259.4387489777461,False
2807911129,Zona 2807911129,section,B-1105,unchanged,1007.0,927.6574222957787,980.0,52.3425777042213,56.42446925577678,False
2807911130,Zona 2807911130,section,B-1105,unchanged,1641.0,1491.631210213819,1913.0,421.36878978618097,282.4885849135454,False
2807911131,Zona 2807911131,section,B-1105,unchanged,958.0,864.8308939001699,1160.0,295.16910609983006,341.30268493149174,False
2807911132,Zona 2807911132,section,B-1105,unchanged,868.0,778.3005071314377,1086.0,307.6994928685623,395.347928016445,False
2807911133,Zona 2807911133,section,B-1105,unchanged,975.0,865.0434121234246,1075.0,209.95658787657544,242.71219794760867,False
2807911134,Zona 2807911134,section,B-1105,unchanged,787.0,697.2632370666769,877.0,179.73676293332312,257.77461563793236,False
2807911135,Zona 2807911135,section,B-1105,unchanged,895.0,803.8485915920807,1000.0,196.15140840791935,244.0153661517615,False
2807911136,Zona 2807911136,section,B-1105,unchanged,1170.0,1039.6175356356143,1252.0,212.38246436438567,204.2890361930425,False
2807911137,Zona 2807911137,section,B-1105,unchanged,2048.0,1901.480624028561,2156.0,254.5193759714391,133.8532576956809,False
2807911138,Zona 2807911138,section,B-1106,unchanged,1072.0,986.0409712183122,1200.0,213.95902878168783,216.98797010161633,False
2807911139,Zona 2807911139,section,B-1106,unchanged,1335.0,1138.5679307073124,1406.0,267.43206929268763,234.8845967640691,False
2807911140,Zona 2807911140,section,B-1106,unchanged,1541.0,1409.981216621822,1837.0,427.0187833781779,302.85423546369884,False
2807911141,Zona 2807911141,section,B-1106,unchanged,1173.0,1046.8355096266519,1338.0,291.16449037334814,278.1377663403779,False
2807911142,Zona 2807911142,section,B-1106,unchanged,699.0,633.2153003719396,759.0,125.78469962806037,198.64444139959446,False
2807911143,Zona 2807911143,section,B-1106,unchanged,1245.0,1067.3358900522157,1366.0,298.66410994778425,279.82204358664745,False
2807911145,Zona 2807911145,section,B-1106,unchanged,1192.0,1063.8676849252834,1241.0,177.13231507471664,166.49844485797766,False
2807911146,Zona 2807911146,section,B-1106,unchanged,1374.0,1237.8673249179903,1423.0,185.13267508200965,149.55776871667152,False
2807911147,Zona 2807911147,section,B-1106,unchanged,1532.0,1382.232470791322,1354.0,-28.23247079132193,-20.425269546127048,False
2807911148,Zona 2807911148,section,B-1106,unchanged,2065.0,1930.6729969883547,2340.0,409.3270030116453,212.01260060618864,False
2807911149,Zona 2807911149,section,B-1106,unchanged,878.0,756.736035429863,918.0,161.26396457013698,213.10464550367442,False
2807911150,Zona 2807911150,section,B-1106,unchanged,1177.0,1071.8131746421484,1209.0,137.1868253578516,127.9950914987165,False
2807911151,Zona 2807911151,section,B-1106,unchanged,1064.0,966.5347186600129,1158.0,191.4652813399871,198.09457192125623,False
2807911152,Zona 2807911152,section,B-1106,unchanged,2068.0,1895.0235718877825,2231.0,335.9764281122175,177.29406277386033,False
2807911153,Zona 2807911153,section,B-1106,unchanged,1540.0,1395.211433726626,1676.0,280.78856627337404,201.25162357893277,False
2807911154,Zona 2807911154,section,B-1106,unchanged,1175.0,1080.2703258055924,1280.0,199.7296741944076,184.88860558625709,False
2807911155,Zona 2807911155,section,B-1106,unchanged,2380.0,2280.209176558254,2394.0,113.79082344174594,49.903677527296736,False
2807911157,Zona 2807911157,section,B-1107,unchanged,1105.0,994.2716061116515,1177.0,182.72839388834848,183.78116478952234,False
2807911158,Zona 2807911158,section,B-1107,unchanged,1259.0,1157.4380660970296,1261.0,103.5619339029704,89.47514077551399,False
2807911161,Zona 2807911161,section,B-1107,unchanged,1167.0,1059.7171478449918,1501.0,441.2828521550082,416.41569455810674,False
2807911162,Zona 2807911162,section,B-1107,unchanged,727.0,630.6647247348025,926.0,295.33527526519754,468.2920475525049,False
2807911163,Zona 2807911163,section,B-1107,unchanged,1343.0,1172.213570051806,1379.0,206.78642994819393,176.40678732208755,False
2807911165,Zona 2807911165,section,B-1107,unchanged,1693.0,1496.245704648555,1837.0,340.7542953514451,227.73953120987107,False
2807911167,Zona 2807911167,section,B-1107,unchanged,1046.0,943.0819014101933,1136.0,192.91809858980673,204.5613411744364,False
2807911168,Zona 2807911168,section,B-1107,unchanged,1100.0,996.5391924895046,1025.0,28.460807510495442,28.559646951161117,False
2807911169,Zona 2807911169,section,B-1107,unchanged,2446.0,2213.0960157436834,2805.0,591.9039842563166,267.4551759370524,False
2807911170,Zona 2807911170,section,B-1107,unchanged,907.0,827.2922355635071,1052.0,224.70776443649288,271.6183650429573,False
2807911171,Zona 2807911171,section,B-1107,unchanged,899.0,826.3811795693105,1046.0,219.61882043068954,265.75970733644914,False
2807911173,Zona 2807911173,section,B-1107,unchanged,1196.0,1079.012136284098,1458.0,378.987863715902,351.23596016358107,False
2807911174,Zona 2807911174,section,B-1107,unchanged,769.0,696.2405039973406,859.0,162.75949600265938,233.76907127379803,False
2807911175,Zona 2807911175,section,B-1107,unchanged,1459.0,1296.8193867461305,1653.0,356.1806132538695,274.657070131846,False
2807911176,Zona 2807911176,section,B-1107,unchanged,1069.0,963.1283004546476,1237.0,273.8716995453524,284.35640341590044,False
2807911177,Zona 2807911177,section,B-1107,unchanged,2098.0,1874.0655834890347,2485.0,610.9344165109653,325.9941497743961,False
2807911178,Zona 2807911178,section,B-1107,unchanged,763.0,682.4497801799098,944.0,261.5502198200902,383.25196580932214,False
2807911179,Zona 2807911179,section,B-1104,unchanged,932.0,842.102658143318,944.0,101.89734185668203,121.00346777356931,False
2807911180,Zona 2807911180,section,B-1103,unchanged,1407.0,1303.2100276105512,1274.0,-29.21002761055115,-22.41390642466743,False
2807911181,Zona 2807911181,section,B-1102,unchanged,971.0,844.2270588758099,947.0,102.77294112419008,121.73613726743685,False
2807911183,Zona 2807911183,section,B-1107,unchanged,2451.0,2385.018213541338,2406.0,20.9817864586621,8.797327558982365,False
2807911184,Zona 2807911184,section,B-1102,unchanged,1138.0,1025.827171655588,1105.0,79.17282834441198,77.17950014585257,False
2807911185,Zona 2807911185,section,B-1105,unchanged,1430.0,1300.5800799476995,1583.0,282.41992005230054,217.14919704418168,False
2807911186,Zona 2807911186,section,B-1106,unchanged,1659.0,1613.9976277644062,1908.0,294.00237223559384,182.15787134881037,False
2807911188,Zona 2807911188,section,B-1106,unchanged,1846.0,1797.9296349933109,1801.0,3.070365006689144,1.7077225642929943,False
2807911189,Zona 2807911189,section,B-1106,unchanged,2272.0,2218.483605961106,2400.0,181.51639403889385,81.82002947921544,False
2807911191,Zona 2807911191,section,B-1106,unchanged,2079.0,2033.9870644447926,2756.0,722.0129355552074,354.9742022338238,False
2807911193,Zona 2807911193,section,B-1106,unchanged,1241.0,1113.8113608534989,1766.0,652.1886391465011,585.5467649806856,False
2807911194,Zona 2807911194,section,B-1107,unchanged,1096.0,1063.0553350608716,1104.0,40.944664939128415,38.516024132256376,False
2807912001,Zona 2807912001,section,B-1201,unchanged,654.0,574.1956486536477,642.0,67.80435134635229,118.08579794245634,False
2807912002,Zona 2807912002,section,B-1201,unchanged,709.0,567.3260131669911,778.0,210.67398683300894,371.3455437323611,False
2807912003,Zona 2807912003,section,B-1201,unchanged,1119.0,877.5905668218185,1196.0,318.40943317818153,362.8223060000482,False
2807912005,Zona 2807912005,section,B-1201,unchanged,1002.0,819.0223992180662,1062.0,242.9776007819338,296.66783352190174,False
2807912006,Zona 2807912006,section,B-1201,unchanged,712.0,580.9148129606176,761.0,180.0851870393824,310.00274570652243,False
2807912007,Zona 2807912007,section,B-1201,unchanged,1324.0,1086.5798699398747,1393.0,306.4201300601253,282.00423966724225,False
2807912008,Zona 2807912008,section,B-1201,unchanged,1162.0,1010.817152117332,1199.0,188.18284788266806,186.16902917455093,False
2807912009,Zona 2807912009,section,B-1201,unchanged,1109.0,989.1712450678393,1069.0,79.82875493216068,80.7026643063061,False
2807912010,Zona 2807912010,section,B-1201,unchanged,882.0,788.5066295886053,942.0,153.49337041139472,194.6633860155091,False
2807912011,Zona 2807912011,section,B-1201,unchanged,915.0,824.5933652643346,959.0,134.40663473566542,162.99747293331612,False
2807912012,Zona 2807912012,section,B-1201,unchanged,973.0,876.9929001921905,999.0,122.00709980780948,139.11982614804745,False
2807912013,Zona 2807912013,section,B-1201,unchanged,904.0,809.2057088273664,984.0,174.79429117263362,216.00723927903445,False
2807912014,Zona 2807912014,section,B-1201,unchanged,1128.0,1057.251745685079,996.0,-61.25174568507896,-57.93487306600662,False
2807912015,Zona 2807912015,section,B-1201,unchanged,1132.0,1009.7498725885122,1104.0,94.25012741148782,93.34007358661596,False
2807912016,Zona 2807912016,section,B-1201,unchanged,1687.0,1566.9987002214375,1601.0,34.0012997785625,21.698358635369427,False
2807912018,Zona 2807912018,section,B-1202,unchanged,1833.0,1698.3914520374115,1824.0,125.60854796258855,73.95735995486021,False
2807912019,Zona 2807912019,section,B-1202,unchanged,1176.0,1075.2050217020437,1215.0,139.79497829795628,130.01704370452214,False
2807912020,Zona 2807912020,section,B-1202,unchanged,1201.0,1088.417276704432,1380.0,291.58272329556803,267.89608134339596,False
2807912023,Zona 2807912023,section,B-1202,unchanged,1451.0,1318.9218805918676,1478.0,159.07811940813235,120.61223772915639,False
2807912024,Zona 2807912024,section,B-1202,unchanged,2082.0,1980.2218634481217,2087.0,106.77813655187833,53.92230967794065,False
2807912027,Zona 2807912027,section,B-1203,unchanged,1670.0,1569.65478877983,1703.0,133.34521122017009,84.9519347651122,False
2807912028,Zona 2807912028,section,B-1203,unchanged,881.0,768.9319739114028,924.0,155.0680260885972,201.66676812748108,False
2807912029,Zona 2807912029,section,B-1203,unchanged,1299.0,1181.9715331983753,1384.0,202.02846680162475,170.92498518550823,False
2807912030,Zona 2807912030,section,B-1203,unchanged,1191.0,1090.382317937699,1299.0,208.6176820623009,191.32526145221354,False
2807912031,Zona 2807912031,section,B-1203,unchanged,773.0,696.6377696233815,870.0,173.36223037661853,248.85562904569784,False
2807912032,Zona 2807912032,section,B-1203,unchanged,2636.0,2421.9831981884945,2667.0,245.0168018115055,101.16370831753257,False
2807912033,Zona 2807912033,section,B-1203,unchanged,1191.0,1079.8786192809507,1267.0,187.12138071904928,173.28001256626985,False
2807912037,Zona 2807912037,section,B-1203,unchanged,1359.0,1217.3627757996483,1315.0,97.63722420035174,80.20388510418914,False
2807912039,Zona 2807912039,section,B-1204,unchanged,1030.0,890.2774311461184,1117.0,226.72256885388163,254.66507509013826,False
2807912041,Zona 2807912041,section,B-1204,unchanged,1506.0,1317.12281090711,1670.0,352.8771890928899,267.9151755407389,False
2807912042,Zona 2807912042,section,B-1204,unchanged,1067.0,968.7143705728557,1283.0,314.2856294271443,324.43580788554766,False
2807912043,Zona 2807912043,section,B-1204,unchanged,1294.0,1154.6942679932422,1390.0,235.3057320067578,203.78184817328193,False
2807912044,Zona 2807912044,section,B-1204,unchanged,1571.0,1431.8047742992196,1675.0,243.19522570078038,169.85222431585302,False
2807912045,Zona 2807912045,section,B-1204,unchanged,1669.0,1551.1141476872906,1944.0,392.8858523127094,253.29267539626386,False
2807912046,Zona 2807912046,section,B-1204,unchanged,1632.0,1516.7711834051167,1950.0,433.22881659488326,285.62569050283145,False
2807912047,Zona 2807912047,section,B-1204,unchanged,1114.0,1036.0282755848768,1227.0,190.97172441512316,184.3306103854284,False
2807912048,Zona 2807912048,section,B-1204,unchanged,1482.0,1355.618519164341,1668.0,312.381480835659,230.43465135621173,False
2807912049,Zona 2807912049,section,B-1204,unchanged,1642.0,1509.7327911132243,1775.0,265.26720888677573,175.70474089734577,False
2807912050,Zona 2807912050,section,B-1204,unchanged,1346.0,1222.0407499484377,1483.0,260.9592500515623,213.54382009157482,False
2807912051,Zona 2807912051,section,B-1204,unchanged,1239.0,1076.24156581386,1339.0,262.75843418614,244.14447697663545,False
2807912052,Zona 2807912052,section,B-1204,unchanged,1166.0,1069.3611383088735,2139.0,1069.6388616911265,1000.2597096269014,False
2807912053,Zona 2807912053,section,B-1205,unchanged,1939.0,1754.8579836486078,1838.0,83.14201635139216,47.37820218279298,False
2807912054,Zona 2807912054,section,B-1205,unchanged,1373.0,1224.2108031043247,1299.0,74.78919689567533,61.09176353126983,False
2807912055,Zona 2807912055,section,B-1205,unchanged,1731.0,1589.1540334339452,1796.0,206.8459665660548,130.16105563982924,False
2807912056,Zona 2807912056,section,B-1205,unchanged,1721.0,1594.100250869108,1881.0,286.8997491308919,179.9759764007774,False
2807912057,Zona 2807912057,section,B-1205,unchanged,1360.0,1261.5714798119486,1708.0,446.4285201880514,353.86700423395473,False
2807912059,Zona 2807912059,section,B-1205,unchanged,1700.0,1532.5886528202304,1628.0,95.41134717976956,62.25502649011269,False
2807912061,Zona 2807912061,section,B-1205,unchanged,2192.0,1981.023380010902,2261.0,279.976619989098,141.3292860721095,False
2807912062,Zona 2807912062,section,B-1205,unchanged,1322.0,1186.494884681637,1560.0,373.5051153183631,314.7970717282804,False
2807912064,Zona 2807912064,section,B-1205,unchanged,1265.0,1135.5822128846098,1432.0,296.4177871153902,261.02714867506484,False
2807912065,Zona 2807912065,section,B-1205,unchanged,1160.0,1040.3558710050902,1396.0,355.6441289949098,341.8485336669665,False
2807912066,Zona 2807912066,section,B-1205,unchanged,1446.0,1337.7322609468288,1766.0,428.2677390531712,320.14458464958386,False
2807912067,Zona 2807912067,section,B-1205,unchanged,1919.0,1788.1456780200658,2281.0,492.8543219799342,275.6231374423866,False
2807912069,Zona 2807912069,section,B-1205,unchanged,1220.0,1074.603267965975,1297.0,222.39673203402504,206.957059096778,False
2807912070,Zona 2807912070,section,B-1205,unchanged,1072.0,939.4327391953668,1113.0,173.56726080463318,184.75751755606814,False
2807912071,Zona 2807912071,section,B-1205,unchanged,1495.0,1292.0140877757406,1804.0,511.98591222425944,396.26960500536484,False
2807912073,Zona 2807912073,section,B-1205,unchanged,834.0,751.6812217499242,1187.0,435.31877825007575,579.1268501249075,False
2807912074,Zona 2807912074,section,B-1205,unchanged,776.0,679.0356644952315,971.0,291.96433550476854,429.96907345331175,False
2807912075,Zona 2807912075,section,B-1206,unchanged,1472.0,1308.5940574694991,1745.0,436.40594253050085,333.4922239937443,False
2807912077,Zona 2807912077,section,B-1206,unchanged,1422.0,1245.816929852595,1521.0,275.18307014740503,220.8856402199998,False
2807912078,Zona 2807912078,section,B-1206,unchanged,1346.0,1220.9758552023254,1546.0,325.0241447976746,266.2003047912978,False
2807912079,Zona 2807912079,section,B-1206,unchanged,1034.0,933.1952474298256,1237.0,303.8047525701744,325.55325737770636,False
2807912080,Zona 2807912080,section,B-1206,unchanged,1434.0,1313.4947569209537,1652.0,338.5052430790463,257.7134330345999,False
2807912081,Zona 2807912081,section,B-1206,unchanged,1286.0,1160.8218824478938,1468.0,307.1781175521062,264.621232763412,False
2807912082,Zona 2807912082,section,B-1206,unchanged,1039.0,970.0237639466567,1094.0,123.97623605334331,127.80742148927496,False
2807912083,Zona 2807912083,section,B-1206,unchanged,1230.0,1121.5462828458742,1362.0,240.4537171541258,214.39482331837888,False
2807912084,Zona 2807912084,section,B-1206,unchanged,990.0,881.858717952294,1170.0,288.141282047706,326.74313490575895,False
2807912086,Zona 2807912086,section,B-1207,unchanged,1095.0,979.5871208827093,1106.0,126.41287911729069,129.04710201107955,False
2807912087,Zona 2807912087,section,B-1207,unchanged,1775.0,1612.544519307673,2000.0,387.455480692327,240.2758349013995,False
2807912088,Zona 2807912088,section,B-1207,unchanged,1828.0,1708.8955029197618,2215.0,506.10449708023816,296.1588325415597,False
2807912089,Zona 2807912089,section,B-1207,unchanged,1221.0,1111.9301959499903,1309.0,197.06980405000968,177.23217227826143,False
2807912090,Zona 2807912090,section,B-1207,unchanged,1188.0,1087.3704196139495,1323.0,235.62958038605052,216.6966988762729,False
2807912091,Zona 2807912091,section,B-1207,unchanged,1721.0,1510.7544205877352,1885.0,374.24557941226476,247.7209891377782,False
2807912092,Zona 2807912092,section,B-1207,unchanged,1306.0,1173.9588332012781,1479.0,305.04116679872186,259.8397475036689,False
2807912093,Zona 2807912093,section,B-1207,unchanged,1816.0,1675.5056495803728,2086.0,410.49435041962715,244.99729411383046,False
2807912094,Zona 2807912094,section,B-1207,unchanged,1886.0,1746.9162848221058,2398.0,651.0837151778942,372.70458855685587,False
2807912096,Zona 2807912096,section,B-1207,unchanged,1338.0,1224.5023402205193,1661.0,436.4976597794807,356.469436963977,False
2807912097,Zona 2807912097,section,B-1207,unchanged,1121.0,1031.8825970865773,1323.0,291.11740291342267,282.1226016751955,False
2807912098,Zona 2807912098,section,B-1206,unchanged,1860.0,1769.7031855087123,1741.0,-28.703185508712295,-16.21920881634249,False
2807912099,Zona 2807912099,section,B-1202,unchanged,1169.0,1040.9271774533943,1233.0,192.07282254660572,184.52090281330507,False
2807912100,Zona 2807912100,section,B-1203,unchanged,1561.0,1435.3398367694758,1643.0,207.66016323052418,144.6766528112991,False
2807912101,Zona 2807912101,section,B-1201,unchanged,1810.0,1756.4981507849523,1749.0,-7.498150784952259,-4.268806535094528,False
2807912102,Zona 2807912102,section,B-1201,unchanged,2512.0,2446.6078483435117,2388.0,-58.607848343511705,-23.954737324656442,False
2807912103,Zona 2807912103,section,B-1203,unchanged,2353.0,2266.1055147051866,2269.0,2.894485294813421,1.2772950226856425,False
2807912104,Zona 2807912104,section,B-1203,unchanged,1758.0,1691.3218312018842,1825.0,133.67816879811585,79.0376889436363,False
2807912105,Zona 2807912105,section,B-1203,unchanged,1599.0,1554.916417803375,1586.0,31.083582196625002,19.990516429517587,False
2807912106,Zona 2807912106,section,B-1201,unchanged,2301.0,2237.1338190362517,2267.0,29.86618096374832,13.350198682622638,False
2807912107,Zona 2807912107,section,B-1204,unchanged,2350.0,2235.0606650237,2404.0,168.93933497629996,75.58601769518796,False
2807912109,Zona 2807912109,section,B-1203,unchanged,2092.0,2027.6190347030972,2143.0,115.38096529690279,56.90465680294717,False
2807913002,Zona 2807913002,section,B-1301,unchanged,1198.0,1097.560146106543,1179.0,81.43985389345698,74.20081184831159,False
2807913003,Zona 2807913003,section,B-1301,unchanged,783.0,705.4262458787979,884.0,178.57375412120211,253.14305381243722,False
2807913004,Zona 2807913004,section,B-1301,unchanged,696.0,613.7108672360351,716.0,102.28913276396486,166.67316520667725,False
2807913005,Zona 2807913005,section,B-1301,unchanged,806.0,723.5067264450502,871.0,147.49327355494984,203.85888363423786,False
2807913006,Zona 2807913006,section,B-1301,unchanged,918.0,832.5700825824077,897.0,64.42991741759226,77.38677952220917,False
2807913007,Zona 2807913007,section,B-1301,unchanged,1030.0,938.8364076815603,1004.0,65.16359231843967,69.4088893286105,False
2807913008,Zona 2807913008,section,B-1301,unchanged,1488.0,1334.0054611526243,1696.0,361.9945388473757,271.35911312881774,False
2807913010,Zona 2807913010,section,B-1301,unchanged,1075.0,957.9247359275716,1081.0,123.07526407242835,128.4811420526195,False
2807913011,Zona 2807913011,section,B-1301,unchanged,801.0,726.5449370462642,868.0,141.45506295373582,194.69554564486407,False
2807913012,Zona 2807913012,section,B-1301,unchanged,1187.0,1076.879895560269,1247.0,170.120104439731,157.97500272880708,False
2807913013,Zona 2807913013,section,B-1301,unchanged,1331.0,1195.0888618553374,1330.0,134.91113814466257,112.88795540711284,False
2807913016,Zona 2807913016,section,B-1301,unchanged,1142.0,1030.7535398192624,1261.0,230.24646018073759,223.37683188661197,False
2807913017,Zona 2807913017,section,B-1301,unchanged,957.0,857.5884026083096,947.0,89.4115973916904,104.25933597020409,False
2807913018,Zona 2807913018,section,B-1301,unchanged,934.0,828.8776771147058,921.0,92.12232288529424,111.1410349546013,False
2807913019,Zona 2807913019,section,B-1301,unchanged,734.0,637.8630905875785,737.0,99.13690941242146,155.42035724484356,False
2807913021,Zona 2807913021,section,B-1301,unchanged,955.0,831.2592281754111,949.0,117.74077182458893,141.64146133213626,False
2807913022,Zona 2807913022,section,B-1301,unchanged,986.0,891.2809191769067,985.0,93.71908082309335,105.1510009993734,False
2807913023,Zona 2807913023,section,B-1301,unchanged,835.0,745.0577937869044,824.0,78.94220621309557,105.95447342662656,False
2807913024,Zona 2807913024,section,B-1301,unchanged,870.0,784.8389407703306,883.0,98.16105922966938,125.07159638807282,False
2807913026,Zona 2807913026,section,B-1301,unchanged,893.0,770.2904563932447,931.0,160.70954360675535,208.6349925186023,False
2807913028,Zona 2807913028,section,B-1301,unchanged,796.0,719.6054797389165,812.0,92.39452026108347,128.39607654822967,False
2807913029,Zona 2807913029,section,B-1301,unchanged,1192.0,1016.855158182474,1274.0,257.14484181752596,252.88246782083147,False
2807913030,Zona 2807913030,section,B-1301,unchanged,1780.0,1525.2821439456347,1815.0,289.71785605436526,189.9437800438131,False
2807913031,Zona 2807913031,section,B-1301,unchanged,1061.0,985.7182021376473,1162.0,176.28179786235273,178.8358959792613,False
2807913032,Zona 2807913032,section,B-1301,unchanged,1870.0,1687.413261878284,2064.0,376.58673812171605,223.17398270446918,False
2807913033,Zona 2807913033,section,B-1301,unchanged,1208.0,1123.3153465519526,1407.0,283.68465344804736,252.54231086473197,False
2807913034,Zona 2807913034,section,B-1301,unchanged,1174.0,1074.3480260397685,1357.0,282.65197396023154,263.0916305604761,False
2807913035,Zona 2807913035,section,B-1301,unchanged,2520.0,2362.3338642203744,2718.0,355.6661357796256,150.55709997917833,False
2807913036,Zona 2807913036,section,B-1302,unchanged,1034.0,957.2254287873744,1299.0,341.7745712126256,357.0471081671849,False
2807913037,Zona 2807913037,section,B-1302,unchanged,1257.0,1159.006718426824,1530.0,370.9932815731761,320.0958852738518,False
2807913038,Zona 2807913038,section,B-1302,unchanged,902.0,830.3872296202171,1156.0,325.6127703797829,392.1216015432992,False
2807913039,Zona 2807913039,section,B-1302,unchanged,970.0,898.1879281245111,1079.0,180.81207187548887,201.3076174971969,False
2807913040,Zona 2807913040,section,B-1302,unchanged,1360.0,1258.3580212204197,1592.0,333.6419787795803,265.1407414687891,False
2807913041,Zona 2807913041,section,B-1302,unchanged,1721.0,1627.3035750980566,2170.0,542.6964249019434,333.4942743361466,False
2807913042,Zona 2807913042,section,B-1302,unchanged,1443.0,1365.6458966211296,1532.0,166.35410337887038,121.81349776721945,False
2807913043,Zona 2807913043,section,B-1302,unchanged,1359.0,1271.8414355819177,1681.0,409.1585644180823,321.70564110523424,False
2807913044,Zona 2807913044,section,B-1302,unchanged,1915.0,1780.0401403180642,2327.0,546.9598596819358,307.2738907922621,False
2807913045,Zona 2807913045,section,B-1302,unchanged,1301.0,1201.1324052125785,1572.0,370.86759478742147,308.76495645106223,False
2807913046,Zona 2807913046,section,B-1302,unchanged,1748.0,1640.806291848666,2163.0,522.193708151334,318.25433065775735,False
2807913047,Zona 2807913047,section,B-1302,unchanged,1428.0,1299.4906150468125,1717.0,417.50938495318746,321.28695668813833,False
2807913048,Zona 2807913048,section,B-1302,unchanged,1294.0,1172.788862925527,1591.0,418.2111370744731,356.5954199387975,False
2807913049,Zona 2807913049,section,B-1302,unchanged,1912.0,1757.8983186756068,2115.0,357.1016813243932,203.1412610903639,False
2807913050,Zona 2807913050,section,B-1302,unchanged,1114.0,1046.6927431925326,1251.0,204.3072568074674,195.1931530396465,False
2807913052,Zona 2807913052,section,B-1302,unchanged,1009.0,914.2441066660559,1229.0,314.7558933339441,344.27992593986096,False
2807913053,Zona 2807913053,section,B-1302,unchanged,1293.0,1180.3419723179961,1453.0,272.6580276820039,230.99917996353943,False
2807913054,Zona 2807913054,section,B-1302,unchanged,1735.0,1604.7447746100356,2089.0,484.2552253899644,301.7646376244732,False
2807913055,Zona 2807913055,section,B-1302,unchanged,1167.0,1044.4732046778302,1407.0,362.52679532216985,347.0905655583495,False
2807913057,Zona 2807913057,section,B-1302,unchanged,1518.0,1368.6758929740015,1646.0,277.3241070259985,202.62219013984372,False
2807913058,Zona 2807913058,section,B-1302,unchanged,991.0,916.4245721701128,1257.0,340.5754278298872,371.6349803054684,False
2807913059,Zona 2807913059,section,B-1302,unchanged,1091.0,995.4890046965883,1276.0,280.51099530341173,281.7821130921559,False
2807913060,Zona 2807913060,section,B-1302,unchanged,1109.0,1005.3722185102376,1245.0,239.62778148976236,238.34732756475333,False
2807913061,Zona 2807913061,section,B-1302,unchanged,887.0,803.4719900807738,1131.0,327.5280099192262,407.6408561377472,False
2807913062,Zona 2807913062,section,B-1302,unchanged,1080.0,1000.994496248902,1267.0,266.005503751098,265.7412250995579,False
2807913063,Zona 2807913063,section,B-1302,unchanged,890.0,806.8238860493507,1033.0,226.17611395064932,280.32897620090404,False
2807913066,Zona 2807913066,section,B-1302,unchanged,1037.0,941.9465429448129,1097.0,155.0534570551871,164.60961422549795,False
2807913069,Zona 2807913069,section,B-1302,unchanged,815.0,740.393486990867,844.0,103.60651300913298,139.9343927648718,False
2807913074,Zona 2807913074,section,B-1303,unchanged,2098.0,1973.177677500784,1981.0,7.822322499215943,3.9643274847522365,False
2807913077,Zona 2807913077,section,B-1303,unchanged,1452.0,1278.3146185862372,1336.0,57.6853814137628,45.12612198518111,False
2807913078,Zona 2807913078,section,B-1303,unchanged,1706.0,1540.8149132710714,1629.0,88.18508672892858,57.2327577890041,False
2807913079,Zona 2807913079,section,B-1303,unchanged,1477.0,1356.512326264775,1785.0,428.4876737352249,315.8745154311183,False
2807913080,Zona 2807913080,section,B-1303,unchanged,1389.0,1295.4297254754972,1665.0,369.5702745245028,285.2877830859171,False
2807913083,Zona 2807913083,section,B-1303,unchanged,1709.0,1584.7336852799306,2028.0,443.26631472006943,279.71028749967536,False
2807913084,Zona 2807913084,section,B-1303,unchanged,886.0,807.2912052892318,1109.0,301.7087947107682,373.7298173620926,False
2807913086,Zona 2807913086,section,B-1303,unchanged,1250.0,1085.4384108386555,1485.0,399.5615891613445,368.11078838883765,False
2807913087,Zona 2807913087,section,B-1303,unchanged,778.0,686.9261676188794,751.0,64.07383238112061,93.27615601429537,False
2807913088,Zona 2807913088,section,B-1303,unchanged,984.0,823.1592746511326,1045.0,221.8407253488674,269.49915062657453,False
2807913089,Zona 2807913089,section,B-1303,unchanged,715.0,623.3712210487088,898.0,274.6287789512912,440.5541508465505,False
2807913090,Zona 2807913090,section,B-1303,unchanged,851.0,770.3241043437492,1034.0,263.67589565625076,342.2921523153949,False
2807913091,Zona 2807913091,section,B-1303,unchanged,1073.0,958.8121213655943,1110.0,151.1878786344057,157.68248571897004,False
2807913092,Zona 2807913092,section,B-1303,unchanged,2205.0,2048.9509604411123,2160.0,111.04903955888767,54.1979977573403,False
2807913094,Zona 2807913094,section,B-1303,unchanged,2048.0,1881.507822162431,2014.0,132.492177837569,70.41808504696766,False
2807913103,Zona 2807913103,section,B-1303,unchanged,764.0,671.6795118711487,838.0,166.32048812885125,247.61881997192324,False
2807913104,Zona 2807913104,section,B-1303,unchanged,1697.0,1535.2425151579394,1691.0,155.75748484206065,101.45464531122431,False
2807913108,Zona 2807913108,section,B-1304,unchanged,1807.0,1666.2274443404488,1773.0,106.77255565955124,64.08042072660469,False
2807913109,Zona 2807913109,section,B-1304,unchanged,2187.0,1998.5291218981017,2054.0,55.47087810189828,27.75585178824657,False
2807913110,Zona 2807913110,section,B-1304,unchanged,793.0,699.8347394724963,873.0,173.16526052750373,247.4373602231119,False
2807913111,Zona 2807913111,section,B-1304,unchanged,818.0,747.6677709178238,787.0,39.33222908217624,52.60655950689528,False
2807913112,Zona 2807913112,section,B-1304,unchanged,1325.0,1184.1355165011776,1301.0,116.86448349882244,98.69181514302313,False
2807913116,Zona 2807913116,section,B-1304,unchanged,780.0,704.4158888694653,772.0,67.58411113053467,95.94347912708514,False
2807913118,Zona 2807913118,section,B-1304,unchanged,822.0,743.191829354395,738.0,-5.191829354395054,-6.985853650873901,False
2807913119,Zona 2807913119,section,B-1304,unchanged,1286.0,1138.8583290229046,1363.0,224.14167097709537,196.81260194092803,False
2807913120,Zona 2807913120,section,B-1304,unchanged,1263.0,1126.318862787411,1239.0,112.68113721258896,100.04372734531496,False
2807913121,Zona 2807913121,section,B-1304,unchanged,1003.0,915.2888817508435,937.0,21.71111824915647,23.720509100499033,False
2807913122,Zona 2807913122,section,B-1304,unchanged,813.0,725.9573005456232,874.0,148.04269945437682,203.92755791987935,False
2807913123,Zona 2807913123,section,B-1304,unchanged,1270.0,1146.535651614851,1250.0,103.46434838514892,90.24084705907174,False
2807913124,Zona 2807913124,section,B-1304,unchanged,1390.0,1252.168169190316,1446.0,193.8318308096841,154.79696384154275,False
2807913125,Zona 2807913125,section,B-1304,unchanged,1143.0,1016.7052129209437,1181.0,164.29478707905628,161.59530313319186,False
2807913127,Zona 2807913127,section,B-1304,unchanged,2504.0,2438.9404156070977,2494.0,55.05958439290225,22.575206856456514,False
2807913128,Zona 2807913128,section,B-1304,unchanged,1351.0,1241.9754575990637,1306.0,64.0245424009363,51.55056970667193,False
2807913129,Zona 2807913129,section,B-1304,unchanged,851.0,766.657549898683,789.0,22.342450101317013,29.14267276735181,False
2807913131,Zona 2807913131,section,B-1304,unchanged,725.0,663.1874294960152,701.0,37.81257050398483,57.01641620788899,False
2807913132,Zona 2807913132,section,B-1304,unchanged,1163.0,1053.3055600439016,1119.0,65.69443995609845,62.369783705841556,False
2807913133,Zona 2807913133,section,B-1304,unchanged,954.0,869.2692412442725,985.0,115.73075875572749,133.13568830535223,False
2807913134,Zona 2807913134,section,B-1304,unchanged,1008.0,907.0165557623127,1046.0,138.9834442376873,153.23143040192585,False
2807913135,Zona 2807913135,section,B-1304,unchanged,861.0,769.834261981515,797.0,27.165738018484944,35.28777473291678,False
2807913136,Zona 2807913136,section,B-1304,unchanged,1085.0,968.6037148536363,1040.0,71.39628514636365,73.71052170407192,False
2807913137,Zona 2807913137,section,B-1304,unchanged,1709.0,1568.6173702554313,1611.0,42.3826297445687,27.019100099387003,False
2807913138,Zona 2807913138,section,B-1304,unchanged,926.0,848.1870718577869,955.0,106.81292814221308,125.93086087513734,False
2807913139,Zona 2807913139,section,B-1304,unchanged,1032.0,899.9378795424278,1096.0,196.06212045757218,217.86183792736858,False
2807913140,Zona 2807913140,section,B-1304,unchanged,1493.0,1360.5345079151123,1494.0,133.46549208488773,98.09783677549693,False
2807913142,Zona 2807913142,section,B-1305,unchanged,1388.0,1248.9217154128935,1478.0,229.0782845871065,183.42085157144797,False
2807913143,Zona 2807913143,section,B-1305,unchanged,760.0,664.1691968628844,735.0,70.8308031371156,106.64572140905594,False
2807913144,Zona 2807913144,section,B-1305,unchanged,1434.0,1288.6701458790058,1438.0,149.32985412099424,115.87903591817587,False
2807913145,Zona 2807913145,section,B-1305,unchanged,890.0,797.9865075114643,1062.0,264.0134924885357,330.8495695144855,False
2807913146,Zona 2807913146,section,B-1305,unchanged,1037.0,945.4963514978588,1213.0,267.50364850214123,282.92404098478113,False
2807913147,Zona 2807913147,section,B-1305,unchanged,1254.0,1147.7580739494776,1311.0,163.24192605052235,142.2267721357001,False
2807913148,Zona 2807913148,section,B-1305,unchanged,1151.0,1022.3876282358286,1384.0,361.61237176417137,353.6940019395072,False
2807913150,Zona 2807913150,section,B-1305,unchanged,1434.0,1307.6361993114872,1588.0,280.3638006885128,214.4050469359394,False
2807913153,Zona 2807913153,section,B-1305,unchanged,1422.0,1318.2178141204474,1527.0,208.78218587955257,158.3821608562148,False
2807913154,Zona 2807913154,section,B-1305,unchanged,1173.0,1040.315785993074,1152.0,111.68421400692591,107.35606967677933,False
2807913155,Zona 2807913155,section,B-1305,unchanged,1990.0,1813.0046957810935,2240.0,426.99530421890654,235.51803545381605,False
2807913156,Zona 2807913156,section,B-1305,unchanged,793.0,665.5127991548363,911.0,245.48720084516367,368.8692406170378,False
2807913157,Zona 2807913157,section,B-1305,unchanged,1160.0,1048.0777869093863,1332.0,283.9222130906137,270.8980350855969,False
2807913158,Zona 2807913158,section,B-1305,unchanged,1950.0,1769.3578159785927,1989.0,219.64218402140727,124.1366681390717,False
2807913160,Zona 2807913160,section,B-1305,unchanged,1735.0,1551.794967279247,1679.0,127.20503272075302,81.9728349446711,False
2807913161,Zona 2807913161,section,B-1305,unchanged,1067.0,848.216291280518,1011.0,162.78370871948198,191.91297124667807,False
2807913162,Zona 2807913162,section,B-1305,unchanged,733.0,667.1946099529217,668.0,0.8053900470782764,1.207129127040019,False
2807913163,Zona 2807913163,section,B-1305,unchanged,897.0,781.437839161026,897.0,115.56216083897402,147.88400951129378,False
2807913164,Zona 2807913164,section,B-1305,unchanged,839.0,740.9954735859692,802.0,61.004526414030806,82.32779900639049,False
2807913166,Zona 2807913166,section,B-1306,unchanged,1811.0,1632.6986758583357,1900.0,267.3013241416643,163.71748693992154,False
2807913168,Zona 2807913168,section,B-1306,unchanged,2254.0,2084.3006835936953,2513.0,428.69931640630466,205.68016878790866,False
2807913169,Zona 2807913169,section,B-1306,unchanged,1324.0,1224.3461149240964,1499.0,274.65388507590364,224.32699522465583,False
2807913170,Zona 2807913170,section,B-1306,unchanged,1024.0,915.4688644747935,1079.0,163.53113552520654,178.63101834601957,False
2807913171,Zona 2807913171,section,B-1306,unchanged,1009.0,924.0756275677086,1063.0,138.92437243229142,150.3387474875396,False
2807913172,Zona 2807913172,section,B-1306,unchanged,1085.0,970.6630688815393,1360.0,389.3369311184607,401.10409430440154,False
2807913173,Zona 2807913173,section,B-1306,unchanged,1022.0,914.8279239520117,1134.0,219.1720760479883,239.5773787721473,False
2807913174,Zona 2807913174,section,B-1306,unchanged,1391.0,1280.3300377788028,1599.0,318.66996222119724,248.89673195049457,False
2807913175,Zona 2807913175,section,B-1306,unchanged,1303.0,1194.968979796583,1506.0,311.03102020341703,260.2837608858794,False
2807913176,Zona 2807913176,section,B-1306,unchanged,1042.0,933.3560165731097,1185.0,251.64398342689026,269.61200116416563,False
2807913177,Zona 2807913177,section,B-1306,unchanged,1066.0,952.2545452179036,1184.0,231.74545478209643,243.3650287582154,False
2807913178,Zona 2807913178,section,B-1306,unchanged,1238.0,1111.7187578366227,1111.0,-0.7187578366226717,-0.6465284781389825,False
2807913179,Zona 2807913179,section,B-1306,unchanged,672.0,600.0521008498188,619.0,18.94789915018123,31.577089928268602,False
2807913180,Zona 2807913180,section,B-1306,unchanged,989.0,895.7142979513764,987.0,91.28570204862365,101.91386054393325,False
2807913181,Zona 2807913181,section,B-1306,unchanged,1206.0,1075.47257747318,1256.0,180.52742252681992,167.85869422256084,False
2807913182,Zona 2807913182,section,B-1306,unchanged,1190.0,1065.0569480895174,1075.0,9.943051910482609,9.33569977485082,False
2807913183,Zona 2807913183,section,B-1306,unchanged,1272.0,1157.566129392544,1227.0,69.4338706074559,59.98263843802402,False
2807913184,Zona 2807913184,section,B-1306,unchanged,1626.0,1505.013581791674,1761.0,255.98641820832609,170.0891083677676,False
2807913185,Zona 2807913185,section,B-1306,unchanged,1461.0,1334.8501655802959,1680.0,345.1498344197041,258.56822235150116,False
2807913186,Zona 2807913186,section,B-1306,unchanged,2071.0,1895.685713330052,2223.0,327.31428666994793,172.66273853748257,False
2807913187,Zona 2807913187,section,B-1306,unchanged,1644.0,1520.8430901673598,1875.0,354.15690983264017,232.8688029175102,False
2807913189,Zona 2807913189,section,B-1306,unchanged,1054.0,955.9965320531101,1271.0,315.00346794688994,329.5027308000632,False
2807913191,Zona 2807913191,section,B-1306,unchanged,2043.0,1856.6860098284303,2001.0,144.31399017156969,77.72665351472392,False
2807913192,Zona 2807913192,section,B-1306,unchanged,1338.0,1231.2549438129442,1459.0,227.74505618705575,184.96986130409027,False
2807913193,Zona 2807913193,section,B-1306,unchanged,1294.0,1198.3946190638542,1417.0,218.60538093614582,182.41518900252825,False
2807913194,Zona 2807913194,section,B-1306,unchanged,1486.0,1374.570981921141,1723.0,348.4290180788589,253.4820119597492,False
2807913195,Zona 2807913195,section,B-1306,unchanged,1023.0,961.4675502784819,1134.0,172.5324497215181,179.4469815143999,False
2807913196,Zona 2807913196,section,B-1306,unchanged,1256.0,1163.2125696466833,1363.0,199.78743035331672,171.75487573522403,False
2807913197,Zona 2807913197,section,B-1306,unchanged,1497.0,1375.324407808196,1746.0,370.67559219180407,269.5186605337254,False
2807913198,Zona 2807913198,section,B-1305,unchanged,1272.0,1138.7485447340712,1235.0,96.25145526592883,84.52388871188957,False
2807913199,Zona 2807913199,section,B-1304,unchanged,1648.0,1531.7719901953174,1459.0,-72.77199019531736,-47.508369823395284,False
2807913200,Zona 2807913200,section,B-1305,unchanged,1519.0,1404.4946862402026,1412.0,7.5053137597974455,5.343782239496387,False
2807913201,Zona 2807913201,section,B-1306,unchanged,1071.0,973.8243235619036,1023.0,49.17567643809639,50.497482192916706,False
2807913202,Zona 2807913202,section,B-1306,unchanged,1621.0,1384.0972628584425,1453.0,68.90273714155751,49.78171620631583,False
2807913203,Zona 2807913203,section,B-1303,unchanged,1514.0,1436.1175254254408,1345.0,-91.11752542544082,-63.44712310258022,False
2807913204,Zona 2807913204,section,B-1303,unchanged,1515.0,1437.6655216454299,1348.0,-89.66552164542986,-62.36883356763423,False
2807913205,Zona 2807913205,section,B-1303,unchanged,1237.0,1163.8100295943977,1160.0,-3.810029594397747,-3.2737555937076688,False
2807913207,Zona 2807913207,section,B-1303,unchanged,2217.0,2118.824140342175,2045.0,-73.82414034217481,-34.842032869350234,False
2807913208,Zona 2807913208,section,B-1303,unchanged,1792.0,1699.22088230778,1621.0,-78.2208823077799,-46.033381017272454,False
2807913209,Zona 2807913209,section,B-1303,unchanged,1563.0,1479.0802880514925,1405.0,-74.08028805149252,-50.0853730861928,False
2807913210,Zona 2807913210,section,B-1303,unchanged,2516.0,2374.4965123152665,2269.0,-105.4965123152665,-44.42900285096714,False
2807913211,Zona 2807913211,section,B-1304,unchanged,1106.0,1058.2911076123123,945.0,-113.29110761231232,-107.05098700859034,False
2807913212,Zona 2807913212,section,B-1306,unchanged,930.0,822.7173822025571,844.0,21.282617797442867,25.86868620724362,False
2807913213,Zona 2807913213,section,B-1303,unchanged,1262.0,1175.5425440211436,1250.0,74.45745597885639,63.33880160913783,False
2807913214,Zona 2807913214,section,B-1305,unchanged,1301.0,1233.0611057374604,1226.0,-7.061105737460366,-5.726484847024114,False
2807913215,Zona 2807913215,section,B-1304,unchanged,1063.0,959.0112522666118,1179.0,219.9887477333882,229.39120600873807,False
2807913216,Zona 2807913216,section,B-1304,unchanged,1532.0,1506.2699831212205,2516.0,1009.7300168787795,670.3512837628651,False
2807914002,Zona 2807914002,section,B-1401,unchanged,1316.0,1173.744444269825,1320.0,146.25555573017505,124.60596209352813,False
2807914004,Zona 2807914004,section,B-1401,unchanged,1249.0,1101.861339606196,1169.0,67.138660393804,60.932041065892456,False
2807914010,Zona 2807914010,section,B-1403,unchanged,1283.0,1196.884095173175,1118.0,-78.88409517317496,-65.90788154951743,False
2807914012,Zona 2807914012,section,B-1403,unchanged,1434.0,1211.5817693417353,1361.0,149.41823065826475,123.32492485376797,False
2807914013,Zona 2807914013,section,B-1403,unchanged,1038.0,903.7840132232973,943.0,39.21598677670272,43.39088344442053,False
2807914014,Zona 2807914014,section,B-1403,unchanged,658.0,559.2489751058343,587.0,27.751024894165653,49.62195038249993,False
2807914015,Zona 2807914015,section,B-1403,unchanged,877.0,741.4597501308933,802.0,60.540249869106674,81.65008263552974,False
2807914016,Zona 2807914016,section,B-1403,unchanged,736.0,635.980948992415,667.0,31.01905100758495,48.773553762464815,False
2807914017,Zona 2807914017,section,B-1403,unchanged,774.0,657.9473313455312,769.0,111.05266865446879,168.78656294168897,False
2807914018,Zona 2807914018,section,B-1403,unchanged,1124.0,962.2679265159192,1045.0,82.73207348408084,85.97613118378437,False
2807914021,Zona 2807914021,section,B-1403,unchanged,936.0,782.6746668148063,874.0,91.3253331851937,116.68364527097026,False
2807914022,Zona 2807914022,section,B-1403,unchanged,852.0,731.5884659206515,808.0,76.41153407934848,104.44606173935513,False
2807914025,Zona 2807914025,section,B-1403,unchanged,1061.0,886.0452288571504,1128.0,241.9547711428496,273.07270922832083,False
2807914026,Zona 2807914026,section,B-1403,unchanged,879.0,775.5090251298147,871.0,95.49097487018525,123.13328636530147,False
2807914027,Zona 2807914027,section,B-1403,unchanged,1125.0,976.6035843599184,1073.0,96.39641564008161,98.70577702544617,False
2807914028,Zona 2807914028,section,B-1403,unchanged,959.0,854.1883513875829,981.0,126.81164861241712,148.45864896942044,False
2807914029,Zona 2807914029,section,B-1403,unchanged,912.0,796.4957152574984,848.0,51.50428474250157,64.6636055359705,False
2807914030,Zona 2807914030,section,B-1404,unchanged,1781.0,1599.723056273388,1584.0,-15.72305627338801,-9.828611403535954,False
2807914031,Zona 2807914031,section,B-1404,unchanged,873.0,728.2097754795026,822.0,93.79022452049742,128.79561313048782,False
2807914032,Zona 2807914032,section,B-1404,unchanged,1002.0,828.2966803669526,894.0,65.70331963304739,79.32341296350415,False
2807914033,Zona 2807914033,section,B-1404,unchanged,745.0,636.4370243847951,713.0,76.56297561520489,120.2993739863165,False
2807914034,Zona 2807914034,section,B-1404,unchanged,888.0,751.1261080461426,840.0,88.87389195385742,118.32086649875549,False
2807914035,Zona 2807914035,section,B-1404,unchanged,720.0,615.4290862285211,705.0,89.5709137714789,145.54221725266237,False
2807914036,Zona 2807914036,section,B-1404,unchanged,1007.0,865.3997374681852,1128.0,262.6002625318148,303.44388975674815,False
2807914037,Zona 2807914037,section,B-1404,unchanged,931.0,794.7042371610837,984.0,189.2957628389163,238.19649372342118,False
2807914038,Zona 2807914038,section,B-1404,unchanged,765.0,662.4144610171337,850.0,187.5855389828663,283.18454686938713,False
2807914039,Zona 2807914039,section,B-1404,unchanged,1085.0,973.7437002276097,1077.0,103.25629977239032,106.0405317623667,False
2807914040,Zona 2807914040,section,B-1404,unchanged,1889.0,1739.3919524096632,1674.0,-65.39195240966319,-37.59471941851437,False
2807914041,Zona 2807914041,section,B-1404,unchanged,900.0,781.6420930283845,779.0,-2.6420930283844655,-3.380182633394234,False
2807914042,Zona 2807914042,section,B-1404,unchanged,1135.0,1012.0721934771651,1013.0,0.9278065228348851,0.9167394666256273,False
2807914043,Zona 2807914043,section,B-1405,unchanged,778.0,653.2300008438483,795.0,141.7699991561517,217.0292224377508,False
2807914044,Zona 2807914044,section,B-1405,unchanged,920.0,782.5613220741006,919.0,136.43867792589936,174.34886452640194,False
2807914045,Zona 2807914045,section,B-1405,unchanged,937.0,786.1212023911028,928.0,141.87879760889723,180.4795458732726,False
2807914046,Zona 2807914046,section,B-1405,unchanged,1062.0,928.3936952527862,1106.0,177.6063047472138,191.30494493379186,False
2807914047,Zona 2807914047,section,B-1405,unchanged,1099.0,943.5452958678908,1154.0,210.4547041321092,223.0467419569179,False
2807914048,Zona 2807914048,section,B-1405,unchanged,1076.0,925.0547392810031,1111.0,185.9452607189969,201.010008189918,False
2807914049,Zona 2807914049,section,B-1405,unchanged,1125.0,965.1047666516699,1143.0,177.89523334833007,184.32738029625423,False
2807914050,Zona 2807914050,section,B-1405,unchanged,1036.0,888.9236683084623,1131.0,242.0763316915377,272.3252179258384,False
2807914051,Zona 2807914051,section,B-1405,unchanged,966.0,855.9417890434735,969.0,113.05821095652652,132.0863315750369,False
2807914052,Zona 2807914052,section,B-1405,unchanged,933.0,824.8912894422926,958.0,133.10871055770735,161.36515473172457,False
2807914053,Zona 2807914053,section,B-1405,unchanged,769.0,690.0115388307743,860.0,169.98846116922573,246.35596885418968,False
2807914054,Zona 2807914054,section,B-1405,unchanged,1068.0,948.5019590843282,1111.0,162.49804091567182,171.32072249228182,False
2807914055,Zona 2807914055,section,B-1405,unchanged,878.0,761.2736362600115,914.0,152.72636373998853,200.61953608469,False
2807914056,Zona 2807914056,section,B-1405,unchanged,767.0,673.1655669927201,780.0,106.83443300727993,158.7045420111859,False
2807914057,Zona 2807914057,section,B-1405,unchanged,967.0,848.333040560083,1010.0,161.66695943991704,190.57015548183992,False
2807914058,Zona 2807914058,section,B-1405,unchanged,847.0,741.0140630254047,891.0,149.98593697459535,202.40632999896695,False
2807914059,Zona 2807914059,section,B-1405,unchanged,1297.0,1136.5519287751076,1380.0,243.44807122489237,214.19881050860815,False
2807914060,Zona 2807914060,section,B-1406,unchanged,730.0,617.9257180515058,682.0,64.07428194849422,103.69253144300016,False
2807914061,Zona 2807914061,section,B-1406,unchanged,1329.0,1184.980267505925,1185.0,0.019732494075014984,0.016652171024372203,False
2807914062,Zona 2807914062,section,B-1406,unchanged,1004.0,888.5804965088901,946.0,57.419503491109936,64.61936056069565,False
2807914063,Zona 2807914063,section,B-1406,unchanged,880.0,747.1052429426339,877.0,129.89475705736606,173.86406839516712,False
2807914065,Zona 2807914065,section,B-1406,unchanged,939.0,807.0438195086268,893.0,85.95618049137317,106.50745153306308,False
2807914070,Zona 2807914070,section,B-1406,unchanged,898.0,769.1439393096451,867.0,97.85606069035487,127.22724016805854,False
2807914071,Zona 2807914071,section,B-1406,unchanged,961.0,825.1360237347291,980.0,154.86397626527094,187.68296597247797,False
2807914072,Zona 2807914072,section,B-1406,unchanged,907.0,765.9911610154285,858.0,92.00883898457153,120.11736383824709,False
2807914073,Zona 2807914073,section,B-1406,unchanged,1052.0,916.0918788917076,999.0,82.90812110829245,90.50197149285407,False
2807914075,Zona 2807914075,section,B-1406,unchanged,867.0,748.6233358963566,868.0,119.3766641036434,159.46158552579578,False
2807914076,Zona 2807914076,section,B-1406,unchanged,855.0,724.3374076783015,832.0,107.66259232169853,148.6359687908242,False
2807914079,Zona 2807914079,section,B-1401,unchanged,1212.0,1078.8938818260563,1652.0,573.1061181739437,531.1978572016244,False
2807914080,Zona 2807914080,section,B-1403,unchanged,1277.0,1196.37887808108,1093.0,-103.37887808108007,-86.40981546489151,False
2807914082,Zona 2807914082,section,B-1404,unchanged,1309.0,1243.3309593671968,1157.0,-86.33095936719678,-69.43522053945767,False
2807914083,Zona 2807914083,section,B-1404,unchanged,1711.0,1596.3104734749766,1452.0,-144.31047347497656,-90.40250995837292,False
2807914084,Zona 2807914084,section,B-1404,unchanged,1120.0,1025.7073480130723,1002.0,-23.707348013072306,-23.113169715510473,False
2807914086,Zona 2807914086,section,B-1403,unchanged,2222.0,2137.513311516201,1931.0,-206.51331151620116,-96.61381307128103,False
2807914087,Zona 2807914087,section,B-1403,unchanged,1411.0,1339.5668028064192,1217.0,-122.56680280641922,-91.49734268544078,False
2807914088,Zona 2807914088,section,B-1401,unchanged,1147.0,1053.182462868146,929.0,-124.1824628681461,-117.91163188376525,False
2807914089,Zona 2807914089,section,B-1402,unchanged,1521.0,1465.0101049833686,1492.0,26.989895016631408,18.42300945558175,False
2807914090,Zona 2807914090,section,B-1402,unchanged,1484.0,1431.7185017570262,1488.0,56.28149824297384,39.310449766420106,False
2807914091,Zona 2807914091,section,B-1402,unchanged,1943.0,1856.7648477902558,1765.0,-91.76484779025577,-49.4219006243389,False
2807914092,Zona 2807914092,section,B-1401,unchanged,1396.0,1361.1469992203724,1250.0,-111.14699922037244,-81.65686680721068,False
2807914093,Zona 2807914093,section,B-1402,unchanged,1466.0,1408.8547498365006,1348.0,-60.85474983650056,-43.194481080155946,False
2807915001,Zona 2807915001,section,B-1501,unchanged,946.0,840.9057254659583,1072.0,231.0942745340417,274.81591281351893,False
2807915002,Zona 2807915002,section,B-1501,unchanged,932.0,832.3911373631603,942.0,109.60886263683972,131.67951665614498,False
2807915003,Zona 2807915003,section,B-1501,unchanged,975.0,848.0036173833329,1024.0,175.99638261666712,207.54201870003277,False
2807915005,Zona 2807915005,section,B-1501,unchanged,841.0,762.4823725889994,801.0,38.5176274110006,50.51608902146089,False
2807915006,Zona 2807915006,section,B-1501,unchanged,1249.0,1120.231854145962,1351.0,230.76814585403804,206.00034269688766,False
2807915008,Zona 2807915008,section,B-1501,unchanged,1898.0,1627.040857236813,1948.0,320.95914276318695,197.26557039770262,False
2807915009,Zona 2807915009,section,B-1501,unchanged,1308.0,1160.095902449812,1378.0,217.904097550188,187.83283096684752,False
2807915010,Zona 2807915010,section,B-1501,unchanged,869.0,749.7455896724028,975.0,225.25441032759716,300.44112753770355,False
2807915011,Zona 2807915011,section,B-1501,unchanged,1282.0,1133.3346727753178,1489.0,355.6653272246822,313.82197665736857,False
2807915012,Zona 2807915012,section,B-1501,unchanged,890.0,770.8877408248663,872.0,101.11225917513366,131.16340268550826,False
2807915013,Zona 2807915013,section,B-1501,unchanged,990.0,890.299397359036,993.0,102.70060264096401,115.35512990979524,False
2807915014,Zona 2807915014,section,B-1501,unchanged,1273.0,1147.204215173401,1304.0,156.79578482659895,136.67643716153808,False
2807915015,Zona 2807915015,section,B-1501,unchanged,767.0,664.6112989566648,795.0,130.38870104333523,196.187909004895,False
2807915016,Zona 2807915016,section,B-1501,unchanged,1195.0,1041.5313971285136,1328.0,286.4686028714864,275.0455758331204,False
2807915017,Zona 2807915017,section,B-1501,unchanged,853.0,755.297309401268,816.0,60.70269059873203,80.36926630501529,False
2807915018,Zona 2807915018,section,B-1501,unchanged,848.0,749.4344541698822,826.0,76.5655458301178,102.16443266533071,False
2807915019,Zona 2807915019,section,B-1501,unchanged,828.0,725.7482898234978,897.0,171.25171017650223,235.9657095687414,False
2807915020,Zona 2807915020,section,B-1501,unchanged,1012.0,913.4284170090825,1126.0,212.57158299091748,232.71838168442244,False
2807915021,Zona 2807915021,section,B-1501,unchanged,775.0,688.0507518578512,792.0,103.9492481421488,151.07787886499446,False
2807915022,Zona 2807915022,section,B-1501,unchanged,1174.0,1038.472646097093,1228.0,189.52735390290695,182.5058701499846,False
2807915023,Zona 2807915023,section,B-1501,unchanged,1517.0,1356.0798441146019,1586.0,229.92015588539812,169.5476537633485,False
2807915024,Zona 2807915024,section,B-1501,unchanged,1037.0,932.3583596509674,1127.0,194.64164034903263,208.76269122732768,False
2807915025,Zona 2807915025,section,B-1501,unchanged,1278.0,1132.0863746967536,1338.0,205.91362530324636,181.8886172518448,False
2807915026,Zona 2807915026,section,B-1501,unchanged,872.0,772.0161299510625,963.0,190.98387004893755,247.38326394947714,False
2807915027,Zona 2807915027,section,B-1501,unchanged,887.0,789.5666992067854,909.0,119.43330079321458,151.26435918991984,False
2807915028,Zona 2807915028,section,B-1501,unchanged,853.0,705.1054024399939,933.0,227.8945975600061,323.2064266865413,False
2807915029,Zona 2807915029,section,B-1501,unchanged,1098.0,923.3466548029404,1171.0,247.6533451970596,268.2127496849095,False
2807915030,Zona 2807915030,section,B-1501,unchanged,1176.0,1014.9491016579468,1225.0,210.0508983420532,206.95707597447927,False
2807915031,Zona 2807915031,section,B-1501,unchanged,1073.0,921.8358051458201,1087.0,165.16419485417987,179.16877814054254,False
2807915032,Zona 2807915032,section,B-1501,unchanged,1156.0,1004.6531598453238,1258.0,253.34684015467622,252.17343684429503,False
2807915033,Zona 2807915033,section,B-1501,unchanged,1375.0,1231.252419813499,1570.0,338.74758018650095,275.1243975120974,False
2807915034,Zona 2807915034,section,B-1501,unchanged,872.0,772.0321423870541,963.0,190.96785761294586,247.3573924299193,False
2807915035,Zona 2807915035,section,B-1501,unchanged,1131.0,1003.8742481153823,1228.0,224.12575188461767,223.26078421214498,False
2807915036,Zona 2807915036,section,B-1501,unchanged,874.0,766.6755493115987,961.0,194.32445068840127,253.46373816523302,False
2807915037,Zona 2807915037,section,B-1501,unchanged,1242.0,1122.1382376778915,1306.0,183.86176232210846,163.84947607042133,False
2807915038,Zona 2807915038,section,B-1501,unchanged,1686.0,1523.2998978431772,1853.0,329.7001021568228,216.43807803285577,False
2807915039,Zona 2807915039,section,B-1501,unchanged,1531.0,1347.796236836823,1782.0,434.203763163177,322.15831391711015,False
2807915040,Zona 2807915040,section,B-1501,unchanged,1510.0,1348.0062900341238,1809.0,460.9937099658762,341.9818686114636,False
2807915041,Zona 2807915041,section,B-1501,unchanged,1632.0,1479.0370326596114,1846.0,366.96296734038856,248.10938417174992,False
2807915042,Zona 2807915042,section,B-1501,unchanged,1708.0,1566.5765924754185,1790.0,223.42340752458153,142.6188854076647,False
2807915043,Zona 2807915043,section,B-1501,unchanged,1279.0,1143.5183903468874,1445.0,301.4816096531126,263.6438663322747,False
2807915044,Zona 2807915044,section,B-1502,unchanged,1345.0,1198.580840374917,1438.0,239.419159625083,199.75219990183766,False
2807915045,Zona 2807915045,section,B-1502,unchanged,1207.0,1073.732326734326,1227.0,153.26767326567392,142.7429066346784,False
2807915046,Zona 2807915046,section,B-1502,unchanged,1477.0,1342.2817817056546,1552.0,209.71821829434543,156.2400839768933,False
2807915047,Zona 2807915047,section,B-1502,unchanged,983.0,864.85853576,1025.0,160.14146424,185.16492306949905,False
2807915048,Zona 2807915048,section,B-1502,unchanged,1279.0,1154.9465278685852,1434.0,279.05347213141476,241.61592367951312,False
2807915049,Zona 2807915049,section,B-1502,unchanged,1357.0,1228.3110715812156,1486.0,257.68892841878437,209.79126084653714,False
2807915050,Zona 2807915050,section,B-1502,unchanged,1312.0,1188.4952732661266,1444.0,255.50472673387344,214.98169364335462,False
2807915051,Zona 2807915051,section,B-1502,unchanged,1711.0,1576.120380881391,1810.0,233.87961911860907,148.38943900200056,False
2807915052,Zona 2807915052,section,B-1502,unchanged,741.0,684.3096641967935,811.0,126.6903358032065,185.1359734220748,False
2807915053,Zona 2807915053,section,B-1502,unchanged,1497.0,1373.8693239723282,1603.0,229.13067602767183,166.77763454618545,False
2807915054,Zona 2807915054,section,B-1502,unchanged,1562.0,1405.58087312192,1749.0,343.4191268780801,244.3254126781874,False
2807915056,Zona 2807915056,section,B-1502,unchanged,1518.0,1367.5517790464958,1659.0,291.44822095350423,213.11677219030926,False
2807915057,Zona 2807915057,section,B-1502,unchanged,1357.0,1226.5092330642156,1456.0,229.49076693578445,187.1088783917611,False
2807915058,Zona 2807915058,section,B-1502,unchanged,1212.0,1111.545833410583,1291.0,179.4541665894169,161.44558433437993,False
2807915059,Zona 2807915059,section,B-1502,unchanged,941.0,858.3072454320284,967.0,108.69275456797163,126.63618435757373,False
2807915060,Zona 2807915060,section,B-1502,unchanged,1209.0,1095.5819031083995,1185.0,89.4180968916005,81.61698969095993,False
2807915061,Zona 2807915061,section,B-1502,unchanged,1428.0,1287.821149575954,1423.0,135.178850424046,104.96709925020015,False
2807915062,Zona 2807915062,section,B-1502,unchanged,2288.0,2071.0347397539417,2377.0,305.9652602460583,147.7354553127437,False
2807915065,Zona 2807915065,section,B-1502,unchanged,1409.0,1274.2320744266872,1384.0,109.76792557331282,86.14437493476257,False
2807915066,Zona 2807915066,section,B-1502,unchanged,682.0,578.979995935813,690.0,111.02000406418699,191.75101876316796,False
2807915067,Zona 2807915067,section,B-1502,unchanged,961.0,830.899070915357,1061.0,230.10092908464298,276.93005942485064,False
2807915068,Zona 2807915068,section,B-1502,unchanged,1241.0,1146.7982364887393,1124.0,-22.79823648873935,-19.879901942073843,False
2807915069,Zona 2807915069,section,B-1502,unchanged,1917.0,1844.4603440776225,1858.0,13.539655922377506,7.340714028280405,False
2807915070,Zona 2807915070,section,B-1502,unchanged,2095.0,1945.983905478867,2343.0,397.016094521133,204.01817990546817,False
2807915071,Zona 2807915071,section,B-1502,unchanged,1257.0,1090.0700042691403,1433.0,342.9299957308597,314.59447043567087,False
2807915073,Zona 2807915073,section,B-1502,unchanged,1121.0,993.2948594490653,1266.0,272.70514055093474,274.546010136599,False
2807915074,Zona 2807915074,section,B-1502,unchanged,1752.0,1564.9562053963266,1964.0,399.0437946036734,254.98719595326642,False
2807915075,Zona 2807915075,section,B-1502,unchanged,1459.0,1286.2076191509968,1485.0,198.79238084900317,154.55699211315707,False
2807915076,Zona 2807915076,section,B-1502,unchanged,925.0,785.3439316003868,909.0,123.65606839961322,157.4546684885243,False
2807915077,Zona 2807915077,section,B-1502,unchanged,1053.0,917.4897682667068,1067.0,149.51023173329315,162.95574828670104,False
2807915078,Zona 2807915078,section,B-1502,unchanged,820.0,714.9171625341863,951.0,236.08283746581367,330.22404529912865,False
2807915079,Zona 2807915079,section,B-1502,unchanged,720.0,625.5372665837835,804.0,178.46273341621645,285.29512620542397,False
2807915080,Zona 2807915080,section,B-1502,unchanged,812.0,714.6657599029039,880.0,165.33424009709609,231.34484590329157,False
2807915081,Zona 2807915081,section,B-1502,unchanged,1607.0,1464.3479324152165,1875.0,410.6520675847835,280.4333987124741,False
2807915082,Zona 2807915082,section,B-1502,unchanged,1205.0,1059.413549724475,1258.0,198.58645027552507,187.44941512893817,False
2807915083,Zona 2807915083,section,B-1502,unchanged,1381.0,1243.2409780902822,1565.0,321.75902190971783,258.80664133510584,False
2807915084,Zona 2807915084,section,B-1502,unchanged,1005.0,910.2589514505277,1165.0,254.74104854947234,279.8555819127448,False
2807915085,Zona 2807915085,section,B-1502,unchanged,1469.0,1326.3920762788407,1506.0,179.6079237211593,135.41088410679046,False
2807915086,Zona 2807915086,section,B-1502,unchanged,1025.0,915.2493854956764,1093.0,177.7506145043236,194.21003424990914,False
2807915087,Zona 2807915087,section,B-1502,unchanged,1183.0,1064.9197963639394,1416.0,351.08020363606056,329.67760091866853,False
2807915088,Zona 2807915088,section,B-1502,unchanged,1141.0,1025.2791419028513,1262.0,236.72085809714872,230.884301086834,False
2807915089,Zona 2807915089,section,B-1502,unchanged,1164.0,1021.1092037652326,1289.0,267.89079623476744,262.35273881280114,False
2807915090,Zona 2807915090,section,B-1502,unchanged,1856.0,1659.6659231537303,1796.0,136.33407684626968,82.14549382758004,False
2807915092,Zona 2807915092,section,B-1503,unchanged,1559.0,1389.9078173876228,1624.0,234.0921826123772,168.42281170298122,False
2807915093,Zona 2807915093,section,B-1503,unchanged,1283.0,1155.954276896553,1323.0,167.04572310344702,144.50893641911412,False
2807915094,Zona 2807915094,section,B-1503,unchanged,1340.0,1214.581971116152,1427.0,212.4180288838479,174.88982541758318,False
2807915095,Zona 2807915095,section,B-1503,unchanged,820.0,724.2479770891496,909.0,184.75202291085043,255.0949795585122,False
2807915096,Zona 2807915096,section,B-1503,unchanged,1292.0,1130.2334819759828,1358.0,227.76651802401716,201.52165163768979,False
2807915097,Zona 2807915097,section,B-1503,unchanged,924.0,848.3901362153761,932.0,83.60986378462394,98.55119739793672,False
2807915098,Zona 2807915098,section,B-1503,unchanged,1024.0,910.2058423828178,1187.0,276.79415761718224,304.1006162875926,False
2807915099,Zona 2807915099,section,B-1503,unchanged,1480.0,1334.462169980651,1596.0,261.53783001934903,195.98744415747746,False
2807915100,Zona 2807915100,section,B-1503,unchanged,785.0,698.0129843834795,865.0,166.98701561652047,239.2319618008422,False
2807915101,Zona 2807915101,section,B-1503,unchanged,999.0,895.8078432234925,1160.0,264.19215677650755,294.9205666985827,False
2807915102,Zona 2807915102,section,B-1503,unchanged,989.0,850.3606300459307,1069.0,218.63936995406925,257.11370238561,False
2807915103,Zona 2807915103,section,B-1503,unchanged,1217.0,1097.5225897235139,1334.0,236.47741027648613,215.46473165172767,False
2807915105,Zona 2807915105,section,B-1503,unchanged,1345.0,1149.0036356997975,1474.0,324.99636430020246,282.85059698898544,False
2807915106,Zona 2807915106,section,B-1503,unchanged,1254.0,1137.4748655494259,1468.0,330.5251344505741,290.5779674445141,False
2807915108,Zona 2807915108,section,B-1503,unchanged,878.0,750.3994646862686,982.0,231.60053531373137,308.6363279997278,False
2807915109,Zona 2807915109,section,B-1503,unchanged,1346.0,1201.5677827282673,1454.0,252.43221727173272,210.0857071072285,False
2807915111,Zona 2807915111,section,B-1503,unchanged,802.0,696.5978008352844,902.0,205.40219916471563,294.8648401106343,False
2807915112,Zona 2807915112,section,B-1503,unchanged,1327.0,1182.2976493912481,1474.0,291.7023506087519,246.72496875803327,False
2807915113,Zona 2807915113,section,B-1503,unchanged,1321.0,1177.1652947457208,1476.0,298.83470525427924,253.85959523962222,False
2807915114,Zona 2807915114,section,B-1504,unchanged,811.0,699.192563158596,890.0,190.80743684140396,272.8968339986814,False
2807915115,Zona 2807915115,section,B-1504,unchanged,1793.0,1599.4288696871185,1874.0,274.57113031288145,171.66823452836215,False
2807915116,Zona 2807915116,section,B-1504,unchanged,1120.0,985.1390911844038,1140.0,154.8609088155962,157.196999085085,False
2807915117,Zona 2807915117,section,B-1504,unchanged,1327.0,1169.2206175409694,1420.0,250.77938245903056,214.4842288074374,False
2807915118,Zona 2807915118,section,B-1504,unchanged,885.0,774.4269014025831,1034.0,259.5730985974169,335.180890704207,False
2807915119,Zona 2807915119,section,B-1504,unchanged,1072.0,947.3442748659036,1146.0,198.65572513409643,209.69749900290063,False
2807915120,Zona 2807915120,section,B-1504,unchanged,861.0,764.4308959009625,942.0,177.56910409903753,232.28928219829945,False
2807915121,Zona 2807915121,section,B-1504,unchanged,691.0,584.891027270634,736.0,151.10897272936597,258.35406201136095,False
2807915122,Zona 2807915122,section,B-1504,unchanged,1061.0,911.939975792875,1159.0,247.06002420712502,270.9169800263682,False
2807915123,Zona 2807915123,section,B-1504,unchanged,1082.0,957.9566184056405,1202.0,244.04338159435952,254.75410567185094,False
2807915124,Zona 2807915124,section,B-1504,unchanged,899.0,793.289454345587,1047.0,253.71054565441295,319.8208979895086,False
2807915125,Zona 2807915125,section,B-1504,unchanged,853.0,758.2208927155115,822.0,63.77910728448853,84.11678957575072,False
2807915126,Zona 2807915126,section,B-1504,unchanged,1159.0,1041.1727665734854,1253.0,211.82723342651457,203.45060899320393,False
2807915127,Zona 2807915127,section,B-1504,unchanged,1585.0,1416.1446398664714,1549.0,132.85536013352862,93.81482399005202,False
2807915128,Zona 2807915128,section,B-1504,unchanged,2130.0,1935.3804861896976,1976.0,40.61951381030235,20.987869878895225,False
2807915129,Zona 2807915129,section,B-1504,unchanged,855.0,761.0738433610458,1055.0,293.92615663895424,386.19926200711467,False
2807915130,Zona 2807915130,section,B-1504,unchanged,915.0,778.3864862664799,1028.0,249.6135137335201,320.6806877272342,False
2807915131,Zona 2807915131,section,B-1504,unchanged,884.0,762.1196424952336,1057.0,294.8803575047664,386.92134549807326,False
2807915132,Zona 2807915132,section,B-1505,unchanged,1292.0,1163.3456780647803,1211.0,47.65432193521974,40.963165836050095,False
2807915133,Zona 2807915133,section,B-1505,unchanged,1561.0,1369.2067955874893,1559.0,189.7932044125107,138.61544145424403,False
2807915134,Zona 2807915134,section,B-1505,unchanged,1066.0,947.7150490570303,1093.0,145.28495094296966,153.3002468279122,False
2807915135,Zona 2807915135,section,B-1505,unchanged,2192.0,2008.5370197065654,2124.0,115.46298029343461,57.486110119246405,False
2807915136,Zona 2807915136,section,B-1505,unchanged,965.0,851.2055193415522,1048.0,196.7944806584478,231.19502421774433,False
2807915138,Zona 2807915138,section,B-1505,unchanged,1156.0,985.0564346037629,1290.0,304.9435653962371,309.5696395495351,False
2807915141,Zona 2807915141,section,B-1505,unchanged,1096.0,974.637723166034,1153.0,178.362276833966,183.00366648498908,False
2807915142,Zona 2807915142,section,B-1505,unchanged,1154.0,1027.9276845822524,1107.0,79.07231541774763,76.92400604025218,False
2807915143,Zona 2807915143,section,B-1505,unchanged,1871.0,1715.6069002959543,1969.0,253.39309970404565,147.6988112255398,False
2807915144,Zona 2807915144,section,B-1505,unchanged,1742.0,1621.1633534919958,1709.0,87.83664650800415,54.1812435611769,False
2807915146,Zona 2807915146,section,B-1505,unchanged,1006.0,923.7183488669405,1051.0,127.28165113305954,137.79270628237154,False
2807915148,Zona 2807915148,section,B-1506,unchanged,966.0,823.7687088828844,940.0,116.23129111711557,141.09699708639968,False
2807915149,Zona 2807915149,section,B-1506,unchanged,1436.0,1258.3698734733678,1391.0,132.63012652663224,105.39836444156514,False
2807915150,Zona 2807915150,section,B-1506,unchanged,1692.0,1559.7855372634165,1778.0,218.21446273658353,139.90029880609893,False
2807915151,Zona 2807915151,section,B-1506,unchanged,1536.0,1368.7809344000468,1676.0,307.2190655999532,224.44721275622604,False
2807915153,Zona 2807915153,section,B-1506,unchanged,722.0,631.3559976294636,681.0,49.64400237053644,78.63076070700765,False
2807915154,Zona 2807915154,section,B-1507,unchanged,1047.0,948.77669848105,1094.0,145.22330151895005,153.06373117240992,False
2807915155,Zona 2807915155,section,B-1507,unchanged,1432.0,1307.2645951788977,1541.0,233.7354048211023,178.79731898431461,False
2807915156,Zona 2807915156,section,B-1507,unchanged,1247.0,1112.2102748780935,1392.0,279.7897251219065,251.56189566093832,False
2807915157,Zona 2807915157,section,B-1507,unchanged,967.0,883.3789747125527,1044.0,160.6210252874473,181.8257281250243,False
2807915158,Zona 2807915158,section,B-1507,unchanged,1235.0,1116.9077156388173,1351.0,234.0922843611827,209.58963850231189,False
2807915159,Zona 2807915159,section,B-1508,unchanged,1583.0,1447.1415595604508,1552.0,104.85844043954921,72.4590070313498,False
2807915160,Zona 2807915160,section,B-1509,unchanged,1888.0,1702.105458376949,2018.0,315.89454162305105,185.59046389773866,False
2807915161,Zona 2807915161,section,B-1509,unchanged,2229.0,2090.8350508479775,2206.0,115.16494915202247,55.080839162953176,False
2807915162,Zona 2807915162,section,B-1509,unchanged,1897.0,1731.258515855326,1767.0,35.741484144673905,20.644799039163637,False
2807915163,Zona 2807915163,section,B-1509,unchanged,1210.0,1089.5439091363185,1163.0,73.45609086368154,67.419119365194,False
2807915164,Zona 2807915164,section,B-1509,unchanged,1100.0,976.5063703669364,1013.0,36.49362963306362,37.371624743575005,False
2807915165,Zona 2807915165,section,B-1509,unchanged,1026.0,902.8361027578086,933.0,30.16389724219141,33.4101584440992,False
2807915166,Zona 2807915166,section,B-1509,unchanged,873.0,780.3613263948818,782.0,1.6386736051182424,2.0998908450378972,False
2807915167,Zona 2807915167,section,B-1509,unchanged,1045.0,945.1419925291231,962.0,16.85800747087694,17.836481295012916,False
2807915168,Zona 2807915168,section,B-1509,unchanged,1606.0,1465.7992623058944,1540.0,74.20073769410556,50.62135014134068,False
2807915170,Zona 2807915170,section,B-1509,unchanged,2221.0,2103.203162721674,1974.0,-129.20316272167383,-61.43161298525104,False
2807915171,Zona 2807915171,section,B-1509,unchanged,1300.0,1208.8959313538487,1296.0,87.10406864615129,72.05257821374501,False
2807915172,Zona 2807915172,section,B-1509,unchanged,1110.0,1027.8799767889616,976.0,-51.879976788961585,-50.472796396940886,False
2807915173,Zona 2807915173,section,B-1509,unchanged,1875.0,1760.8102408516725,1820.0,59.18975914832754,33.61506979860505,False
2807915174,Zona 2807915174,section,B-1506,unchanged,1384.0,1268.4494366966069,1402.0,133.55056330339312,105.28646979511907,False
2807915175,Zona 2807915175,section,B-1506,unchanged,1100.0,973.4633111673703,1106.0,132.5366888326297,136.14964972197325,False
2807915176,Zona 2807915176,section,B-1509,unchanged,1814.0,1703.8660666874432,1789.0,85.13393331255679,49.96515569916197,False
2807915177,Zona 2807915177,section,B-1502,unchanged,1244.0,1066.498716857598,1244.0,177.50128314240192,166.43365841583324,False
2807915178,Zona 2807915178,section,B-1506,unchanged,1319.0,1258.6339805924204,1285.0,26.366019407579643,20.94812297628382,False
2807915179,Zona 2807915179,section,B-1502,unchanged,1431.0,1281.8872508763184,1329.0,47.112749123681624,36.752646608720546,False
2807915180,Zona 2807915180,section,B-1506,unchanged,2033.0,1953.6406306992867,2052.0,98.3593693007133,50.346705404824895,False
2807915181,Zona 2807915181,section,B-1502,unchanged,1216.0,1143.2960557467504,1081.0,-62.296055746750426,-54.48812268145314,False
2807915182,Zona 2807915182,section,B-1509,unchanged,766.0,721.0528475977198,615.0,-106.05284759771985,-147.0805474953029,False
2807916001,Zona 2807916001,section,B-1601,unchanged,1843.0,1728.7495268761156,1986.0,257.2504731238844,148.80725583696386,False
2807916002,Zona 2807916002,section,B-1601,unchanged,1732.0,1661.2354817079756,1732.0,70.76451829202438,42.597523994171404,False
2807916003,Zona 2807916003,section,B-1602,unchanged,2042.0,1964.413740330161,1942.0,-22.41374033016109,-11.409887779747452,False
2807916004,Zona 2807916004,section,B-1602,unchanged,2253.0,2095.9850569887567,2378.0,282.0149430112433,134.55007327981923,False
2807916005,Zona 2807916005,section,B-1602,unchanged,1867.0,1705.9802889898365,1954.0,248.01971101016352,145.38251855009628,False
2807916006,Zona 2807916006,section,B-1603,unchanged,1832.0,1662.04795692529,1924.0,261.95204307471,157.60799318890224,False
2807916007,Zona 2807916007,section,B-1603,unchanged,2051.0,1852.2977942285038,2087.0,234.7022057714962,126.70867854121235,False
2807916008,Zona 2807916008,section,B-1603,unchanged,977.0,836.5197572665855,1055.0,218.48024273341446,261.1776241213013,False
2807916009,Zona 2807916009,section,B-1603,unchanged,991.0,866.3804490828992,1048.0,181.6195509171008,209.6302509011519,False
2807916011,Zona 2807916011,section,B-1603,unchanged,1223.0,1040.805422951192,1324.0,283.194577048808,272.0917577906281,False
2807916012,Zona 2807916012,section,B-1603,unchanged,709.0,593.9200021834512,695.0,101.07999781654883,170.1912672497045,False
2807916013,Zona 2807916013,section,B-1603,unchanged,1067.0,929.5961854831427,939.0,9.403814516857324,10.116020981701688,False
2807916014,Zona 2807916014,section,B-1603,unchanged,853.0,718.402609036622,765.0,46.59739096337796,64.86250241471849,False
2807916015,Zona 2807916015,section,B-1603,unchanged,1248.0,1090.9025610393212,1196.0,105.0974389606788,96.33989571034714,False
2807916016,Zona 2807916016,section,B-1603,unchanged,1028.0,890.9955602984738,946.0,55.00443970152617,61.733685500183945,False
2807916017,Zona 2807916017,section,B-1603,unchanged,1029.0,889.2211673944266,945.0,55.77883260557337,62.72773821727062,False
2807916018,Zona 2807916018,section,B-1603,unchanged,822.0,715.2531608295092,774.0,58.74683917049083,82.13433003547954,False
2807916019,Zona 2807916019,section,B-1603,unchanged,934.0,800.2380360536963,874.0,73.7619639463037,92.17502870777595,False
2807916020,Zona 2807916020,section,B-1603,unchanged,1251.0,1118.8203861302984,1084.0,-34.8203861302984,-31.122409425102486,False
2807916021,Zona 2807916021,section,B-1603,unchanged,1160.0,1020.3613676950882,1028.0,7.638632304911766,7.486202973527706,False
2807916022,Zona 2807916022,section,B-1603,unchanged,1398.0,1263.8753855985242,1215.0,-48.87538559852419,-38.671047917733304,False
2807916024,Zona 2807916024,section,B-1603,unchanged,2051.0,1882.7707464580337,2097.0,214.22925354196627,113.78403554707097,False
2807916025,Zona 2807916025,section,B-1603,unchanged,2221.0,2113.54644822798,2041.0,-72.54644822797991,-34.3245109606196,False
2807916026,Zona 2807916026,section,B-1603,unchanged,752.0,660.9939933559859,748.0,87.00600664401406,131.62904280305005,False
2807916027,Zona 2807916027,section,B-1603,unchanged,756.0,668.7988221028663,732.0,63.201177897133675,94.49953529884186,False
2807916028,Zona 2807916028,section,B-1603,unchanged,960.0,855.2146517254129,903.0,47.785348274587136,55.875268481637015,False
2807916029,Zona 2807916029,section,B-1603,unchanged,1230.0,1084.6231685863768,1106.0,21.376831413623222,19.708993900143508,False
2807916030,Zona 2807916030,section,B-1603,unchanged,1814.0,1642.899827936462,1724.0,81.10017206353791,49.36403953818809,False
2807916031,Zona 2807916031,section,B-1603,unchanged,1357.0,1248.4934673557634,1159.0,-89.49346735576341,-71.68116589773223,False
2807916032,Zona 2807916032,section,B-1603,unchanged,1666.0,1561.7973675121302,1415.0,-146.79736751213022,-93.9925822425809,False
2807916033,Zona 2807916033,section,B-1603,unchanged,1509.0,1364.8815152475547,1601.0,236.11848475244528,172.99559127637494,False
2807916034,Zona 2807916034,section,B-1603,unchanged,1812.0,1673.756941507958,1977.0,303.2430584920421,181.17508640103844,False
2807916035,Zona 2807916035,section,B-1603,unchanged,1627.0,1478.9080456558245,1577.0,98.09195434417552,66.32728426375994,False
2807916036,Zona 2807916036,section,B-1604,unchanged,2636.0,2480.377918319248,2440.0,-40.37791831924778,-16.278937988050078,False
2807916037,Zona 2807916037,section,B-1604,unchanged,1025.0,871.3822791096036,1021.0,149.6177208903964,171.7015877845013,False
2807916038,Zona 2807916038,section,B-1604,unchanged,1229.0,1068.8710846602692,1281.0,212.12891533973084,198.4607109164657,False
2807916039,Zona 2807916039,section,B-1604,unchanged,1022.0,884.6715394149985,1052.0,167.3284605850015,189.14190536258215,False
2807916043,Zona 2807916043,section,B-1604,unchanged,933.0,827.5073200183415,921.0,93.49267998165851,112.98109118791393,False
2807916044,Zona 2807916044,section,B-1604,unchanged,1072.0,952.9441985886118,1045.0,92.05580141138819,96.60146055532985,False
2807916045,Zona 2807916045,section,B-1604,unchanged,1592.0,1481.8042297880402,1509.0,27.195770211959825,18.35314656636522,False
2807916046,Zona 2807916046,section,B-1604,unchanged,1775.0,1599.6932005999777,1632.0,32.30679940002233,20.195622127983917,False
2807916048,Zona 2807916048,section,B-1604,unchanged,2199.0,2018.9153278423394,2102.0,83.08467215766063,41.153123665891975,False
2807916049,Zona 2807916049,section,B-1604,unchanged,1266.0,1164.7229211896183,1078.0,-86.72292118961832,-74.4579844801558,False
2807916050,Zona 2807916050,section,B-1604,unchanged,1510.0,1385.852623621928,1445.0,59.14737637807207,42.67941292595046,False
2807916051,Zona 2807916051,section,B-1604,unchanged,1038.0,953.0075559708857,961.0,7.992444029114267,8.386548437144222,False
2807916052,Zona 2807916052,section,B-1604,unchanged,1186.0,1069.060942231646,1099.0,29.939057768353905,28.00500568831618,False
2807916053,Zona 2807916053,section,B-1604,unchanged,914.0,838.7848731345917,933.0,94.21512686540825,112.32334998283935,False
2807916054,Zona 2807916054,section,B-1604,unchanged,800.0,679.6436500133717,795.0,115.35634998662829,169.73063749563275,False
2807916057,Zona 2807916057,section,B-1604,unchanged,986.0,873.9550664106379,953.0,79.04493358936213,90.44507735849884,False
2807916058,Zona 2807916058,section,B-1604,unchanged,1384.0,1244.536528675749,1385.0,140.46347132425103,112.86408079456808,False
2807916059,Zona 2807916059,section,B-1604,unchanged,1825.0,1614.0908793301187,1775.0,160.9091206698813,99.69024838097215,False
2807916060,Zona 2807916060,section,B-1604,unchanged,1541.0,1380.9747376451842,1447.0,66.02526235481582,47.81062285570917,False
2807916061,Zona 2807916061,section,B-1604,unchanged,1391.0,1225.0082562328926,1313.0,87.99174376710744,71.82951079668386,False
2807916064,Zona 2807916064,section,B-1604,unchanged,1172.0,1045.1971993509007,1220.0,174.80280064909925,167.2438471492816,False
2807916065,Zona 2807916065,section,B-1604,unchanged,897.0,807.1413463937239,1056.0,248.8586536062761,308.32103288744514,False
2807916066,Zona 2807916066,section,B-1604,unchanged,934.0,840.9366377588175,1080.0,239.06336224118252,284.2822532721501,False
2807916067,Zona 2807916067,section,B-1604,unchanged,1339.0,1196.691933924529,1883.0,686.3080660754711,573.5043803836269,False
2807916069,Zona 2807916069,section,B-1604,unchanged,1143.0,1044.85220174632,1153.0,108.1477982536801,103.50535518126549,False
2807916070,Zona 2807916070,section,B-1604,unchanged,1853.0,1718.4895985608582,1646.0,-72.48959856085821,-42.182157297643414,False
2807916073,Zona 2807916073,section,B-1604,unchanged,1449.0,1299.2702958034085,1683.0,383.72970419659146,295.34247449204616,False
2807916074,Zona 2807916074,section,B-1604,unchanged,1060.0,916.1838534690111,1054.0,137.81614653098893,150.42411630500362,False
2807916075,Zona 2807916075,section,B-1604,unchanged,1190.0,1047.4915286372875,1226.0,178.5084713627125,170.41519332852212,False
2807916076,Zona 2807916076,section,B-1604,unchanged,1171.0,1027.9910556719556,1396.0,368.00894432804444,357.9884691579268,False
2807916077,Zona 2807916077,section,B-1604,unchanged,1346.0,1189.0448466563678,1462.0,272.9551533436322,229.55833340617124,False
2807916078,Zona 2807916078,section,B-1604,unchanged,863.0,772.9455430569288,872.0,99.05445694307116,128.15192199869585,False
2807916079,Zona 2807916079,section,B-1605,unchanged,2228.0,2081.0454279653377,2262.0,180.9545720346623,86.95368664372872,False
2807916080,Zona 2807916080,section,B-1605,unchanged,863.0,761.5358592276273,847.0,85.46414077237273,112.2260228941196,False
2807916081,Zona 2807916081,section,B-1605,unchanged,1080.0,967.8512938737223,1098.0,130.14870612627772,134.47180052358178,False
2807916082,Zona 2807916082,section,B-1605,unchanged,813.0,735.7972467051056,794.0,58.202753294894364,79.10161876186115,False
2807916083,Zona 2807916083,section,B-1605,unchanged,2150.0,1958.8720157520045,2166.0,207.12798424799553,105.7383956595448,False
2807916085,Zona 2807916085,section,B-1605,unchanged,1309.0,1184.2729271152514,1313.0,128.72707288474862,108.69713385943265,False
2807916086,Zona 2807916086,section,B-1605,unchanged,2109.0,1936.344100157281,2073.0,136.655899842719,70.57418143377463,False
2807916087,Zona 2807916087,section,B-1605,unchanged,863.0,777.481753339873,809.0,31.518246660127033,40.53888920830913,False
2807916088,Zona 2807916088,section,B-1605,unchanged,1416.0,1230.249084648106,1423.0,192.75091535189404,156.67633307528737,False
2807916089,Zona 2807916089,section,B-1605,unchanged,789.0,677.0854869994727,792.0,114.91451300052734,169.7193562806595,False
2807916090,Zona 2807916090,section,B-1605,unchanged,1460.0,1313.4663532417683,1452.0,138.53364675823173,105.47178952572071,False
2807916091,Zona 2807916091,section,B-1606+2102+2103+2104+2105,unchanged,2469.0,2412.8599923761644,2340.0,-72.85999237616443,-30.196527194440534,False
2807916092,Zona 2807916092,section,B-1606+2102+2103+2104+2105,unchanged,1228.0,1134.2364801299836,1129.0,-5.236480129983647,-4.616744586969682,False
2807916093,Zona 2807916093,section,B-1606+2102+2103+2104+2105,unchanged,1059.0,981.3388193521552,950.0,-31.338819352155156,-31.934759671327303,False
2807916097,Zona 2807916097,section,B-1604,unchanged,1567.0,1441.3573532361643,1429.0,-12.357353236164272,-8.573413947914649,False
2807916098,Zona 2807916098,section,B-1603,unchanged,1465.0,1355.0841714246428,1272.0,-83.08417142464282,-61.31292297311229,False
2807916099,Zona 2807916099,section,B-1606+2102+2103+2104+2105,unchanged,1729.0,1617.443368882304,1555.0,-62.44336888230396,-38.60621650416977,False
2807916100,Zona 2807916100,section,B-1603,unchanged,1068.0,1005.4156599410449,907.0,-98.41565994104485,-97.8855451155552,False
2807916101,Zona 2807916101,section,B-1603,unchanged,1289.0,1206.3686173780995,1104.0,-102.36861737809954,-84.8568305768644,False
2807916102,Zona 2807916102,section,B-1602,unchanged,2321.0,2203.471789358175,2265.0,61.5282106418249,27.923303097856667,False
2807916103,Zona 2807916103,section,B-1602,unchanged,1892.0,1766.8837728851452,1945.0,178.11622711485484,100.80811757301319,False
2807916104,Zona 2807916104,section,B-1602,unchanged,2110.0,2025.102657950086,1899.0,-126.10265795008604,-62.269760723011295,False
2807916105,Zona 2807916105,section,B-1601,unchanged,1337.0,1227.7721621078304,1212.0,-15.772162107830354,-12.846163640616204,False
2807916106,Zona 2807916106,section,B-1606+2102+2103+2104+2105,unchanged,1606.0,1434.9415984475386,2351.0,916.0584015524614,638.3942054112473,False
2807916109,Zona 2807916109,section,B-1606+2102+2103+2104+2105,unchanged,2470.0,2396.275248293692,2287.0,-109.27524829369213,-45.602127039247016,False
2807916110,Zona 2807916110,section,B-1606+2102+2103+2104+2105,unchanged,2292.0,2250.3292732712785,2433.0,182.67072672872155,81.17511019317416,False
2807916112,Zona 2807916112,section,B-1606+2102+2103+2104+2105,unchanged,1557.0,1517.2692569393314,1346.0,-171.2692569393314,-112.87993621173045,False
2807916113,Zona 2807916113,section,B-1602,unchanged,1693.0,1615.3558082293569,1931.0,315.64419177064315,195.40226999067832,False
2807916115,Zona 2807916115,section,B-1606+2102+2103+2104+2105,unchanged,1630.0,1582.2336593538116,1637.0,54.76634064618838,34.61330778954298,False
2807916116,Zona 2807916116,section,B-1606+2102+2103+2104+2105,unchanged,1394.0,1361.564615745178,1639.0,277.4353842548221,203.7621873002208,False
2807916117,Zona 2807916117,section,B-1606+2102+2103+2104+2105,unchanged,2379.0,2324.032460705413,2335.0,10.967539294586913,4.7191850716482415,False
2807916118,Zona 2807916118,section,B-1606+2102+2103+2104+2105,unchanged,2470.0,2431.998445920049,2350.0,-81.99844592004911,-33.71648779529885,False
2807916119,Zona 2807916119,section,B-1606+2102+2103+2104+2105,unchanged,1455.0,1423.6052392390166,2493.0,1069.3947607609834,751.1877108099327,False
2807916120,Zona 2807916120,section,B-1606+2102+2103+2104+2105,unchanged,1815.0,1767.9806086159808,2015.0,247.01939138401917,139.71838275839013,False
2807916121,Zona 2807916121,section,B-1601,unchanged,1692.0,1629.8238075842958,1613.0,-16.823807584295764,-10.32247013818739,False
2807916122,Zona 2807916122,section,B-1606+2102+2103+2104+2105,unchanged,1509.0,1474.5630811003596,1842.0,367.43691889964043,249.18358774142703,False
2807916125,Zona 2807916125,section,B-1606+2102+2103+2104+2105,unchanged,1925.0,1867.4809121195813,2117.0,249.51908788041874,133.61265770433812,False
2807917002,Zona 2807917002,section,B-1701,unchanged,1282.0,1146.5226487919188,1338.0,191.47735120808125,167.0070376802755,False
2807917003,Zona 2807917003,section,B-1701,unchanged,1263.0,1128.7788972789663,1430.0,301.22110272103373,266.8557176672572,False
2807917004,Zona 2807917004,section,B-1701,unchanged,2065.0,1858.8823878235073,2603.0,744.1176121764927,400.3037615778107,False
2807917006,Zona 2807917006,section,B-1701,unchanged,1495.0,1347.4704059498263,1730.0,382.5295940501737,283.8871951184191,False
2807917007,Zona 2807917007,section,B-1701,unchanged,876.0,783.479951532798,1026.0,242.52004846720195,309.5421242020761,False
2807917008,Zona 2807917008,section,B-1701,unchanged,1439.0,1305.3497298664784,1586.0,280.65027013352164,215.00005991668516,False
2807917009,Zona 2807917009,section,B-1701,unchanged,943.0,855.4196634136135,1111.0,255.58033658638647,298.7777198930345,False
2807917010,Zona 2807917010,section,B-1701,unchanged,1225.0,1095.5898094550548,1351.0,255.41019054494518,233.12574500121167,False
2807917011,Zona 2807917011,section,B-1701,unchanged,1189.0,1080.1719541770346,1466.0,385.82804582296535,357.1913197069826,False
2807917012,Zona 2807917012,section,B-1701,unchanged,1450.0,1293.0207860046276,1826.0,532.9792139953724,412.1969420478171,False
2807917013,Zona 2807917013,section,B-1701,unchanged,824.0,737.8488836555117,974.0,236.1511163444883,320.0534981831632,False
2807917014,Zona 2807917014,section,B-1701,unchanged,1056.0,956.9474363422322,1296.0,339.0525636577678,354.3063608109325,False
2807917015,Zona 2807917015,section,B-1701,unchanged,1269.0,1155.948239825302,1521.0,365.0517601746981,315.80286002240746,False
2807917016,Zona 2807917016,section,B-1701,unchanged,886.0,788.9178483347243,1007.0,218.08215166527566,276.4320164965353,False
2807917017,Zona 2807917017,section,B-1701,unchanged,1114.0,1007.8978524079769,1200.0,192.10214759202313,190.59684186554256,False
2807917018,Zona 2807917018,section,B-1701,unchanged,1011.0,917.2921049576383,1218.0,300.70789504236166,327.8213051405786,False
2807917019,Zona 2807917019,section,B-1701,unchanged,870.0,784.6363461174311,1006.0,221.36365388256888,282.1226100191883,False
2807917020,Zona 2807917020,section,B-1701,unchanged,825.0,754.2042712706922,879.0,124.79572872930783,165.46674884119992,False
2807917021,Zona 2807917021,section,B-1701,unchanged,1192.0,1124.4452497588882,1101.0,-23.445249758888167,-20.85050362738023,False
2807917022,Zona 2807917022,section,B-1701,unchanged,996.0,886.6917696697104,1108.0,221.30823033028958,249.58868222350378,False
2807917023,Zona 2807917023,section,B-1701,unchanged,1895.0,1733.8404765738317,2007.0,273.15952342616833,157.54593753973677,False
2807917024,Zona 2807917024,section,B-1701,unchanged,1783.0,1610.7279241405304,1993.0,382.2720758594696,237.32876926650817,False
2807917025,Zona 2807917025,section,B-1701,unchanged,812.0,736.8473082309113,909.0,172.15269176908873,233.63414624178824,False
2807917026,Zona 2807917026,section,B-1701,unchanged,1258.0,1132.3022427459098,1395.0,262.6977572540902,232.00321198431112,False
2807917027,Zona 2807917027,section,B-1701,unchanged,1890.0,1734.8901825428425,1865.0,130.10981745715753,74.99599615374763,False
2807917028,Zona 2807917028,section,B-1701,unchanged,1146.0,1032.7657655993098,1241.0,208.23423440069018,201.62774690721153,False
2807917029,Zona 2807917029,section,B-1701,unchanged,1411.0,1351.8573026871109,1563.0,211.14269731288914,156.1871189312637,False
2807917031,Zona 2807917031,section,B-1702,unchanged,1149.0,1064.1660104953269,1202.0,137.83398950467313,129.52301440309762,False
2807917032,Zona 2807917032,section,B-1702,unchanged,1906.0,1740.8644214907067,2235.0,494.1355785092933,283.84495220263256,False
2807917033,Zona 2807917033,section,B-1702,unchanged,1290.0,1196.0594751476528,1604.0,407.94052485234715,341.07043447984654,False
2807917035,Zona 2807917035,section,B-1702,unchanged,1193.0,1101.920381172132,1279.0,177.079618827868,160.70091982462952,False
2807917036,Zona 2807917036,section,B-1702,unchanged,881.0,771.0884208749145,1070.0,298.9115791250855,387.6489012582057,False
2807917037,Zona 2807917037,section,B-1702,unchanged,1095.0,992.9387909150138,1366.0,373.0612090849862,375.71420564726105,False
2807917038,Zona 2807917038,section,B-1702,unchanged,1206.0,1100.1106535908352,1656.0,555.8893464091648,505.3031207312687,False
2807917039,Zona 2807917039,section,B-1702,unchanged,1691.0,1542.7466080664135,2036.0,493.2533919335865,319.72417852326436,False
2807917041,Zona 2807917041,section,B-1702,unchanged,1132.0,1049.728032015092,1322.0,272.2719679849081,259.3738184377586,False
2807917042,Zona 2807917042,section,B-1702,unchanged,1506.0,1386.4278293133889,1761.0,374.5721706866111,270.1706953416488,False
2807917043,Zona 2807917043,section,B-1702,unchanged,1874.0,1713.1062805790723,2244.0,530.8937194209277,309.9012159604438,False
2807917046,Zona 2807917046,section,B-1703,unchanged,1772.0,1645.1079125267468,1837.0,191.89208747325324,116.64407301921199,False
2807917047,Zona 2807917047,section,B-1703,unchanged,1495.0,1376.5216262499728,1675.0,298.47837375002723,216.835222969337,False
2807917048,Zona 2807917048,section,B-1704,unchanged,1924.0,1823.8763533517138,1779.0,-44.87635335171376,-24.604931836111078,False
2807917049,Zona 2807917049,section,B-1704,unchanged,1068.0,990.260974404769,1185.0,194.73902559523106,196.6542463336857,False
2807917050,Zona 2807917050,section,B-1704,unchanged,1383.0,1258.0042779132878,1428.0,169.99572208671225,135.13127504517897,False
2807917051,Zona 2807917051,section,B-1704,unchanged,1052.0,956.0311333333088,1167.0,210.96886666669116,220.67154437860694,False
2807917052,Zona 2807917052,section,B-1704,unchanged,1117.0,1000.6616966688887,1165.0,164.33830333111132,164.22963312993645,False
2807917053,Zona 2807917053,section,B-1704,unchanged,981.0,889.8071482967813,993.0,103.19285170321871,115.97215407939198,False
2807917054,Zona 2807917054,section,B-1704,unchanged,1180.0,1077.7468356999482,1320.0,242.25316430005182,224.777430353316,False
2807917055,Zona 2807917055,section,B-1704,unchanged,1617.0,1456.0691217355125,1643.0,186.93087826448755,128.38049751489928,False
2807917057,Zona 2807917057,section,B-1704,unchanged,1437.0,1286.4998576771789,1619.0,332.50014232282115,258.4533067288184,False
2807917058,Zona 2807917058,section,B-1704,unchanged,1325.0,1227.1391998749011,1473.0,245.86080012509888,200.35282073147266,False
2807917059,Zona 2807917059,section,B-1704,unchanged,1366.0,1237.2644333467586,1482.0,244.73556665324145,197.8037677776286,False
2807917060,Zona 2807917060,section,B-1704,unchanged,928.0,847.796250132797,1120.0,272.203749867203,321.0721323956854,False
2807917061,Zona 2807917061,section,B-1704,unchanged,1282.0,1171.0326259364178,1449.0,277.96737406358216,237.36945317070493,False
2807917062,Zona 2807917062,section,B-1704,unchanged,1447.0,1331.0233280232585,1627.0,295.9766719767415,222.36775700716314,False
2807917063,Zona 2807917063,section,B-1704,unchanged,975.0,881.5119015858863,1100.0,218.48809841411367,247.85609589733508,False
2807917064,Zona 2807917064,section,B-1704,unchanged,1316.0,1164.7840281206031,1676.0,511.2159718793969,438.8933566544964,False
2807917065,Zona 2807917065,section,B-1704,unchanged,1136.0,1012.0749119571502,1298.0,285.9250880428498,282.51375927294544,False
2807917066,Zona 2807917066,section,B-1704,unchanged,1117.0,1018.7350709850233,1356.0,337.2649290149767,331.06245050430283,False
2807917068,Zona 2807917068,section,B-1705,unchanged,1578.0,1449.568892801643,2209.0,759.431107198357,523.9013550646582,False
2807917069,Zona 2807917069,section,B-1705,unchanged,1441.0,1304.795049517289,1532.0,227.20495048271096,174.1307575981115,False
2807917070,Zona 2807917070,section,B-1705,unchanged,1357.0,1200.053482110295,1206.0,5.946517889705092,4.955210728815299,False
2807917071,Zona 2807917071,section,B-1705,unchanged,1886.0,1689.2574706372015,1964.0,274.74252936279845,162.64100300776727,False
2807917072,Zona 2807917072,section,B-1705,unchanged,1119.0,1019.7886475233562,1332.0,312.2113524766438,306.15299869720627,False
2807917073,Zona 2807917073,section,B-1705,unchanged,938.0,784.8556226038181,966.0,181.14437739618188,230.79961738086507,False
2807917074,Zona 2807917074,section,B-1705,unchanged,820.0,693.1730017067257,861.0,167.8269982932743,242.1141589185555,False
2807917075,Zona 2807917075,section,B-1705,unchanged,1497.0,1323.1231874377772,1451.0,127.87681256222277,96.64769975791575,False
2807917076,Zona 2807917076,section,B-1705,unchanged,1176.0,1017.1455461060848,1167.0,149.8544538939152,147.3284275466767,False
2807917078,Zona 2807917078,section,B-1705,unchanged,1323.0,1127.486828202715,1329.0,201.51317179728494,178.72773921315746,False
2807917079,Zona 2807917079,section,B-1705,unchanged,762.0,650.4840896687759,851.0,200.51591033122406,308.2564408813227,False
2807917082,Zona 2807917082,section,B-1705,unchanged,1486.0,1301.9667259780806,1530.0,228.0332740219194,175.14523948422203,False
2807917083,Zona 2807917083,section,B-1705,unchanged,1347.0,1160.8024369634074,1446.0,285.19756303659256,245.6900105953025,False
2807917084,Zona 2807917084,section,B-1705,unchanged,1004.0,855.6499090467413,1082.0,226.3500909532587,264.5358674851375,False
2807917085,Zona 2807917085,section,B-1705,unchanged,749.0,627.896033633973,735.0,107.10396636602695,170.57595625530317,False
2807917086,Zona 2807917086,section,B-1705,unchanged,742.0,618.0711091066437,773.0,154.9288908933563,250.66515585446086,False
2807917087,Zona 2807917087,section,B-1705,unchanged,1525.0,1291.3897056292997,1583.0,291.61029437070033,225.8112273154581,False
2807917089,Zona 2807917089,section,B-1705,unchanged,1148.0,988.2958631140784,1137.0,148.70413688592157,150.46520220914527,False
2807917090,Zona 2807917090,section,B-1705,unchanged,1089.0,936.631767851523,1080.0,143.36823214847698,153.06787263615857,False
2807917091,Zona 2807917091,section,B-1705,unchanged,1087.0,962.4456166645107,1126.0,163.55438333548932,169.93623380228985,False
2807917092,Zona 2807917092,section,B-1705,unchanged,802.0,713.2141841241745,833.0,119.7858158758255,167.95209425471847,False
2807917093,Zona 2807917093,section,B-1705,unchanged,698.0,622.1686257317252,662.0,39.83137426827477,64.0202231692888,False
2807917094,Zona 2807917094,section,B-1705,unchanged,823.0,734.2325177139938,830.0,95.76748228600616,130.4320906191607,False
2807917095,Zona 2807917095,section,B-1705,unchanged,832.0,733.3009702193351,810.0,76.69902978066489,104.59420196556361,False
2807917097,Zona 2807917097,section,B-1704,unchanged,1616.0,1511.9223506772128,1403.0,-108.92235067721276,-72.04229147642721,False
2807917098,Zona 2807917098,section,B-1701,unchanged,1259.0,1180.217433746901,1047.0,-133.21743374690095,-112.87533122093298,False
2807917099,Zona 2807917099,section,B-1701,unchanged,856.0,816.9944668637818,727.0,-89.99446686378178,-110.15309223481759,False
2807917100,Zona 2807917100,section,B-1701,unchanged,1049.0,959.0291488845867,1154.0,194.97085111541332,203.30023476572856,False
2807917101,Zona 2807917101,section,B-1703,unchanged,1674.0,1571.127195940211,2014.0,442.8728040597889,281.88220864877854,False
2807917102,Zona 2807917102,section,B-1705,unchanged,1243.0,1139.5817536685893,1057.0,-82.58175366858927,-72.46672158687925,False
2807917103,Zona 2807917103,section,B-1704,unchanged,2271.0,2164.275669156539,2081.0,-83.27566915653915,-38.477385456628696,False
2807917104,Zona 2807917104,section,B-1704,unchanged,1996.0,1883.3611003751973,1890.0,6.6388996248026615,3.525027475336557,False
2807917105,Zona 2807917105,section,B-1704,unchanged,1576.0,1498.7176278358904,1483.0,-15.717627835890426,-10.487384377126647,False
2807917107,Zona 2807917107,section,B-1703,unchanged,2470.0,2402.3051099957675,2452.0,49.69489000423255,20.68633571874644,False
2807917108,Zona 2807917108,section,B-1704,unchanged,1533.0,1463.3341095959913,1460.0,-3.334109595991322,-2.2784335949852417,False
2807917109,Zona 2807917109,section,B-1701,unchanged,1220.0,1132.6321372344466,1168.0,35.367862765553355,31.226257496022704,False
2807917110,Zona 2807917110,section,B-1703,unchanged,2173.0,2126.413092952978,2091.0,-35.41309295297788,-16.653910319842534,False
2807917112,Zona 2807917112,section,B-1704,unchanged,1880.0,1833.9374819251352,1919.0,85.06251807486478,46.382452462650086,False
2807917114,Zona 2807917114,section,B-1703,unchanged,1612.0,1572.093636305518,1643.0,70.90636369448202,45.103142749890374,False
2807918002,Zona 2807918002,section,B-1801+1803,unchanged,1427.0,1344.8561944278792,1344.0,-0.8561944278792453,-0.636643851905283,False
2807918003,Zona 2807918003,section,B-1801+1803,unchanged,869.0,799.3235501429515,847.0,47.67644985704851,59.645996728761496,False
2807918004,Zona 2807918004,section,B-1801+1803,unchanged,1140.0,1037.257044631687,1169.0,131.742955368313,127.0109044331367,False
2807918005,Zona 2807918005,section,B-1801+1803,unchanged,1106.0,1015.2770203883239,1180.0,164.72297961167612,162.2443690773901,False
2807918006,Zona 2807918006,section,B-1801+1803,unchanged,1158.0,1072.1706553177664,1323.0,250.82934468223357,233.94535509638024,False
2807918007,Zona 2807918007,section,B-1801+1803,unchanged,916.0,849.9145215871474,1022.0,172.08547841285258,202.47386536177393,False
2807918008,Zona 2807918008,section,B-1801+1803,unchanged,1129.0,1023.347081471538,1168.0,144.652918528462,141.3527444867054,False
2807918009,Zona 2807918009,section,B-1801+1803,unchanged,1524.0,1396.6769964171792,1551.0,154.32300358282077,110.49298010828366,False
2807918010,Zona 2807918010,section,B-1801+1803,unchanged,1055.0,962.2071369798392,1111.0,148.79286302016078,154.63703947072094,False
2807918011,Zona 2807918011,section,B-1801+1803,unchanged,1171.0,1064.275655205101,1291.0,226.72434479489903,213.03159917832193,False
2807918012,Zona 2807918012,section,B-1801+1803,unchanged,1539.0,1384.3320709477573,1485.0,100.6679290522427,72.71949495710395,False
2807918013,Zona 2807918013,section,B-1801+1803,unchanged,1177.0,1058.5833199657466,1235.0,176.41668003425343,166.6535611386375,False
2807918014,Zona 2807918014,section,B-1801+1803,unchanged,1311.0,1191.4800714307435,1470.0,278.51992856925654,233.75961986070527,False
2807918015,Zona 2807918015,section,B-1801+1803,unchanged,1059.0,950.1308770519274,1264.0,313.8691229480726,330.34304065767003,False
2807918016,Zona 2807918016,section,B-1801+1803,unchanged,1127.0,1007.309145912686,1270.0,262.69085408731405,260.78474036816124,False
2807918017,Zona 2807918017,section,B-1801+1803,unchanged,1063.0,969.059210535607,1120.0,150.940789464393,155.76013088092603,False
2807918018,Zona 2807918018,section,B-1801+1803,unchanged,1792.0,1658.404676491611,1890.0,231.5953235083889,139.64946360277608,False
2807918019,Zona 2807918019,section,B-1801+1803,unchanged,1681.0,1560.6478177799029,1678.0,117.35218222009712,75.19453196496073,False
2807918020,Zona 2807918020,section,B-1801+1803,unchanged,1483.0,1386.3827099250382,1416.0,29.61729007496183,21.362997289949785,False
2807918021,Zona 2807918021,section,B-1801+1803,unchanged,1069.0,980.9745190033794,989.0,8.025480996620558,8.181130948002647,False
2807918022,Zona 2807918022,section,B-1801+1803,unchanged,1342.0,1201.253776397696,1458.0,256.7462236023041,213.73187635025073,False
2807918024,Zona 2807918024,section,B-1801+1803,unchanged,999.0,901.7020838872651,949.0,47.297916112734924,52.45403882048511,False
2807918025,Zona 2807918025,section,B-1801+1803,unchanged,1759.0,1680.0694343288899,1655.0,-25.069434328889884,-14.92166562681617,False
2807918027,Zona 2807918027,section,B-1802,unchanged,1784.0,1687.163721277971,1773.0,85.83627872202896,50.876081342604266,False
2807918028,Zona 2807918028,section,B-1802,unchanged,2149.0,1999.952444583045,1852.0,-147.952444583045,-73.97798131839605,False
2807918029,Zona 2807918029,section,B-1802,unchanged,1171.0,1097.7660071193595,1039.0,-58.76600711935953,-53.53236184965047,False
2807918030,Zona 2807918030,section,B-1802,unchanged,803.0,732.02033449194,749.0,16.979665508059952,23.195619995781563,False
2807918031,Zona 2807918031,section,B-1802,unchanged,1158.0,1066.7001039066363,1065.0,-1.7001039066362864,-1.5937974510454245,False
2807918032,Zona 2807918032,section,B-1802,unchanged,1348.0,1204.12546738277,1275.0,70.87453261722999,58.85975717404226,False
2807918033,Zona 2807918033,section,B-1802,unchanged,1296.0,1178.7020672231513,1216.0,37.29793277684871,31.643223350508883,False
2807918034,Zona 2807918034,section,B-1802,unchanged,1338.0,1226.1352999576038,1187.0,-39.13529995760382,-31.917603186986792,False
2807918035,Zona 2807918035,section,B-1802,unchanged,941.0,861.2212503532546,874.0,12.778749646745382,14.837940472908455,False
2807918038,Zona 2807918038,section,B-1802,unchanged,1002.0,914.0274764458875,952.0,37.97252355411251,41.54418169327383,False
2807918039,Zona 2807918039,section,B-1802,unchanged,1404.0,1323.651113250324,1168.0,-155.651113250324,-117.59225047460662,False
2807918040,Zona 2807918040,section,B-1802,unchanged,1867.0,1755.4441558451701,2106.0,350.55584415482986,199.6963805357012,False
2807918041,Zona 2807918041,section,B-1802,unchanged,1317.0,1224.7884751771319,1190.0,-34.788475177131886,-28.403659801012328,False
2807918043,Zona 2807918043,section,B-1801+1803,unchanged,2012.0,1920.6312776398684,1937.0,16.368722360131642,8.522574088372671,False
2807918044,Zona 2807918044,section,B-1802,unchanged,1403.0,1326.3822314463823,1191.0,-135.38223144638232,-102.06879151174381,False
2807918047,Zona 2807918047,section,B-1801+1803,unchanged,1184.0,1084.879707695232,1217.0,132.1202923047681,121.7833565948528,False
2807918048,Zona 2807918048,section,B-1802,unchanged,1367.0,1289.8514546913248,1222.0,-67.85145469132476,-52.60408432656483,False
2807918050,Zona 2807918050,section,B-1801+1803,unchanged,1363.0,1340.1102229253615,2511.0,1170.8897770746385,873.7264719305497,False
2807918053,Zona 2807918053,section,B-1801+1803,unchanged,1890.0,1856.8133508744834,2426.0,569.1866491255166,306.53950697707603,False
2807918056,Zona 2807918056,section,B-1801+1803,unchanged,1438.0,1407.7253338915057,1996.0,588.2746661084943,417.89023181267333,False
2807919003,Zona 2807919003,section,B-1901+1902+1903+1904,unchanged,947.0,857.3090055783435,935.0,77.69099442165646,90.6219273519072,False
2807919004,Zona 2807919004,section,B-1901+1902+1903+1904,unchanged,826.0,739.6506254385548,1168.0,428.3493745614452,579.1239266612769,False
2807919006,Zona 2807919006,section,B-1901+1902+1903+1904,unchanged,1152.0,1053.2232769826257,1227.0,173.77672301737425,164.99514093082556,False
2807919007,Zona 2807919007,section,B-1901+1902+1903+1904,unchanged,1137.0,1015.0077303815191,1180.0,164.99226961848092,162.5527221910556,False
2807919009,Zona 2807919009,section,B-1901+1902+1903+1904,unchanged,1461.0,1315.616235280324,1503.0,187.38376471967604,142.4304137442857,False
2807919011,Zona 2807919011,section,B-1901+1902+1903+1904,unchanged,1264.0,1127.8033756274351,1264.0,136.19662437256488,120.76273871479957,False
2807919012,Zona 2807919012,section,B-1901+1902+1903+1904,unchanged,1029.0,908.3782577282171,1008.0,99.62174227178286,109.66988853402219,False
2807919014,Zona 2807919014,section,B-1901+1902+1903+1904,unchanged,1535.0,1422.0954470004854,1463.0,40.904552999514635,28.76357777938985,False
2807919015,Zona 2807919015,section,B-1901+1902+1903+1904,unchanged,1078.0,954.9665766032014,982.0,27.03342339679864,28.308240371046317,False
2807919016,Zona 2807919016,section,B-1901+1902+1903+1904,unchanged,946.0,845.2310155978427,902.0,56.76898440215734,67.16386804855229,False
2807919018,Zona 2807919018,section,B-1901+1902+1903+1904,unchanged,1287.0,1125.7089090049874,1218.0,92.29109099501261,81.98486327747781,False
2807919019,Zona 2807919019,section,B-1901+1902+1903+1904,unchanged,979.0,866.0712231047419,978.0,111.92877689525812,129.2373813022091,False
2807919020,Zona 2807919020,section,B-1901+1902+1903+1904,unchanged,1060.0,929.0252337278987,983.0,53.974766272101306,58.09827797197371,False
2807919021,Zona 2807919021,section,B-1901+1902+1903+1904,unchanged,1320.0,1165.495069667264,1251.0,85.50493033273597,73.3636139337309,False
2807919022,Zona 2807919022,section,B-1901+1902+1903+1904,unchanged,1164.0,1023.9890470857898,1099.0,75.01095291421018,73.25366724154595,False
2807919023,Zona 2807919023,section,B-1901+1902+1903+1904,unchanged,1086.0,956.3050241708213,1104.0,147.6949758291787,154.4433753835392,False
2807919024,Zona 2807919024,section,B-1901+1902+1903+1904,unchanged,802.0,688.6934292798875,860.0,171.30657072011252,248.74140428381074,False
2807919025,Zona 2807919025,section,B-1901+1902+1903+1904,unchanged,951.0,826.1268672444097,1084.0,257.8731327555903,312.1471325775179,False
2807919026,Zona 2807919026,section,B-1901+1902+1903+1904,unchanged,935.0,813.2066816287276,939.0,125.79331837127245,154.68800393932798,False
2807919027,Zona 2807919027,section,B-1901+1902+1903+1904,unchanged,916.0,825.7753339972288,961.0,135.2246660027712,163.75478951182257,False
2807919028,Zona 2807919028,section,B-1901+1902+1903+1904,unchanged,1385.0,1234.069855434337,1488.0,253.9301445656631,205.76642679298828,False
2807919029,Zona 2807919029,section,B-1901+1902+1903+1904,unchanged,935.0,838.2605369448027,920.0,81.73946305519735,97.5108089343107,False
2807919032,Zona 2807919032,section,B-1901+1902+1903+1904,unchanged,2130.0,2034.1912722823615,2215.0,180.80872771763848,88.88482129547788,False
2807919033,Zona 2807919033,section,B-1901+1902+1903+1904,unchanged,2140.0,2043.876046116355,2032.0,-11.876046116354928,-5.81055105514889,False
2807919034,Zona 2807919034,section,B-1901+1902+1903+1904,unchanged,1762.0,1681.9145286638427,1646.0,-35.9145286638427,-21.35336133422556,False
2807919035,Zona 2807919035,section,B-1901+1902+1903+1904,unchanged,1621.0,1540.222701704661,1563.0,22.77729829533905,14.788314878186116,False
2807919036,Zona 2807919036,section,B-1901+1902+1903+1904,unchanged,2111.0,1995.6884458248874,1970.0,-25.688445824887367,-12.871972014784824,False
2807919037,Zona 2807919037,section,B-1901+1902+1903+1904,unchanged,2137.0,2014.7951643197966,2021.0,6.2048356802033595,3.07963597991766,False
2807919038,Zona 2807919038,section,B-1901+1902+1903+1904,unchanged,2005.0,1930.0702837124409,1713.0,-217.07028371244087,-112.46755392498542,False
2807919039,Zona 2807919039,section,B-1901+1902+1903+1904,unchanged,1557.0,1495.7811812769796,1669.0,173.21881872302038,115.80491912268869,False
2807919041,Zona 2807919041,section,B-1901+1902+1903+1904,unchanged,1501.0,1461.9267390227317,1404.0,-57.92673902273168,-39.62355805972502,False
2807919043,Zona 2807919043,section,B-1901+1902+1903+1904,unchanged,1385.0,1322.5373072815014,1270.0,-52.5373072815014,-39.72463157919738,False
2807919045,Zona 2807919045,section,B-1901+1902+1903+1904,unchanged,1754.0,1707.131599281782,1593.0,-114.13159928178197,-66.85577100781158,False
2807919046,Zona 2807919046,section,B-1901+1902+1903+1904,unchanged,1756.0,1712.6666818013434,1756.0,43.33331819865657,25.301664742540318,False
2807919047,Zona 2807919047,section,B-1901+1902+1903+1904,unchanged,2419.0,2352.2260221438355,2360.0,7.7739778561644926,3.304945095828518,False
2807919050,Zona 2807919050,section,B-1901+1902+1903+1904,unchanged,1188.0,1130.8640293173944,1114.0,-16.864029317394397,-14.912517225942509,False
2807919051,Zona 2807919051,section,B-1901+1902+1903+1904,unchanged,1886.0,1848.1363365659083,1816.0,-32.13633656590832,-17.388509673275543,False
2807920001,Zona 2807920001,section,B-2001,unchanged,1984.0,1760.4931476429983,2121.0,360.50685235700166,204.7760610938243,False
2807920002,Zona 2807920002,section,B-2001,unchanged,1656.0,1602.6524957954855,1549.0,-53.65249579548549,-33.47731085574779,False
2807920003,Zona 2807920003,section,B-2001,unchanged,1044.0,910.5511032936148,1049.0,138.4488967063852,152.04956229869197,False
2807920006,Zona 2807920006,section,B-2001,unchanged,799.0,716.3146684665667,911.0,194.68533153343333,271.7874421728669,False
2807920007,Zona 2807920007,section,B-2001,unchanged,1456.0,1293.8984110495028,1642.0,348.1015889504972,269.0331682748927,False
2807920008,Zona 2807920008,section,B-2001,unchanged,1218.0,1076.7103720772418,1337.0,260.2896279227582,241.74525914577646,False
2807920009,Zona 2807920009,section,B-2001,unchanged,779.0,666.1468286103601,783.0,116.8531713896399,175.416539373768,False
2807920010,Zona 2807920010,section,B-2001,unchanged,1121.0,1019.071528205973,1087.0,67.92847179402702,66.65721680362503,False
2807920011,Zona 2807920011,section,B-2001,unchanged,633.0,528.3167189863186,673.0,144.68328101368138,273.85709331948686,False
2807920012,Zona 2807920012,section,B-2001,unchanged,1242.0,1112.5064097892002,1527.0,414.49359021079977,372.5763614156064,False
2807920013,Zona 2807920013,section,B-2001,unchanged,786.0,690.0881394010262,925.0,234.91186059897382,340.4084886937335,False
2807920018,Zona 2807920018,section,B-2001,unchanged,876.0,775.5898059928669,1125.0,349.4101940071331,450.5090078638122,False
2807920021,Zona 2807920021,section,B-2002,unchanged,836.0,739.6204233844005,963.0,223.3795766155995,302.0192108723087,False
2807920022,Zona 2807920022,section,B-2002,unchanged,1007.0,875.7784517374982,1192.0,316.22154826250176,361.074821645971,False
2807920025,Zona 2807920025,section,B-2002,unchanged,917.0,791.8600772913034,1121.0,329.13992270869664,415.65414414447764,False
2807920026,Zona 2807920026,section,B-2002,unchanged,1220.0,1024.3468427661016,1338.0,313.65315723389836,306.1981978554481,False
2807920027,Zona 2807920027,section,B-2002,unchanged,990.0,814.7930017826451,1011.0,196.2069982173549,240.8059443172479,False
2807920028,Zona 2807920028,section,B-2002,unchanged,734.0,577.1247166948576,673.0,95.87528330514237,166.1257619569851,False
2807920029,Zona 2807920029,section,B-2002,unchanged,1268.0,1061.5926663115129,1446.0,384.40733368848714,362.10436063401266,False
2807920031,Zona 2807920031,section,B-2003,unchanged,1071.0,935.0957108857,1412.0,476.9042891143,510.00585668667844,False
2807920032,Zona 2807920032,section,B-2003,unchanged,871.0,767.0199266806646,1303.0,535.9800733193354,698.7824627175316,False
2807920033,Zona 2807920033,section,B-2003,unchanged,934.0,800.5760994404549,1162.0,361.42390055954513,451.45477214740043,False
2807920034,Zona 2807920034,section,B-2003,unchanged,1047.0,933.9631583246257,1194.0,260.03684167537426,278.42301846449385,False
2807920035,Zona 2807920035,section,B-2003,unchanged,1014.0,907.9516825089013,1228.0,320.0483174910987,352.49487792866233,False
2807920036,Zona 2807920036,section,B-2003,unchanged,930.0,829.9810963155841,1176.0,346.01890368441593,416.8997405127032,False
2807920037,Zona 2807920037,section,B-2003,unchanged,776.0,688.1358807136136,781.0,92.86411928638643,134.95026475015965,False
2807920038,Zona 2807920038,section,B-2003,unchanged,656.0,571.5470327880016,664.0,92.45296721199838,161.75915875376623,False
2807920039,Zona 2807920039,section,B-2003,unchanged,697.0,597.5474044810051,687.0,89.45259551899494,149.6995800637579,False
2807920040,Zona 2807920040,section,B-2004,unchanged,932.0,802.1142590287544,843.0,40.88574097124558,50.97246497120294,False
2807920041,Zona 2807920041,section,B-2004,unchanged,932.0,806.758667187674,853.0,46.24133281232605,57.31742923013316,False
2807920042,Zona 2807920042,section,B-2004,unchanged,710.0,637.854100253856,696.0,58.14589974614398,91.1586203224261,False
2807920043,Zona 2807920043,section,B-2004,unchanged,855.0,754.9184269747864,784.0,29.08157302521363,38.5228019161664,False
2807920044,Zona 2807920044,section,B-2004,unchanged,1098.0,978.0753538393772,1064.0,85.92464616062284,87.85074260723441,False
2807920046,Zona 2807920046,section,B-2004,unchanged,854.0,738.1784338077081,1064.0,325.8215661922919,441.38591872919284,False
2807920047,Zona 2807920047,section,B-2004,unchanged,1336.0,1173.7699754311313,1550.0,376.23002456886866,320.5313071930278,False
2807920048,Zona 2807920048,section,B-2004,unchanged,908.0,808.9367654977749,1011.0,202.0632345022251,249.78866472694756,False
2807920049,Zona 2807920049,section,B-2004,unchanged,973.0,886.104261897985,931.0,44.895738102015,50.66642835669347,False
2807920050,Zona 2807920050,section,B-2004,unchanged,942.0,828.7082023632154,992.0,163.29179763678462,197.0437811175607,False
2807920051,Zona 2807920051,section,B-2004,unchanged,913.0,791.4529369779212,1024.0,232.54706302207876,293.8229832212576,False
2807920053,Zona 2807920053,section,B-2004,unchanged,1864.0,1659.984768991263,2186.0,526.0152310087369,316.87955265299513,False
2807920055,Zona 2807920055,section,B-2004,unchanged,1785.0,1730.806524911664,1941.0,210.19347508833607,121.44250213007709,False
2807920056,Zona 2807920056,section,B-2004,unchanged,1249.0,1091.1294111441873,1255.0,163.87058885581268,150.1843751823843,False
2807920058,Zona 2807920058,section,B-2004,unchanged,1050.0,947.2993384888529,993.0,45.70066151114713,48.243105061225485,False
2807920059,Zona 2807920059,section,B-2004,unchanged,753.0,676.0272167619303,698.0,21.972783238069724,32.50280860483115,False
2807920062,Zona 2807920062,section,B-2005,unchanged,1431.0,1293.7564890297897,1332.0,38.24351097021031,29.56005345247758,False
2807920063,Zona 2807920063,section,B-2005,unchanged,1232.0,1116.8576501313942,1090.0,-26.857650131394166,-24.047514137754675,False
2807920064,Zona 2807920064,section,B-2005,unchanged,972.0,861.4482397185508,935.0,73.55176028144922,85.38152020077233,False
2807920065,Zona 2807920065,section,B-2005,unchanged,1912.0,1772.392847944686,1717.0,-55.39284794468608,-31.253143460221644,False
2807920066,Zona 2807920066,section,B-2005,unchanged,1864.0,1682.447867417507,1680.0,-2.447867417507041,-1.4549439925674628,False
2807920067,Zona 2807920067,section,B-2005,unchanged,2332.0,2246.973306072959,2146.0,-100.97330607295908,-44.93747469097903,False
2807920068,Zona 2807920068,section,B-2006,unchanged,2477.0,2395.5271185514052,2676.0,280.47288144859476,117.08190622287715,False
2807920069,Zona 2807920069,section,B-2006,unchanged,995.0,839.5435180375808,1033.0,193.45648196241916,230.4305587572405,False
2807920070,Zona 2807920070,section,B-2006,unchanged,916.0,712.9468028106525,921.0,208.05319718934754,291.8214884604837,False
2807920072,Zona 2807920072,section,B-2007,unchanged,1747.0,1617.1975619771597,1723.0,105.8024380228403,65.42332273460019,False
2807920073,Zona 2807920073,section,B-2007,unchanged,1044.0,952.4976326640784,1010.0,57.502367335921576,60.370089503625245,False
2807920074,Zona 2807920074,section,B-2007,unchanged,893.0,808.654961547751,948.0,139.345038452249,172.31705124957762,False
2807920075,Zona 2807920075,section,B-2007,unchanged,961.0,869.9314733372217,1116.0,246.06852666277825,282.85966677215714,False
2807920076,Zona 2807920076,section,B-2007,unchanged,1340.0,1244.2520270752193,1327.0,82.7479729247807,66.50418976555005,False
2807920077,Zona 2807920077,section,B-2007,unchanged,2269.0,2095.115199378064,2293.0,197.88480062193594,94.45055846126176,False
2807920078,Zona 2807920078,section,B-2007,unchanged,1414.0,1304.5002637798862,1516.0,211.49973622011385,162.1308497150301,False
2807920079,Zona 2807920079,section,B-2007,unchanged,1168.0,1029.7107983369635,1132.0,102.28920166303647,99.33779642617989,False
2807920080,Zona 2807920080,section,B-2007,unchanged,1318.0,1197.0932443922204,1210.0,12.906755607779587,10.78174625764638,False
2807920082,Zona 2807920082,section,B-2007,unchanged,1852.0,1670.9773108766433,1853.0,182.0226891233567,108.93187354402934,False
2807920083,Zona 2807920083,section,B-2007,unchanged,944.0,851.1827613948037,881.0,29.81723860519628,35.03036005608925,False
2807920086,Zona 2807920086,section,B-2007,unchanged,1583.0,1406.605532571116,1525.0,118.3944674288839,84.17034107101242,False
2807920087,Zona 2807920087,section,B-2007,unchanged,1137.0,1028.7264554785506,1130.0,101.27354452144937,98.4455527337811,False
2807920088,Zona 2807920088,section,B-2007,unchanged,1968.0,1744.137473693349,2070.0,325.86252630665103,186.83305142031685,False
2807920090,Zona 2807920090,section,B-2007,unchanged,1293.0,1163.044910213662,1176.0,12.955089786338021,11.138941989744879,False
2807920091,Zona 2807920091,section,B-2007,unchanged,1337.0,1174.8570937261647,1428.0,253.14290627383525,215.4669768992668,False
2807920092,Zona 2807920092,section,B-2007,unchanged,1653.0,1467.1845587128328,1782.0,314.81544128716723,214.57112496014557,False
2807920093,Zona 2807920093,section,B-2007,unchanged,1250.0,1105.4266546283804,1349.0,243.57334537161955,220.34328949079253,False
2807920095,Zona 2807920095,section,B-2008,unchanged,1207.0,1021.9251198163544,1303.0,281.07488018364563,275.0444966399851,False
2807920097,Zona 2807920097,section,B-2008,unchanged,1055.0,932.0108879372731,1051.0,118.98911206272692,127.66922962249258,False
2807920098,Zona 2807920098,section,B-2008,unchanged,1010.0,879.1213160314584,939.0,59.87868396854162,68.1119691635357,False
2807920099,Zona 2807920099,section,B-2008,unchanged,1819.0,1725.3236045413091,1657.0,-68.32360454130912,-39.600457770050326,False
2807920100,Zona 2807920100,section,B-2001,unchanged,1443.0,1296.0216469832483,1681.0,384.9783530167517,297.0462367761113,False
2807920101,Zona 2807920101,section,B-2007,unchanged,1423.0,1303.6342719085508,1410.0,106.36572809144923,81.59169360876601,False
2807920102,Zona 2807920102,section,B-2005,unchanged,2001.0,1826.8506574686874,1805.0,-21.85065746868736,-11.960834006521347,False
2807920103,Zona 2807920103,section,B-2005,unchanged,2400.0,2314.256240039816,2226.0,-88.25624003981602,-38.13589805349195,False
2807920104,Zona 2807920104,section,B-2005,unchanged,2454.0,2367.6792823009,2284.0,-83.67928230090001,-35.34232145646891,False
2807920105,Zona 2807920105,section,B-2008,unchanged,1983.0,1870.5438872387997,1840.0,-30.543887238799698,-16.3288803043734,False
2807920107,Zona 2807920107,section,B-2005,unchanged,2130.0,2063.1704196098162,1998.0,-65.17041960981624,-31.587511623078218,False
2807920108,Zona 2807920108,section,B-2008,unchanged,1710.0,1538.7893998774841,1646.0,107.21060012251587,69.67204227625417,False
2807920109,Zona 2807920109,section,B-2004,unchanged,1964.0,1857.6169900655198,1785.0,-72.61699006551976,-39.091476043701824,False
2807920110,Zona 2807920110,section,B-2005,unchanged,2158.0,2054.2459091436403,1897.0,-157.24590914364035,-76.54677974225194,False
2807920111,Zona 2807920111,section,B-2004,unchanged,1944.0,1893.4479033411394,1824.0,-69.44790334113941,-36.67801116608123,False
2807920113,Zona 2807920113,section,B-2005,unchanged,2218.0,2149.232717207782,2089.0,-60.232717207782116,-28.02521882601649,False
2807920114,Zona 2807920114,section,B-2005,unchanged,1856.0,1793.7862852531048,1821.0,27.21371474689522,15.171102026268052,False
2807920116,Zona 2807920116,section,B-2006,unchanged,1793.0,1700.0233262597233,1852.0,151.97667374027674,89.39681673347717,False
2807920117,Zona 2807920117,section,B-2005,unchanged,1731.0,1657.17138119663,1554.0,-103.17138119662991,-62.25752047572213,False
2807920118,Zona 2807920118,section,B-2001,unchanged,1846.0,1793.7628624088577,1870.0,76.2371375911423,42.501235357701,False
2807920122,Zona 2807920122,section,B-2001,unchanged,1503.0,1457.0810280963783,1698.0,240.9189719036217,165.3435651539388,False
2807921001,Zona 2807921001,section,B-2101,unchanged,1576.0,1477.587131141034,1505.0,27.41286885896602,18.552455067605415,False
2807921002,Zona 2807921002,section,B-2101,unchanged,1497.0,1378.5581120529873,1377.0,-1.558112052987326,-1.1302476401716153,False
2807921003,Zona 2807921003,section,B-2101,unchanged,1242.0,1133.2898530047567,1098.0,-35.28985300475665,-31.1393002515558,False
2807921004,Zona 2807921004,section,B-2101,unchanged,1178.0,1077.195857329642,1067.0,-10.195857329641967,-9.465184311901643,False
2807921005,Zona 2807921005,section,B-2101,unchanged,1897.0,1808.6750043744032,2225.0,416.3249956255968,230.18231280837438,False
2807921006,Zona 2807921006,section,B-2101,unchanged,1301.0,1199.1316048419221,1201.0,1.868395158077874,1.5581235208325435,False
2807921007,Zona 2807921007,section,B-2101,unchanged,2001.0,1857.606602652251,1842.0,-15.606602652251013,-8.40145735376276,False
2807921008,Zona 2807921008,section,B-2101,unchanged,672.0,605.7572717870801,620.0,14.242728212919928,23.51226947866696,False
2807921009,Zona 2807921009,section,B-2101,unchanged,652.0,575.6669656617586,617.0,41.33303433824142,71.80025397275834,False
2807921010,Zona 2807921010,section,B-2101,unchanged,1299.0,1178.5840522884146,1193.0,14.415947711585432,12.231582196954474,False
2807921011,Zona 2807921011,section,B-2101,unchanged,1703.0,1574.6071921351943,1639.0,64.39280786480572,40.89452162192145,False
2807921012,Zona 2807921012,section,B-2101,unchanged,941.0,868.5109016818695,838.0,-30.51090168186954,-35.13013092038942,False
2807921013,Zona 2807921013,section,B-2101,unchanged,1343.0,1226.8695781134124,1174.0,-52.869578113412445,-43.093071224988144,False
2807921014,Zona 2807921014,section,B-2101,unchanged,2038.0,1906.574801358247,2191.0,284.425198641753,149.1812429489407,False
2807921017,Zona 2807921017,section,B-1606+2102+2103+2104+2105,unchanged,1460.0,1344.6279133926266,1415.0,70.37208660737338,52.335732366151596,False
2807921018,Zona 2807921018,section,B-1606+2102+2103+2104+2105,unchanged,1470.0,1344.6229864614907,1485.0,140.37701353850935,104.39879055461148,False
2807921020,Zona 2807921020,section,B-1606+2102+2103+2104+2105,unchanged,1757.0,1588.7062258477627,1833.0,244.29377415223735,153.7690040975812,False
2807921021,Zona 2807921021,section,B-1606+2102+2103+2104+2105,unchanged,1200.0,1103.7074675089966,1235.0,131.29253249100339,118.95591572586075,False
2807921022,Zona 2807921022,section,B-1606+2102+2103+2104+2105,unchanged,1665.0,1554.8838968161992,1659.0,104.11610318380076,66.96069294755078,False
2807921023,Zona 2807921023,section,B-1606+2102+2103+2104+2105,unchanged,1097.0,1004.3370859891844,1061.0,56.6629140108156,56.418223324898506,False
2807921025,Zona 2807921025,section,B-1606+2102+2103+2104+2105,unchanged,1384.0,1251.1182951374053,1459.0,207.8817048625947,166.15671409374113,False
2807921026,Zona 2807921026,section,B-1606+2102+2103+2104+2105,unchanged,1599.0,1493.4752477359045,1571.0,77.52475226409547,51.90896359455727,False
2807921027,Zona 2807921027,section,B-1606+2102+2103+2104+2105,unchanged,2620.0,2549.8517433035654,2404.0,-145.8517433035654,-57.20008768611824,False
2807921028,Zona 2807921028,section,B-1606+2102+2103+2104+2105,unchanged,1326.0,1256.6528386420716,1780.0,523.3471613579284,416.4612097032724,False
2807921030,Zona 2807921030,section,B-1606+2102+2103+2104+2105,unchanged,1560.0,1477.6432440063902,1482.0,4.356755993609795,2.9484491681477576,False
2807921032,Zona 2807921032,section,B-1606+2102+2103+2104+2105,unchanged,1553.0,1470.7637261195084,1719.0,248.23627388049158,168.78052502385478,False
Z-025d61ba3a6a,Zona Z-025d61ba3a6a,section,B-1901+1902+1903+1904,exact_harmonisation,3536.0,3331.460842141912,3457.0,125.53915785808795,37.68291563570486,False
Z-0b95b788a381,Zona Z-0b95b788a381,section,B-2007,exact_harmonisation,1859.0,1667.3229553787928,1817.0,149.6770446212072,89.77087740461333,False
Z-0cd147bb1214,Zona Z-0cd147bb1214,section,B-1105,exact_harmonisation,2711.0,2534.2835900833165,3117.0,582.7164099166835,229.9333871697943,False
Z-0d1a856a40aa,Zona Z-0d1a856a40aa,section,B-0807,exact_harmonisation,6059.0,5803.601201629508,11287.0,5483.398798370492,944.8269458678326,False
Z-1204d2c0357e,Zona Z-1204d2c0357e,section,B-1306,exact_harmonisation,2996.0,2801.064231865154,3401.0,599.9357681348461,214.18136767801457,False
Z-1378523991ce,Zona Z-1378523991ce,section,B-1403,exact_harmonisation,2562.0,2404.0897521347565,2330.0,-74.08975213475651,-30.81821386616998,False
Z-16b4295d27df,Zona Z-16b4295d27df,section,B-2008,exact_harmonisation,2553.0,2382.8717131098274,2401.0,18.128286890172603,7.607747740021565,False
Z-191baaed04f2,Zona Z-191baaed04f2,section,B-0204,exact_harmonisation,2445.0,2371.4589114205764,2406.0,34.54108857942356,14.565332932010358,False
Z-1df9e7e5672b,Zona Z-1df9e7e5672b,section,B-1901+1902+1903+1904,exact_harmonisation,2393.0,2327.7488233384943,20416.0,18088.251176661506,7770.705754549174,False
Z-20eb2f64c048,Zona Z-20eb2f64c048,section,B-1705,exact_harmonisation,1640.0,1538.9237282618942,5484.0,3945.076271738106,2563.529432477977,False
Z-219e417dc764,Zona Z-219e417dc764,section,B-1107,exact_harmonisation,1459.0,1299.4717087452873,1679.0,379.5282912547127,292.0635275862747,False
Z-23333eb7f9c1,Zona Z-23333eb7f9c1,section,B-1802,exact_harmonisation,3965.0,3589.352774356437,3818.0,228.64722564356316,63.70151947089099,False
Z-26e17ab119a9,Zona Z-26e17ab119a9,section,B-0305,exact_harmonisation,1663.0,1548.2511811831066,1616.0,67.74881881689339,43.75828653663462,False
Z-281c81573a01,Zona Z-281c81573a01,section,B-1304,exact_harmonisation,2198.0,1942.072121097061,2359.0,416.927878902939,214.68197518196175,False
Z-29afdef0a42f,Zona Z-29afdef0a42f,section,B-1604,exact_harmonisation,2299.0,2020.2806924819583,1264.0,-756.2806924819583,-374.3443647688635,False
Z-2a8660c41fce,Zona Z-2a8660c41fce,section,B-0806,exact_harmonisation,3181.0,3127.185486711368,3738.0,610.814513288632,195.3240432600565,False
Z-2cb5e454a44d,Zona Z-2cb5e454a44d,section,B-1302,exact_harmonisation,1151.0,1040.147076182828,3121.0,2080.8529238171723,2000.5372042707334,False
Z-2f209047a4c2,Zona Z-2f209047a4c2,section,B-1006,exact_harmonisation,2716.0,2593.1661750813164,2873.0,279.8338249186836,107.91202955202382,False
Z-3025bd97bfc0,Zona Z-3025bd97bfc0,section,B-0302,exact_harmonisation,2475.0,2308.2397294692373,2364.0,55.76027053076268,24.15705345457525,False
Z-3065445c62f5,Zona Z-3065445c62f5,section,B-0406,exact_harmonisation,1700.0,1529.7450875732857,1827.0,297.2549124267143,194.31663147110692,False
Z-31ab8b69a58f,Zona Z-31ab8b69a58f,section,B-1403,exact_harmonisation,1564.0,1347.3247181539966,1360.0,12.675281846003372,9.407740892165991,False
Z-332c618e653b,Zona Z-332c618e653b,section,B-1004,exact_harmonisation,1300.0,1095.2700969887028,1215.0,119.72990301129721,109.31541301134615,False
Z-36c0d0f879f5,Zona Z-36c0d0f879f5,section,B-1801+1803,exact_harmonisation,2668.0,2618.63253067555,3649.0,1030.3674693244502,393.47539498359396,False
Z-37a0e8e3db8d,Zona Z-37a0e8e3db8d,section,B-0405,exact_harmonisation,1354.0,1210.7183381120115,1561.0,350.28166188798855,289.3172184326671,False
Z-3ae8813ad3c3,Zona Z-3ae8813ad3c3,section,B-1505,exact_harmonisation,1360.0,1139.6368956951844,1498.0,358.3631043048156,314.4537577350128,False
Z-3b69411c0b9c,Zona Z-3b69411c0b9c,section,B-1406,exact_harmonisation,1402.0,1188.8662409336298,1453.0,264.1337590663702,222.17281471374193,False
Z-3c1443e45b99,Zona Z-3c1443e45b99,section,B-1406,exact_harmonisation,1795.0,1528.1028089120573,1809.0,280.8971910879427,183.82087216234441,False
Z-3f6621599186,Zona Z-3f6621599186,section,B-2004,exact_harmonisation,2046.0,1955.5332039585182,3256.0,1300.4667960414818,665.0190308244277,False
Z-4580d2507669,Zona Z-4580d2507669,section,B-0808,exact_harmonisation,1589.0,1171.188385083181,1621.0,449.81161491681905,384.06427236287203,False
Z-46d044b6740d,Zona Z-46d044b6740d,section,B-0806,exact_harmonisation,3670.0,3615.5632851289834,4164.0,548.4367148710166,151.68776525825672,False
Z-47ca8ec0e9f3,Zona Z-47ca8ec0e9f3,section,B-0106,exact_harmonisation,3839.0,3546.7381831465086,4182.0,635.2618168534914,179.11156224390808,False
Z-4b0db59ab8c5,Zona Z-4b0db59ab8c5,section,B-1103,exact_harmonisation,3553.0,3305.161730719097,3647.0,341.8382692809032,103.42558008697814,False
Z-4bed866cc1ff,Zona Z-4bed866cc1ff,section,B-0806,exact_harmonisation,2601.0,2558.9057936400595,2989.0,430.0942063599405,168.0773897299786,False
Z-4ce936294ef1,Zona Z-4ce936294ef1,section,B-1107,exact_harmonisation,2686.0,2576.095054789051,2660.0,83.90494521094888,32.57059364132028,False
Z-4d78973c30a3,Zona Z-4d78973c30a3,section,B-1901+1902+1903+1904,exact_harmonisation,8377.0,8020.839878960719,9074.0,1053.160121039281,131.30297287218025,False
Z-4e0850dd1802,Zona Z-4e0850dd1802,section,B-0901,exact_harmonisation,2488.0,2322.8838176051495,2327.0,4.116182394850512,1.7720138922377184,False
Z-50b98f69a268,Zona Z-50b98f69a268,section,B-0806,exact_harmonisation,2986.0,2919.308573442553,2983.0,63.6914265574469,21.81729849898659,False
Z-51b9a15068b1,Zona Z-51b9a15068b1,section,B-1203,exact_harmonisation,1996.0,1841.8386184980734,2261.0,419.1613815019266,227.57769181956428,False
Z-51da16c330d6,Zona Z-51da16c330d6,section,B-2006,exact_harmonisation,2854.0,2794.908141843014,3250.0,455.09185815698584,162.82891424721024,False
Z-56f71c85422b,Zona Z-56f71c85422b,section,B-1901+1902+1903+1904,exact_harmonisation,3247.0,3067.0450846080494,3143.0,75.95491539195064,24.76485128084031,False
Z-57b172e30c85,Zona Z-57b172e30c85,section,B-1606+2102+2103+2104+2105,exact_harmonisation,14845.0,14249.72212230657,33856.0,19606.27787769343,1375.9059797384882,False
Z-5976220b4f8b,Zona Z-5976220b4f8b,section,B-2002,exact_harmonisation,1627.0,1407.2905608809879,1750.0,342.70943911901213,243.52429316691374,False
Z-5b0ba987bad4,Zona Z-5b0ba987bad4,section,B-0204,exact_harmonisation,2722.0,2632.4035539238976,3234.0,601.5964460761024,228.5350379425504,False
Z-5bb20d556459,Zona Z-5bb20d556459,section,B-1801+1803,exact_harmonisation,2232.0,2193.8900098190065,3612.0,1418.1099901809935,646.3906503216111,False
Z-5c00f5cd5693,Zona Z-5c00f5cd5693,section,B-1604,exact_harmonisation,1771.0,1492.2576807194575,1914.0,421.74231928054246,282.6203039392025,False
Z-5f609f332415,Zona Z-5f609f332415,section,B-0706,exact_harmonisation,1731.0,1533.821470547678,1513.0,-20.821470547678018,-13.574898348660712,False
Z-5fba1c482f42,Zona Z-5fba1c482f42,section,B-1604,exact_harmonisation,1369.0,1191.9196178128736,1368.0,176.08038218712636,147.72840345578592,False
Z-61555da00d4a,Zona Z-61555da00d4a,section,B-0905,exact_harmonisation,2865.0,2756.7525973020524,2878.0,121.24740269794756,43.98196733961858,False
Z-66430e873d6f,Zona Z-66430e873d6f,section,B-1406,exact_harmonisation,1705.0,1498.3859843447601,1788.0,289.6140156552399,193.28398602305884,False
Z-68e915a6e013,Zona Z-68e915a6e013,section,B-1004,exact_harmonisation,1265.0,1134.2894546412324,1112.0,-22.289454641232396,-19.650587907724482,False
Z-69494a0d7a2d,Zona Z-69494a0d7a2d,section,B-1801+1803,exact_harmonisation,2737.0,2675.5790910702326,3794.0,1118.4209089297674,418.0107822872837,False
Z-6dea0d98c500,Zona Z-6dea0d98c500,section,B-1703,exact_harmonisation,2750.0,2665.077733222912,3851.0,1185.9222667770882,444.9859949649339,False
Z-6f3547a9f40a,Zona Z-6f3547a9f40a,section,B-1401,exact_harmonisation,1290.0,1120.8439417201603,1301.0,180.15605827983973,160.73250840197613,False
Z-70e29694dedc,Zona Z-70e29694dedc,section,B-0302,exact_harmonisation,2012.0,1864.4864319168341,2552.0,687.5135680831659,368.7415238395431,False
Z-712f3325ea5f,Zona Z-712f3325ea5f,section,B-1303,exact_harmonisation,2295.0,2059.00927170016,2992.0,932.9907282998402,453.1260451923334,False
Z-7b06668ac4e4,Zona Z-7b06668ac4e4,section,B-1604,exact_harmonisation,1657.0,1457.6601718171876,1469.0,11.339828182812425,7.779473159835097,False
Z-84693f008a48,Zona Z-84693f008a48,section,B-1801+1803,exact_harmonisation,1719.0,1682.5184168784765,2978.0,1295.4815831215235,769.9657668680916,False
Z-847d241e5e64,Zona Z-847d241e5e64,section,B-0304,exact_harmonisation,1329.0,1175.2719671491534,1438.0,262.7280328508466,223.5465834245529,False
Z-85f27622e7fa,Zona Z-85f27622e7fa,section,B-1503,exact_harmonisation,1588.0,1399.1394552940692,1710.0,310.8605447059308,222.1798145493614,False
Z-86c6b0273e96,Zona Z-86c6b0273e96,section,B-2005,exact_harmonisation,4593.0,4361.324002272022,4612.0,250.67599772797803,57.47704082461861,False
Z-86df3b6b020d,Zona Z-86df3b6b020d,section,B-1801+1803,exact_harmonisation,2358.0,2188.6087787696383,2622.0,433.3912212303617,198.02133000398524,False
Z-88c8ea62f1e7,Zona Z-88c8ea62f1e7,section,B-1001,exact_harmonisation,1608.0,1439.0570603789702,1776.0,336.94293962102984,234.14147284215207,False
Z-8c690a1503b1,Zona Z-8c690a1503b1,section,B-1202,exact_harmonisation,1480.0,1311.5431956482278,1707.0,395.45680435177223,301.52022873811524,False
Z-8db88a677c94,Zona Z-8db88a677c94,section,B-1106,exact_harmonisation,2238.0,2182.8605819943677,3053.0,870.1394180056323,398.6234508896718,False
Z-8e695457009e,Zona Z-8e695457009e,section,B-1006,exact_harmonisation,2074.0,2028.5499381182008,3201.0,1172.4500618817992,577.9744633594927,False
Z-8fccac255f27,Zona Z-8fccac255f27,section,B-1406,exact_harmonisation,1381.0,1178.8039491903567,1383.0,204.19605080964334,173.22308001249255,False
Z-918616051b0f,Zona Z-918616051b0f,section,B-1604,exact_harmonisation,1463.0,1236.6161206321428,1491.0,254.38387936785716,205.70965809326444,False
Z-93d70d566b61,Zona Z-93d70d566b61,section,B-0705,exact_harmonisation,1288.0,1148.1547424547216,1913.0,764.8452575452784,666.1517208996249,False
Z-9470400c2792,Zona Z-9470400c2792,section,B-1304,exact_harmonisation,1596.0,1408.3454598883136,1692.0,283.6545401116864,201.4097735183391,False
Z-961f86079403,Zona Z-961f86079403,section,B-1002,exact_harmonisation,2081.0,1902.9003182367376,2218.0,315.0996817632624,165.5891686723977,False
Z-9cf675e04118,Zona Z-9cf675e04118,section,B-1801+1803,exact_harmonisation,1920.0,1881.260228819513,2805.0,923.739771180487,491.02179327956765,False
Z-a736b610c183,Zona Z-a736b610c183,section,B-1801+1803,exact_harmonisation,5502.0,5410.301400784742,5464.0,53.69859921525767,9.925250967990232,False
Z-a75985b31bb1,Zona Z-a75985b31bb1,section,B-1801+1803,exact_harmonisation,1998.0,1957.4611264245073,3665.0,1707.5388735754927,872.3232612514141,False
Z-a9364775d49a,Zona Z-a9364775d49a,section,B-0306,exact_harmonisation,2264.0,2035.1233075414416,2156.0,120.87669245855841,59.39526711262776,False
Z-acdd889337fa,Zona Z-acdd889337fa,section,B-1202,exact_harmonisation,2748.0,2672.5681272862876,3034.0,361.43187271371244,135.23766486009416,False
Z-b07233174aaf,Zona Z-b07233174aaf,section,B-2001,exact_harmonisation,1554.0,1407.8535991332735,1797.0,389.1464008667265,276.4111276245622,False
Z-b13700204998,Zona Z-b13700204998,section,B-0701,exact_harmonisation,1527.0,1375.450773785297,1667.0,291.5492262147029,211.96631080612755,False
Z-b2ac7919f5d6,Zona Z-b2ac7919f5d6,section,B-0906,exact_harmonisation,2437.0,2261.648654357837,2862.0,600.3513456421629,265.44854546057866,False
Z-b57743f03236,Zona Z-b57743f03236,section,B-1301,exact_harmonisation,1965.0,1740.0680335005702,2094.0,353.9319664994298,203.40122321965165,False
Z-b5f931c476fe,Zona Z-b5f931c476fe,section,B-1801+1803,exact_harmonisation,2138.0,2101.5164200056442,3073.0,971.4835799943558,462.27741584419624,False
Z-b6b6ca3db67a,Zona Z-b6b6ca3db67a,section,B-1004,exact_harmonisation,1604.0,1421.0189108408392,1590.0,168.98108915916077,118.91544009021808,False
Z-b712ed2e97f6,Zona Z-b712ed2e97f6,section,B-0205,exact_harmonisation,2664.0,2560.1439079296256,2474.0,-86.14390792962558,-33.64807254108215,False
Z-b77b85a714f0,Zona Z-b77b85a714f0,section,B-2006,exact_harmonisation,3099.0,2987.3289042174065,4488.0,1500.6710957825935,502.3454543836799,False
Z-b85830968170,Zona Z-b85830968170,section,B-2001,exact_harmonisation,1523.0,1334.3844487822519,1795.0,460.61555121774813,345.189537871265,False
Z-b99f728dca6e,Zona Z-b99f728dca6e,section,B-2006,exact_harmonisation,2638.0,2402.3364898600967,2837.0,434.66351013990334,180.93365020868353,False
Z-b9c5d7186831,Zona Z-b9c5d7186831,section,B-2001,exact_harmonisation,2615.0,2488.137562516041,3354.0,865.8624374839592,347.99620829982825,False
Z-baebf6e3b1c1,Zona Z-baebf6e3b1c1,section,B-1106,exact_harmonisation,2739.0,2673.028088672544,3831.0,1157.971911327456,433.20603933590456,False
Z-bc9091279987,Zona Z-bc9091279987,section,B-1701,exact_harmonisation,2939.0,2842.418081435607,3239.0,396.58191856439316,139.52272579271428,False
Z-c29e191873af,Zona Z-c29e191873af,section,B-0806,exact_harmonisation,3091.0,3030.630135627574,2986.0,-44.630135627573964,-14.72635512427256,False
Z-c4b19f5c2610,Zona Z-c4b19f5c2610,section,B-0907,exact_harmonisation,1768.0,1693.82600413575,2918.0,1224.17399586425,722.7271236096454,False
Z-c556139699e9,Zona Z-c556139699e9,section,B-0506,exact_harmonisation,2518.0,2363.938268771785,2525.0,161.0617312282152,68.13279913265117,False
Z-c67d0b21c02f,Zona Z-c67d0b21c02f,section,B-1606+2102+2103+2104+2105,exact_harmonisation,2922.0,2839.5679145569156,2956.0,116.43208544308436,41.003451562542516,False
Z-c757005e3913,Zona Z-c757005e3913,section,B-1302,exact_harmonisation,1658.0,1503.0797286903887,2057.0,553.9202713096113,368.5235458482524,False
Z-cb4433568db6,Zona Z-cb4433568db6,section,B-0205,exact_harmonisation,2269.0,2169.1730945535837,3103.0,933.8269054464163,430.4990264682395,False
Z-cb665535836e,Zona Z-cb665535836e,section,B-0808,exact_harmonisation,2426.0,2387.2360973437494,3010.0,622.7639026562506,260.87235500049326,False
Z-cde0841c04b0,Zona Z-cde0841c04b0,section,B-1704,exact_harmonisation,2561.0,2434.7685899026787,2364.0,-70.76858990267874,-29.065838205801505,False
Z-d05784cc9d2e,Zona Z-d05784cc9d2e,section,B-0404,exact_harmonisation,2477.0,2244.538825220219,2695.0,450.4611747797808,200.6920841458755,False
Z-d0fcc912fcc9,Zona Z-d0fcc912fcc9,section,B-1106,exact_harmonisation,2798.0,2715.8436496073746,2917.0,201.15635039262543,74.06772124813087,False
Z-d1afc80a4982,Zona Z-d1afc80a4982,section,B-1505,exact_harmonisation,1427.0,1293.9763175415064,1315.0,21.023682458493568,16.247347168175047,False
Z-d41cb251cffe,Zona Z-d41cb251cffe,section,B-2001,exact_harmonisation,1684.0,1507.8655853536584,1878.0,370.1344146463416,245.4691043031726,False
Z-d613ebb1117e,Zona Z-d613ebb1117e,section,B-1401,exact_harmonisation,1350.0,1179.586786792261,1260.0,80.41321320773909,68.17066290341619,False
Z-d6ea766ec582,Zona Z-d6ea766ec582,section,B-0907,exact_harmonisation,2813.0,2682.901981918264,2502.0,-180.90198191826403,-67.42772681874865,False
Z-d8f9b4484784,Zona Z-d8f9b4484784,section,B-0605,exact_harmonisation,2069.0,1906.5070517310344,2007.0,100.49294826896562,52.71050436331821,False
Z-d90940e67d2b,Zona Z-d90940e67d2b,section,B-0907,exact_harmonisation,5239.0,5020.558799715926,5272.0,251.4412002840736,50.082313605868066,False
Z-d9a9d4fc68a6,Zona Z-d9a9d4fc68a6,section,B-1007,exact_harmonisation,2000.0,1809.325054700761,1926.0,116.67494529923897,64.48534219769344,False
Z-da9f03a6c74d,Zona Z-da9f03a6c74d,section,B-1801+1803,exact_harmonisation,9356.0,9022.965509019374,12893.0,3870.0344909806263,428.9093743195773,False
Z-dac3bbe77ffb,Zona Z-dac3bbe77ffb,section,B-0804,exact_harmonisation,1529.0,1367.45202086997,1561.0,193.54797913002994,141.53913715151418,False
Z-e11bbcbb5899,Zona Z-e11bbcbb5899,section,B-1104,exact_harmonisation,2010.0,1812.934274598941,2411.0,598.0657254010589,329.88825561994713,False
Z-e1548bfa33f4,Zona Z-e1548bfa33f4,section,B-1606+2102+2103+2104+2105,exact_harmonisation,3356.0,3279.5064841449403,3305.0,25.49351585505974,7.773583000463748,False
Z-e670756f9311,Zona Z-e670756f9311,section,B-0506,exact_harmonisation,2420.0,2269.7557584747806,2289.0,19.244241525219422,8.47855169146088,False
Z-e6a72b53ff34,Zona Z-e6a72b53ff34,section,B-1801+1803,exact_harmonisation,5429.0,5330.435755746499,6981.0,1650.5642442535009,309.64902681250834,False
Z-e73097440dae,Zona Z-e73097440dae,section,B-0808,exact_harmonisation,3197.0,3134.8414251156732,3282.0,147.15857488432675,46.94290872428952,False
Z-e8b5812039cd,Zona Z-e8b5812039cd,section,B-1005,exact_harmonisation,1821.0,1639.7690388993346,1971.0,331.23096110066535,201.9985456750654,False
Z-e906ade78909,Zona Z-e906ade78909,section,B-1403,exact_harmonisation,1475.0,1253.016891330507,1353.0,99.98310866949305,79.79390330750188,False
Z-eb3fd192bfff,Zona Z-eb3fd192bfff,section,B-0803,exact_harmonisation,2511.0,2325.400517137682,2610.0,284.5994828623179,122.3872966247678,False
Z-ee0668b6cf33,Zona Z-ee0668b6cf33,section,B-1703,exact_harmonisation,2268.0,2222.8112144773836,5472.0,3249.1887855226164,1461.747522398815,False
Z-ef1e7eb0f4c7,Zona Z-ef1e7eb0f4c7,section,B-1106,exact_harmonisation,3071.0,3002.7271036454354,2949.0,-53.72710364543536,-17.89276940292324,False
Z-f2b3fb5c1477,Zona Z-f2b3fb5c1477,section,B-1606+2102+2103+2104+2105,exact_harmonisation,2549.0,2439.4201822337986,2930.0,490.57981776620136,201.105091012641,False
Z-f80c988065e9,Zona Z-f80c988065e9,section,B-0101,exact_harmonisation,2819.0,2590.3542366059282,3224.0,633.6457633940718,244.61741735536557,False
Z-f8b7e4c1dcac,Zona Z-f8b7e4c1dcac,section,B-0806,exact_harmonisation,3168.0,3115.929142287365,4327.0,1211.0708577126352,388.6708594482361,False
Z-f8f48940254a,Zona Z-f8f48940254a,section,B-1701,exact_harmonisation,1816.0,1740.5808808505942,2621.0,880.4191191494058,505.8191370682866,False
Z-f90682e0eb72,Zona Z-f90682e0eb72,section,B-1403,exact_harmonisation,2359.0,2216.235398399684,2019.0,-197.23539839968407,-88.9956899624044,False
